id,type,name,latitude,longitude,address,purpose,managingAgency,sourceDatasetId,sourceRecordId,sourceUpdatedAt,collectedAt
gwangjin:cctv:공원-013,cctv,공원방범 CCTV · 공원-013,37.5357286283287,127.077642191898,아차산로40길 46 (자양동),공원방범,서울특별시 광진구,gwangjin-cctv-installations,공원-013,2025-09-25T00:00:00+09:00,2026-09-13T15:06:53.138Z
gwangjin:cctv:공원-015,cctv,공원방범 CCTV · 공원-015,37.5336052389476,127.070019965032,뚝섬로34길 25-19 (자양동),공원방범,서울특별시 광진구,gwangjin-cctv-installations,공원-015,2025-09-25T00:00:00+09:00,2026-09-13T15:06:53.138Z
gwangjin:cctv:공원-016,cctv,공원방범 CCTV · 공원-016,37.5392063473026,127.068237769212,아차산로32길 17 (자양동),공원방범,서울특별시 광진구,gwangjin-cctv-installations,공원-016,2025-09-25T00:00:00+09:00,2026-09-13T15:06:53.138Z
gwangjin:cctv:공원-017,cctv,공원방범 CCTV · 공원-017,37.5390148577096,127.068551935378,아차산로32길 17 (자양동),공원방범,서울특별시 광진구,gwangjin-cctv-installations,공원-017,2025-09-25T00:00:00+09:00,2026-09-13T15:06:53.138Z
gwangjin:cctv:공원-018,cctv,공원방범 CCTV · 공원-018,37.5385745922411,127.081733655704,자양1동 859-1,공원방범,서울특별시 광진구,gwangjin-cctv-installations,공원-018,2025-09-25T00:00:00+09:00,2026-09-13T15:06:53.138Z
gwangjin:cctv:공원-019,cctv,공원방범 CCTV · 공원-019,37.5349774592187,127.067861735856,자양4동 553-22,공원방범,서울특별시 광진구,gwangjin-cctv-installations,공원-019,2025-09-25T00:00:00+09:00,2026-09-13T15:06:53.138Z
gwangjin:cctv:공원-027,cctv,공원방범 CCTV · 공원-027,37.5465405384149,127.067696521015,동일로28길 16 (화양동),공원방범,서울특별시 광진구,gwangjin-cctv-installations,공원-027,2025-09-25T00:00:00+09:00,2026-09-13T15:06:53.138Z
gwangjin:cctv:공원-028,cctv,공원방범 CCTV · 공원-028,37.5428310535135,127.066790400402,아차산로25길 27 (화양동),공원방범,서울특별시 광진구,gwangjin-cctv-installations,공원-028,2025-09-25T00:00:00+09:00,2026-09-13T15:06:53.138Z
gwangjin:cctv:공원-029,cctv,공원방범 CCTV · 공원-029,37.5463505944691,127.071837813085,,공원방범,서울특별시 광진구,gwangjin-cctv-installations,공원-029,2025-09-25T00:00:00+09:00,2026-09-13T15:06:53.138Z
gwangjin:cctv:공원-030,cctv,공원방범 CCTV · 공원-030,37.5445483293668,127.070602013222,군자로3길 15 (화양동),공원방범,서울특별시 광진구,gwangjin-cctv-installations,공원-030,2025-09-25T00:00:00+09:00,2026-09-13T15:06:53.138Z
gwangjin:cctv:공원-031,cctv,공원방범 CCTV · 공원-031,37.5414631363744,127.069830331158,아차산로31길 14 (화양동),공원방범,서울특별시 광진구,gwangjin-cctv-installations,공원-031,2025-09-25T00:00:00+09:00,2026-09-13T15:06:53.138Z
gwangjin:cctv:공원-059,cctv,공원방범 CCTV · 공원-059,37.5358665630018,127.067785517257,,공원방범,서울특별시 광진구,gwangjin-cctv-installations,공원-059,2025-09-25T00:00:00+09:00,2026-09-13T15:06:53.138Z
gwangjin:cctv:공원-084,cctv,공원방범 CCTV · 공원-084,37.5370142864406,127.068984014399,,공원방범,서울특별시 광진구,gwangjin-cctv-installations,공원-084,2025-09-25T00:00:00+09:00,2026-09-13T15:06:53.138Z
gwangjin:cctv:공원-092,cctv,공원방범 CCTV · 공원-092,37.5352,127.068229,,공원방범,서울특별시 광진구,gwangjin-cctv-installations,공원-092,2025-09-25T00:00:00+09:00,2026-09-13T15:06:53.138Z
gwangjin:cctv:공원-100,cctv,공원방범 CCTV · 공원-100,37.5357200795239,127.077888673622,아차산로40길 46,공원방범,서울특별시 광진구,gwangjin-cctv-installations,공원-100,2025-09-25T00:00:00+09:00,2026-09-13T15:06:53.138Z
gwangjin:cctv:공원-102,cctv,공원방범 CCTV · 공원-102,37.5463572488646,127.068112015235,동일로28길 16,공원방범,서울특별시 광진구,gwangjin-cctv-installations,공원-102,2025-09-25T00:00:00+09:00,2026-09-13T15:06:53.138Z
gwangjin:cctv:공원-103,cctv,공원방범 CCTV · 공원-103,37.5414919140248,127.069540705944,아차산로 31길 14,공원방범,서울특별시 광진구,gwangjin-cctv-installations,공원-103,2025-09-25T00:00:00+09:00,2026-09-13T15:06:53.138Z
gwangjin:cctv:공원-106,cctv,공원방범 CCTV · 공원-106,37.5476108146229,127.07370031498,광나루로 389,공원방범,서울특별시 광진구,gwangjin-cctv-installations,공원-106,2025-09-25T00:00:00+09:00,2026-09-13T15:06:53.138Z
gwangjin:cctv:공원-114,cctv,공원방범 CCTV · 공원-114,37.546453222311,127.067782321934,동일로28길 16,공원방범,서울특별시 광진구,gwangjin-cctv-installations,공원-114,2025-09-25T00:00:00+09:00,2026-09-13T15:06:53.138Z
gwangjin:cctv:공원-118,cctv,공원방범 CCTV · 공원-118,37.54508295,127.0762768,,공원방범,서울특별시 광진구,gwangjin-cctv-installations,공원-118,2025-09-25T00:00:00+09:00,2026-09-13T15:06:53.138Z
gwangjin:cctv:공원-123,cctv,공원방범 CCTV · 공원-123,37.5363109523781,127.08001899331,,공원방범,서울특별시 광진구,gwangjin-cctv-installations,공원-123,2025-09-25T00:00:00+09:00,2026-09-13T15:06:53.138Z
gwangjin:cctv:공원-129,cctv,공원방범 CCTV · 공원-129,37.53845715,127.0814493,,공원방범,서울특별시 광진구,gwangjin-cctv-installations,공원-129,2025-09-25T00:00:00+09:00,2026-09-13T15:06:53.138Z
gwangjin:cctv:공원-158,cctv,공원방범 CCTV · 공원-158,37.5426762412757,127.067067569234,아차산로25길 27,공원방범,서울특별시 광진구,gwangjin-cctv-installations,공원-158,2025-09-25T00:00:00+09:00,2026-09-13T15:06:53.138Z
gwangjin:cctv:공원-184,cctv,공원방범 CCTV · 공원-184,37.5456422347765,127.07965258387,광나루로 447,공원방범,서울특별시 광진구,gwangjin-cctv-installations,공원-184,2025-09-25T00:00:00+09:00,2026-09-13T15:06:53.138Z
gwangjin:cctv:공원-199,cctv,공원방범 CCTV · 공원-199,37.5425993900417,127.067015856239,아차산로 25길 27,공원방범,서울특별시 광진구,gwangjin-cctv-installations,공원-199,2025-09-25T00:00:00+09:00,2026-09-13T15:06:53.138Z
gwangjin:cctv:공원-200,cctv,공원방범 CCTV · 공원-200,37.5442841667185,127.070444625927,군자로 3길 15,공원방범,서울특별시 광진구,gwangjin-cctv-installations,공원-200,2025-09-25T00:00:00+09:00,2026-09-13T15:06:53.138Z
gwangjin:cctv:공원-201,cctv,공원방범 CCTV · 공원-201,37.5476779370387,127.073257604109,광나루로 389,공원방범,서울특별시 광진구,gwangjin-cctv-installations,공원-201,2025-09-25T00:00:00+09:00,2026-09-13T15:06:53.138Z
gwangjin:cctv:공원-218,cctv,공원방범 CCTV · 공원-218,37.536665,127.064219,뚝섬로 481,공원방범,서울특별시 광진구,gwangjin-cctv-installations,공원-218,2025-09-25T00:00:00+09:00,2026-09-13T15:06:53.138Z
gwangjin:cctv:공원-219,cctv,공원방범 CCTV · 공원-219,37.536619,127.064464,뚝섬로 481,공원방범,서울특별시 광진구,gwangjin-cctv-installations,공원-219,2025-09-25T00:00:00+09:00,2026-09-13T15:06:53.138Z
gwangjin:cctv:공원-220,cctv,공원방범 CCTV · 공원-220,37.536962,127.064372,뚝섬로 481,공원방범,서울특별시 광진구,gwangjin-cctv-installations,공원-220,2025-09-25T00:00:00+09:00,2026-09-13T15:06:53.138Z
gwangjin:cctv:다목적-009,cctv,다목적 CCTV · 다목적-009,37.5435412090377,127.082653191088,광나루로30나길 17 (구의동),다목적,서울특별시 광진구,gwangjin-cctv-installations,다목적-009,2025-09-25T00:00:00+09:00,2026-09-13T15:06:53.138Z
gwangjin:cctv:다목적-019,cctv,다목적 CCTV · 다목적-019,37.5466830241873,127.072040228934,광나루로 18길 21 (화양동),다목적,서울특별시 광진구,gwangjin-cctv-installations,다목적-019,2025-09-25T00:00:00+09:00,2026-09-13T15:06:53.138Z
gwangjin:cctv:다목적-026,cctv,다목적 CCTV · 다목적-026,37.5351519904078,127.068604329699,능동로 42 (자양동),다목적,서울특별시 광진구,gwangjin-cctv-installations,다목적-026,2025-09-25T00:00:00+09:00,2026-09-13T15:06:53.138Z
gwangjin:cctv:다목적-032,cctv,다목적 CCTV · 다목적-032,37.53618554,127.0735616,뚝섬로 561,다목적,서울특별시 광진구,gwangjin-cctv-installations,다목적-032,2025-09-25T00:00:00+09:00,2026-09-13T15:06:53.138Z
gwangjin:cctv:다목적-034,cctv,다목적 CCTV · 다목적-034,37.5342671001906,127.068951288228,능동로6길 16 학교 정문 앞,다목적,서울특별시 광진구,gwangjin-cctv-installations,다목적-034,2025-09-25T00:00:00+09:00,2026-09-13T15:06:53.138Z
gwangjin:cctv:다목적-036,cctv,다목적 CCTV · 다목적-036,37.5488090396448,127.070781266905,군자로 70 두산위브 앞,다목적,서울특별시 광진구,gwangjin-cctv-installations,다목적-036,2025-09-25T00:00:00+09:00,2026-09-13T15:06:53.138Z
gwangjin:cctv:다목적-039,cctv,다목적 CCTV · 다목적-039,37.5408406638459,127.066096696726,아차산로 200 (자양동),다목적,서울특별시 광진구,gwangjin-cctv-installations,다목적-039,2025-09-25T00:00:00+09:00,2026-09-13T15:06:53.138Z
gwangjin:cctv:생활방범-043,cctv,생활방범 CCTV · 생활방범-043,37.5442154105116,127.082459222272,광나루로30가길 9 (구의동),생활방범,서울특별시 광진구,gwangjin-cctv-installations,생활방범-043,2025-09-25T00:00:00+09:00,2026-09-13T15:06:53.138Z
gwangjin:cctv:생활방범-108,cctv,생활방범 CCTV · 생활방범-108,37.5502904026991,127.070660280967,능동로27길 9 (군자동),생활방범,서울특별시 광진구,gwangjin-cctv-installations,생활방범-108,2025-09-25T00:00:00+09:00,2026-09-13T15:06:53.138Z
gwangjin:cctv:생활방범-109,cctv,생활방범 CCTV · 생활방범-109,37.5482793588264,127.072682671922,광나루로17길 14 (군자동),생활방범,서울특별시 광진구,gwangjin-cctv-installations,생활방범-109,2025-09-25T00:00:00+09:00,2026-09-13T15:06:53.138Z
gwangjin:cctv:생활방범-134,cctv,생활방범 CCTV · 생활방범-134,37.5394613617129,127.081291832487,자양로21길 35 (자양동),생활방범,서울특별시 광진구,gwangjin-cctv-installations,생활방범-134,2025-09-25T00:00:00+09:00,2026-09-13T15:06:53.138Z
gwangjin:cctv:생활방범-135,cctv,생활방범 CCTV · 생활방범-135,37.536029475889,127.080845917206,아차산로46길 23 (자양동),생활방범,서울특별시 광진구,gwangjin-cctv-installations,생활방범-135,2025-09-25T00:00:00+09:00,2026-09-13T15:06:53.138Z
gwangjin:cctv:생활방범-139,cctv,생활방범 CCTV · 생활방범-139,37.534871,127.0789,자양로15길84,생활방범,서울특별시 광진구,gwangjin-cctv-installations,생활방범-139,2025-09-25T00:00:00+09:00,2026-09-13T15:06:53.138Z
gwangjin:cctv:생활방범-150,cctv,생활방범 CCTV · 생활방범-150,37.5398184629998,127.082247601458,자양로21길 14 (자양동),생활방범,서울특별시 광진구,gwangjin-cctv-installations,생활방범-150,2025-09-25T00:00:00+09:00,2026-09-13T15:06:53.138Z
gwangjin:cctv:생활방범-151,cctv,생활방범 CCTV · 생활방범-151,37.5384124147186,127.080978081907,자양로19길 48-4 (자양동),생활방범,서울특별시 광진구,gwangjin-cctv-installations,생활방범-151,2025-09-25T00:00:00+09:00,2026-09-13T15:06:53.138Z
gwangjin:cctv:생활방범-152,cctv,생활방범 CCTV · 생활방범-152,37.5381610704263,127.080440873089,자양로19길 54 (자양동),생활방범,서울특별시 광진구,gwangjin-cctv-installations,생활방범-152,2025-09-25T00:00:00+09:00,2026-09-13T15:06:53.138Z
gwangjin:cctv:생활방범-171,cctv,생활방범 CCTV · 생활방범-171,37.5374888214033,127.076620185995,자양번영로11길 4-9 (자양동),생활방범,서울특별시 광진구,gwangjin-cctv-installations,생활방범-171,2025-09-25T00:00:00+09:00,2026-09-13T15:06:53.138Z
gwangjin:cctv:생활방범-172,cctv,생활방범 CCTV · 생활방범-172,37.5373325765658,127.075077209011,자양번영로11길 29 (자양동),생활방범,서울특별시 광진구,gwangjin-cctv-installations,생활방범-172,2025-09-25T00:00:00+09:00,2026-09-13T15:06:53.138Z
gwangjin:cctv:생활방범-173,cctv,생활방범 CCTV · 생활방범-173,37.5384589123679,127.075004581515,아차산로 288 (자양동),생활방범,서울특별시 광진구,gwangjin-cctv-installations,생활방범-173,2025-09-25T00:00:00+09:00,2026-09-13T15:06:53.138Z
gwangjin:cctv:생활방범-174,cctv,생활방범 CCTV · 생활방범-174,37.5368827825789,127.074423245555,자양번영로11길 37-14 (자양동),생활방범,서울특별시 광진구,gwangjin-cctv-installations,생활방범-174,2025-09-25T00:00:00+09:00,2026-09-13T15:06:53.138Z
gwangjin:cctv:생활방범-175,cctv,생활방범 CCTV · 생활방범-175,37.5367410729622,127.075993637672,자양번영로9길 6-7 (자양동),생활방범,서울특별시 광진구,gwangjin-cctv-installations,생활방범-175,2025-09-25T00:00:00+09:00,2026-09-13T15:06:53.138Z
gwangjin:cctv:생활방범-176,cctv,생활방범 CCTV · 생활방범-176,37.5362012087564,127.075856132263,자양번영로7길 12-7 (자양동),생활방범,서울특별시 광진구,gwangjin-cctv-installations,생활방범-176,2025-09-25T00:00:00+09:00,2026-09-13T15:06:53.138Z
gwangjin:cctv:생활방범-178,cctv,생활방범 CCTV · 생활방범-178,37.5381207623091,127.075370220778,아차산로38길 5-16 (자양동),생활방범,서울특별시 광진구,gwangjin-cctv-installations,생활방범-178,2025-09-25T00:00:00+09:00,2026-09-13T15:06:53.138Z
gwangjin:cctv:생활방범-181,cctv,생활방범 CCTV · 생활방범-181,37.53611088,127.0707386,능동로8길 28 (자양동),생활방범,서울특별시 광진구,gwangjin-cctv-installations,생활방범-181,2025-09-25T00:00:00+09:00,2026-09-13T15:06:53.138Z
gwangjin:cctv:생활방범-183,cctv,생활방범 CCTV · 생활방범-183,37.5336379124452,127.071381208304,뚝섬로36길 15 (자양동),생활방범,서울특별시 광진구,gwangjin-cctv-installations,생활방범-183,2025-09-25T00:00:00+09:00,2026-09-13T15:06:53.138Z
gwangjin:cctv:생활방범-188,cctv,생활방범 CCTV · 생활방범-188,37.5375988448429,127.064062361531,동일로10길 42 (자양동),생활방범,서울특별시 광진구,gwangjin-cctv-installations,생활방범-188,2025-09-25T00:00:00+09:00,2026-09-13T15:06:53.138Z
gwangjin:cctv:생활방범-189,cctv,생활방범 CCTV · 생활방범-189,37.5365473884213,127.065122094409,뚝섬로 491 (자양동),생활방범,서울특별시 광진구,gwangjin-cctv-installations,생활방범-189,2025-09-25T00:00:00+09:00,2026-09-13T15:06:53.138Z
gwangjin:cctv:생활방범-195,cctv,생활방범 CCTV · 생활방범-195,37.539954,127.067448,아차산로30길 18,생활방범,서울특별시 광진구,gwangjin-cctv-installations,생활방범-195,2025-09-25T00:00:00+09:00,2026-09-13T15:06:53.138Z
gwangjin:cctv:생활방범-196,cctv,생활방범 CCTV · 생활방범-196,37.5389453892668,127.068101691454,아차산로32길 21 (자양동),생활방범,서울특별시 광진구,gwangjin-cctv-installations,생활방범-196,2025-09-25T00:00:00+09:00,2026-09-13T15:06:53.138Z
gwangjin:cctv:생활방범-197,cctv,생활방범 CCTV · 생활방범-197,37.5388934374799,127.066879528164,아차산로30길 39 (자양동),생활방범,서울특별시 광진구,gwangjin-cctv-installations,생활방범-197,2025-09-25T00:00:00+09:00,2026-09-13T15:06:53.138Z
gwangjin:cctv:생활방범-198,cctv,생활방범 CCTV · 생활방범-198,37.5393001932079,127.065275625271,동일로18길 44 (자양동),생활방범,서울특별시 광진구,gwangjin-cctv-installations,생활방범-198,2025-09-25T00:00:00+09:00,2026-09-13T15:06:53.138Z
gwangjin:cctv:생활방범-200,cctv,생활방범 CCTV · 생활방범-200,37.5406239240458,127.064054192294,아차산로22길 27 (자양동),생활방범,서울특별시 광진구,gwangjin-cctv-installations,생활방범-200,2025-09-25T00:00:00+09:00,2026-09-13T15:06:53.138Z
gwangjin:cctv:생활방범-206,cctv,생활방범 CCTV · 생활방범-206,37.53886629,127.0626079,동일로10길 5 (자양동),생활방범,서울특별시 광진구,gwangjin-cctv-installations,생활방범-206,2025-09-25T00:00:00+09:00,2026-09-13T15:06:53.138Z
gwangjin:cctv:생활방범-207,cctv,생활방범 CCTV · 생활방범-207,37.537755,127.067979,능동로9길 23,생활방범,서울특별시 광진구,gwangjin-cctv-installations,생활방범-207,2025-09-25T00:00:00+09:00,2026-09-13T15:06:53.138Z
gwangjin:cctv:생활방범-208,cctv,생활방범 CCTV · 생활방범-208,37.5346579206345,127.067152633923,뚝섬로32길 17 (자양동),생활방범,서울특별시 광진구,gwangjin-cctv-installations,생활방범-208,2025-09-25T00:00:00+09:00,2026-09-13T15:06:53.138Z
gwangjin:cctv:생활방범-209,cctv,생활방범 CCTV · 생활방범-209,37.536515,127.067459,능동로5길 7,생활방범,서울특별시 광진구,gwangjin-cctv-installations,생활방범-209,2025-09-25T00:00:00+09:00,2026-09-13T15:06:53.138Z
gwangjin:cctv:생활방범-210,cctv,생활방범 CCTV · 생활방범-210,37.5352654881866,127.066465256144,뚝섬로30길 15 (자양동),생활방범,서울특별시 광진구,gwangjin-cctv-installations,생활방범-210,2025-09-25T00:00:00+09:00,2026-09-13T15:06:53.138Z
gwangjin:cctv:생활방범-212,cctv,생활방범 CCTV · 생활방범-212,37.5394537405475,127.063322765756,동일로12길 20 (자양동),생활방범,서울특별시 광진구,gwangjin-cctv-installations,생활방범-212,2025-09-25T00:00:00+09:00,2026-09-13T15:06:53.138Z
gwangjin:cctv:생활방범-213,cctv,생활방범 CCTV · 생활방범-213,37.538289764137,127.063341458408,동일로10길 25 (자양동),생활방범,서울특별시 광진구,gwangjin-cctv-installations,생활방범-213,2025-09-25T00:00:00+09:00,2026-09-13T15:06:53.138Z
gwangjin:cctv:생활방범-214,cctv,생활방범 CCTV · 생활방범-214,37.5390042914522,127.064579748203,동일로18가길 13 (자양동),생활방범,서울특별시 광진구,gwangjin-cctv-installations,생활방범-214,2025-09-25T00:00:00+09:00,2026-09-13T15:06:53.138Z
gwangjin:cctv:생활방범-215,cctv,생활방범 CCTV · 생활방범-215,37.5382159517951,127.064334334261,동일로10나길 18 (자양동),생활방범,서울특별시 광진구,gwangjin-cctv-installations,생활방범-215,2025-09-25T00:00:00+09:00,2026-09-13T15:06:53.138Z
gwangjin:cctv:생활방범-216,cctv,생활방범 CCTV · 생활방범-216,37.5385837261976,127.065313591271,동일로18나길 24 (자양동),생활방범,서울특별시 광진구,gwangjin-cctv-installations,생활방범-216,2025-09-25T00:00:00+09:00,2026-09-13T15:06:53.138Z
gwangjin:cctv:생활방범-217,cctv,생활방범 CCTV · 생활방범-217,37.5379047037762,127.065465908973,뚝섬로23가길 11 (자양동),생활방범,서울특별시 광진구,gwangjin-cctv-installations,생활방범-217,2025-09-25T00:00:00+09:00,2026-09-13T15:06:53.138Z
gwangjin:cctv:생활방범-310,cctv,생활방범 CCTV · 생활방범-310,37.54429231,127.0653445,아차산로21길 47 (화양동),생활방범,서울특별시 광진구,gwangjin-cctv-installations,생활방범-310,2025-09-25T00:00:00+09:00,2026-09-13T15:06:53.138Z
gwangjin:cctv:생활방범-311,cctv,생활방범 CCTV · 생활방범-311,37.5461790454761,127.067904359878,동일로28길 16 (화양동),생활방범,서울특별시 광진구,gwangjin-cctv-installations,생활방범-311,2025-09-25T00:00:00+09:00,2026-09-13T15:06:53.138Z
gwangjin:cctv:생활방범-312,cctv,생활방범 CCTV · 생활방범-312,37.5450984859965,127.067489089995,아차산로23길 68 (화양동),생활방범,서울특별시 광진구,gwangjin-cctv-installations,생활방범-312,2025-09-25T00:00:00+09:00,2026-09-13T15:06:53.138Z
gwangjin:cctv:생활방범-313,cctv,생활방범 CCTV · 생활방범-313,37.54291539,127.0671616,아차산로25길 27 (화양동),생활방범,서울특별시 광진구,gwangjin-cctv-installations,생활방범-313,2025-09-25T00:00:00+09:00,2026-09-13T15:06:53.138Z
gwangjin:cctv:생활방범-314,cctv,생활방범 CCTV · 생활방범-314,37.5431233283398,127.068275827075,동일로24길 56 (화양동),생활방범,서울특별시 광진구,gwangjin-cctv-installations,생활방범-314,2025-09-25T00:00:00+09:00,2026-09-13T15:06:53.138Z
gwangjin:cctv:생활방범-315,cctv,생활방범 CCTV · 생활방범-315,37.5422003505862,127.065926208159,동일로22길 28 (화양동),생활방범,서울특별시 광진구,gwangjin-cctv-installations,생활방범-315,2025-09-25T00:00:00+09:00,2026-09-13T15:06:53.138Z
gwangjin:cctv:생활방범-317,cctv,생활방범 CCTV · 생활방범-317,37.5406322667665,127.070480262323,아차산로 241 (화양동),생활방범,서울특별시 광진구,gwangjin-cctv-installations,생활방범-317,2025-09-25T00:00:00+09:00,2026-09-13T15:06:53.138Z
gwangjin:cctv:생활방범-319,cctv,생활방범 CCTV · 생활방범-319,37.5436922256047,127.070687357907,군자로3길 25-16 (화양동),생활방범,서울특별시 광진구,gwangjin-cctv-installations,생활방범-319,2025-09-25T00:00:00+09:00,2026-09-13T15:06:53.138Z
gwangjin:cctv:생활방범-320,cctv,생활방범 CCTV · 생활방범-320,37.5455484023902,127.069547577756,군자로5길 18-12 (화양동),생활방범,서울특별시 광진구,gwangjin-cctv-installations,생활방범-320,2025-09-25T00:00:00+09:00,2026-09-13T15:06:53.138Z
gwangjin:cctv:생활방범-321,cctv,생활방범 CCTV · 생활방범-321,37.5454818270288,127.074135097953,긴고랑로46길 11 (화양동),생활방범,서울특별시 광진구,gwangjin-cctv-installations,생활방범-321,2025-09-25T00:00:00+09:00,2026-09-13T15:06:53.138Z
gwangjin:cctv:생활방범-322,cctv,생활방범 CCTV · 생활방범-322,37.5454229007514,127.068680035395,능동로13길 88 (화양동),생활방범,서울특별시 광진구,gwangjin-cctv-installations,생활방범-322,2025-09-25T00:00:00+09:00,2026-09-13T15:06:53.138Z
gwangjin:cctv:생활방범-323,cctv,생활방범 CCTV · 생활방범-323,37.5462561066357,127.068854989413,동일로28길 38 (화양동),생활방범,서울특별시 광진구,gwangjin-cctv-installations,생활방범-323,2025-09-25T00:00:00+09:00,2026-09-13T15:06:53.138Z
gwangjin:cctv:생활방범-324,cctv,생활방범 CCTV · 생활방범-324,37.5433820744259,127.067503260675,아차산로25길 48 (화양동),생활방범,서울특별시 광진구,gwangjin-cctv-installations,생활방범-324,2025-09-25T00:00:00+09:00,2026-09-13T15:06:53.138Z
gwangjin:cctv:생활방범-325,cctv,생활방범 CCTV · 생활방범-325,37.541386534408,127.06829574017,동일로22길 71 (화양동),생활방범,서울특별시 광진구,gwangjin-cctv-installations,생활방범-325,2025-09-25T00:00:00+09:00,2026-09-13T15:06:53.138Z
gwangjin:cctv:생활방범-326,cctv,생활방범 CCTV · 생활방범-326,37.5456407855032,127.07608321718,광나루로24길 12 (화양동),생활방범,서울특별시 광진구,gwangjin-cctv-installations,생활방범-326,2025-09-25T00:00:00+09:00,2026-09-13T15:06:53.138Z
gwangjin:cctv:생활방범-327,cctv,생활방범 CCTV · 생활방범-327,37.5462640656664,127.075228312162,광나루로22길 7,생활방범,서울특별시 광진구,gwangjin-cctv-installations,생활방범-327,2025-09-25T00:00:00+09:00,2026-09-13T15:06:53.138Z
gwangjin:cctv:생활방범-328,cctv,생활방범 CCTV · 생활방범-328,37.5450841186425,127.075383186783,광나루로20가길 21 (화양동),생활방범,서울특별시 광진구,gwangjin-cctv-installations,생활방범-328,2025-09-25T00:00:00+09:00,2026-09-13T15:06:53.138Z
gwangjin:cctv:생활방범-329,cctv,생활방범 CCTV · 생활방범-329,37.5453714768742,127.077258452795,광나루로26길 24 (화양동),생활방범,서울특별시 광진구,gwangjin-cctv-installations,생활방범-329,2025-09-25T00:00:00+09:00,2026-09-13T15:06:53.138Z
gwangjin:cctv:생활방범-330,cctv,생활방범 CCTV · 생활방범-330,37.5416126052424,127.069529591197,아차산로31길 14 (화양동),생활방범,서울특별시 광진구,gwangjin-cctv-installations,생활방범-330,2025-09-25T00:00:00+09:00,2026-09-13T15:06:53.138Z
gwangjin:cctv:생활방범-341,cctv,생활방범 CCTV · 생활방범-341,37.5343069768426,127.077947366651,자양로15길 108 (자양동),생활방범,서울특별시 광진구,gwangjin-cctv-installations,생활방범-341,2025-09-25T00:00:00+09:00,2026-09-13T15:06:53.138Z
gwangjin:cctv:생활방범-345,cctv,생활방범 CCTV · 생활방범-345,37.5464328982587,127.070281899413,군자로 38 (화양동),생활방범,서울특별시 광진구,gwangjin-cctv-installations,생활방범-345,2025-09-25T00:00:00+09:00,2026-09-13T15:06:53.138Z
gwangjin:cctv:생활방범-349,cctv,생활방범 CCTV · 생활방범-349,37.5378509179003,127.075163385672,자양번영로13길 32 (자양동),생활방범,서울특별시 광진구,gwangjin-cctv-installations,생활방범-349,2025-09-25T00:00:00+09:00,2026-09-13T15:06:53.138Z
gwangjin:cctv:생활방범-350,cctv,생활방범 CCTV · 생활방범-350,37.5392272375055,127.069367615227,동일로20길 106 (자양동),생활방범,서울특별시 광진구,gwangjin-cctv-installations,생활방범-350,2025-09-25T00:00:00+09:00,2026-09-13T15:06:53.138Z
gwangjin:cctv:생활방범-355,cctv,생활방범 CCTV · 생활방범-355,37.5460619489158,127.067100103615,아차산로21길 97(화양동),생활방범,서울특별시 광진구,gwangjin-cctv-installations,생활방범-355,2025-09-25T00:00:00+09:00,2026-09-13T15:06:53.138Z
gwangjin:cctv:생활방범-356,cctv,생활방범 CCTV · 생활방범-356,37.5488073173895,127.072699531898,광나루로17길 14-14 (군자동),생활방범,서울특별시 광진구,gwangjin-cctv-installations,생활방범-356,2025-09-25T00:00:00+09:00,2026-09-13T15:06:53.138Z
gwangjin:cctv:생활방범-358,cctv,생활방범 CCTV · 생활방범-358,37.534349493782,127.076629956192,자양번영로8길 7 (자양동),생활방범,서울특별시 광진구,gwangjin-cctv-installations,생활방범-358,2025-09-25T00:00:00+09:00,2026-09-13T15:06:53.138Z
gwangjin:cctv:생활방범-360,cctv,생활방범 CCTV · 생활방범-360,37.5369218963564,127.076723520152,자양번영로 81 (자양동),생활방범,서울특별시 광진구,gwangjin-cctv-installations,생활방범-360,2025-09-25T00:00:00+09:00,2026-09-13T15:06:53.138Z
gwangjin:cctv:생활방범-379,cctv,생활방범 CCTV · 생활방범-379,37.5356424844132,127.064988730485,동일로4길 74 (자양동),생활방범,서울특별시 광진구,gwangjin-cctv-installations,생활방범-379,2025-09-25T00:00:00+09:00,2026-09-13T15:06:53.138Z
gwangjin:cctv:생활방범-381,cctv,생활방범 CCTV · 생활방범-381,37.5345843829211,127.068425509427,능동로 49 (자양동),생활방범,서울특별시 광진구,gwangjin-cctv-installations,생활방범-381,2025-09-25T00:00:00+09:00,2026-09-13T15:06:53.138Z
gwangjin:cctv:생활방범-383,cctv,생활방범 CCTV · 생활방범-383,37.5435928177752,127.068241367587,아차산로27길 45-6 (화양동),생활방범,서울특별시 광진구,gwangjin-cctv-installations,생활방범-383,2025-09-25T00:00:00+09:00,2026-09-13T15:06:53.138Z
gwangjin:cctv:생활방범-384,cctv,생활방범 CCTV · 생활방범-384,37.5450053625891,127.077995711872,광나루로24길 53 (화양동),생활방범,서울특별시 광진구,gwangjin-cctv-installations,생활방범-384,2025-09-25T00:00:00+09:00,2026-09-13T15:06:53.138Z
gwangjin:cctv:생활방범-396,cctv,생활방범 CCTV · 생활방범-396,37.5431711279877,127.08364638735,자양로23길 65 (구의동),생활방범,서울특별시 광진구,gwangjin-cctv-installations,생활방범-396,2025-09-25T00:00:00+09:00,2026-09-13T15:06:53.138Z
gwangjin:cctv:생활방범-406,cctv,생활방범 CCTV · 생활방범-406,37.5498659650083,127.069656176279,동일로34길 19 (군자동),생활방범,서울특별시 광진구,gwangjin-cctv-installations,생활방범-406,2025-09-25T00:00:00+09:00,2026-09-13T15:06:53.138Z
gwangjin:cctv:생활방범-407,cctv,생활방범 CCTV · 생활방범-407,37.549464776722,127.068801025151,광나루로13길 30 (군자동),생활방범,서울특별시 광진구,gwangjin-cctv-installations,생활방범-407,2025-09-25T00:00:00+09:00,2026-09-13T15:06:53.138Z
gwangjin:cctv:생활방범-409,cctv,생활방범 CCTV · 생활방범-409,37.5363745868696,127.078172347682,아차산로40길 28 (자양동),생활방범,서울특별시 광진구,gwangjin-cctv-installations,생활방범-409,2025-09-25T00:00:00+09:00,2026-09-13T15:06:53.138Z
gwangjin:cctv:생활방범-410,cctv,생활방범 CCTV · 생활방범-410,37.5364988853113,127.079721703147,아차산로44길 26 (자양동),생활방범,서울특별시 광진구,gwangjin-cctv-installations,생활방범-410,2025-09-25T00:00:00+09:00,2026-09-13T15:06:53.138Z
gwangjin:cctv:생활방범-411,cctv,생활방범 CCTV · 생활방범-411,37.5385424198212,127.077206158502,아차산로39길 11 (자양동),생활방범,서울특별시 광진구,gwangjin-cctv-installations,생활방범-411,2025-09-25T00:00:00+09:00,2026-09-13T15:06:53.138Z
gwangjin:cctv:생활방범-414,cctv,생활방범 CCTV · 생활방범-414,37.5384713128525,127.079019143998,아차산로41길 16 (자양동),생활방범,서울특별시 광진구,gwangjin-cctv-installations,생활방범-414,2025-09-25T00:00:00+09:00,2026-09-13T15:06:53.138Z
gwangjin:cctv:생활방범-420,cctv,생활방범 CCTV · 생활방범-420,37.5340512236724,127.06975868434,뚝섬로34길 13 (자양동),생활방범,서울특별시 광진구,gwangjin-cctv-installations,생활방범-420,2025-09-25T00:00:00+09:00,2026-09-13T15:06:53.138Z
gwangjin:cctv:생활방범-422,cctv,생활방범 CCTV · 생활방범-422,37.5354043433008,127.075558961065,뚝섬로37길 28 (자양동),생활방범,서울특별시 광진구,gwangjin-cctv-installations,생활방범-422,2025-09-25T00:00:00+09:00,2026-09-13T15:06:53.138Z
gwangjin:cctv:생활방범-424,cctv,생활방범 CCTV · 생활방범-424,37.537062176667,127.064597390254,뚝섬로25길 23 (자양동),생활방범,서울특별시 광진구,gwangjin-cctv-installations,생활방범-424,2025-09-25T00:00:00+09:00,2026-09-13T15:06:53.138Z
gwangjin:cctv:생활방범-425,cctv,생활방범 CCTV · 생활방범-425,37.5370146621108,127.068071624373,능동로5길 7 (자양동),생활방범,서울특별시 광진구,gwangjin-cctv-installations,생활방범-425,2025-09-25T00:00:00+09:00,2026-09-13T15:06:53.138Z
gwangjin:cctv:생활방범-426,cctv,생활방범 CCTV · 생활방범-426,37.5376878765497,127.066215176471,뚝섬로27길 43 (자양동),생활방범,서울특별시 광진구,gwangjin-cctv-installations,생활방범-426,2025-09-25T00:00:00+09:00,2026-09-13T15:06:53.138Z
gwangjin:cctv:생활방범-432,cctv,생활방범 CCTV · 생활방범-432,37.5451436941153,127.072118258927,능동로15길 11 (화양동),생활방범,서울특별시 광진구,gwangjin-cctv-installations,생활방범-432,2025-09-25T00:00:00+09:00,2026-09-13T15:06:53.138Z
gwangjin:cctv:생활방범-433,cctv,생활방범 CCTV · 생활방범-433,37.54419601,127.069759,능동로13길 39 (화양동),생활방범,서울특별시 광진구,gwangjin-cctv-installations,생활방범-433,2025-09-25T00:00:00+09:00,2026-09-13T15:06:53.138Z
gwangjin:cctv:생활방범-434,cctv,생활방범 CCTV · 생활방범-434,37.544285750036,127.071695288139,군자로2길 4 (화양동),생활방범,서울특별시 광진구,gwangjin-cctv-installations,생활방범-434,2025-09-25T00:00:00+09:00,2026-09-13T15:06:53.138Z
gwangjin:cctv:생활방범-443,cctv,생활방범 CCTV · 생활방범-443,37.5409833185576,127.070345417397,아차산로33길 16-8 (화양동),생활방범,서울특별시 광진구,gwangjin-cctv-installations,생활방범-443,2025-09-25T00:00:00+09:00,2026-09-13T15:06:53.138Z
gwangjin:cctv:생활방범-444,cctv,생활방범 CCTV · 생활방범-444,37.54462904,127.0681544,아차산로25길 76 (화양동),생활방범,서울특별시 광진구,gwangjin-cctv-installations,생활방범-444,2025-09-25T00:00:00+09:00,2026-09-13T15:06:53.138Z
gwangjin:cctv:생활방범-448,cctv,생활방범 CCTV · 생활방범-448,37.5381622891846,127.079962633001,아차산로45길 31 (자양동),생활방범,서울특별시 광진구,gwangjin-cctv-installations,생활방범-448,2025-09-25T00:00:00+09:00,2026-09-13T15:06:53.138Z
gwangjin:cctv:생활방범-451,cctv,생활방범 CCTV · 생활방범-451,37.5364713260234,127.07563637489,자양번영로9길 16-4 (자양동),생활방범,서울특별시 광진구,gwangjin-cctv-installations,생활방범-451,2025-09-25T00:00:00+09:00,2026-09-13T15:06:53.138Z
gwangjin:cctv:생활방범-453,cctv,생활방범 CCTV · 생활방범-453,37.5368768026845,127.065873935866,뚝섬로27길 19 (자양동),생활방범,서울특별시 광진구,gwangjin-cctv-installations,생활방범-453,2025-09-25T00:00:00+09:00,2026-09-13T15:06:53.138Z
gwangjin:cctv:생활방범-490,cctv,생활방범 CCTV · 생활방범-490,37.5386649443727,127.063921588483,동일로10가길23 (자양동),생활방범,서울특별시 광진구,gwangjin-cctv-installations,생활방범-490,2025-09-25T00:00:00+09:00,2026-09-13T15:06:53.138Z
gwangjin:cctv:생활방범-494,cctv,생활방범 CCTV · 생활방범-494,37.5420853729757,127.067406459596,아차산로25길 20-9 (화양동),생활방범,서울특별시 광진구,gwangjin-cctv-installations,생활방범-494,2025-09-25T00:00:00+09:00,2026-09-13T15:06:53.138Z
gwangjin:cctv:생활방범-495,cctv,생활방범 CCTV · 생활방범-495,37.5475192029928,127.068791840022,동일로 30길 28 (화양동),생활방범,서울특별시 광진구,gwangjin-cctv-installations,생활방범-495,2025-09-25T00:00:00+09:00,2026-09-13T15:06:53.138Z
gwangjin:cctv:생활방범-502,cctv,생활방범 CCTV · 생활방범-502,37.5411238541279,127.06918452167,동일로22길 89 (화양동),생활방범,서울특별시 광진구,gwangjin-cctv-installations,생활방범-502,2025-09-25T00:00:00+09:00,2026-09-13T15:06:53.138Z
gwangjin:cctv:생활방범-536,cctv,생활방범 CCTV · 생활방범-536,37.54175688,127.0830124,자양로25길 14-1,생활방범,서울특별시 광진구,gwangjin-cctv-installations,생활방범-536,2025-09-25T00:00:00+09:00,2026-09-13T15:06:53.138Z
gwangjin:cctv:생활방범-546,cctv,생활방범 CCTV · 생활방범-546,37.5389680577255,127.082347705373,자양로 117,생활방범,서울특별시 광진구,gwangjin-cctv-installations,생활방범-546,2025-09-25T00:00:00+09:00,2026-09-13T15:06:53.138Z
gwangjin:cctv:생활방범-554,cctv,생활방범 CCTV · 생활방범-554,37.5356339434254,127.076345008878,자양번영로 7길 3,생활방범,서울특별시 광진구,gwangjin-cctv-installations,생활방범-554,2025-09-25T00:00:00+09:00,2026-09-13T15:06:53.138Z
gwangjin:cctv:생활방범-556,cctv,생활방범 CCTV · 생활방범-556,37.5363969183654,127.066029723008,뚝섬로27길3,생활방범,서울특별시 광진구,gwangjin-cctv-installations,생활방범-556,2025-09-25T00:00:00+09:00,2026-09-13T15:06:53.138Z
gwangjin:cctv:생활방범-557,cctv,생활방범 CCTV · 생활방범-557,37.54025349,127.0648593,아차산로24길 17,생활방범,서울특별시 광진구,gwangjin-cctv-installations,생활방범-557,2025-09-25T00:00:00+09:00,2026-09-13T15:06:53.138Z
gwangjin:cctv:생활방범-558,cctv,생활방범 CCTV · 생활방범-558,37.54137606,127.064502,아차산로192,생활방범,서울특별시 광진구,gwangjin-cctv-installations,생활방범-558,2025-09-25T00:00:00+09:00,2026-09-13T15:06:53.138Z
gwangjin:cctv:생활방범-560,cctv,생활방범 CCTV · 생활방범-560,37.544717,127.068615,동일로26길 47,생활방범,서울특별시 광진구,gwangjin-cctv-installations,생활방범-560,2025-09-25T00:00:00+09:00,2026-09-13T15:06:53.138Z
gwangjin:cctv:생활방범-561,cctv,생활방범 CCTV · 생활방범-561,37.5460319541049,127.06949995586,동일로28길54,생활방범,서울특별시 광진구,gwangjin-cctv-installations,생활방범-561,2025-09-25T00:00:00+09:00,2026-09-13T15:06:53.138Z
gwangjin:cctv:생활방범-562,cctv,생활방범 CCTV · 생활방범-562,37.54400535,127.0668723,아차산로 23길 45,생활방범,서울특별시 광진구,gwangjin-cctv-installations,생활방범-562,2025-09-25T00:00:00+09:00,2026-09-13T15:06:53.138Z
gwangjin:cctv:생활방범-563,cctv,생활방범 CCTV · 생활방범-563,37.54663895,127.0673908,아차산로 21길 109,생활방범,서울특별시 광진구,gwangjin-cctv-installations,생활방범-563,2025-09-25T00:00:00+09:00,2026-09-13T15:06:53.138Z
gwangjin:cctv:생활방범-564,cctv,생활방범 CCTV · 생활방범-564,37.54691267,127.0683673,광나루로 14길 26,생활방범,서울특별시 광진구,gwangjin-cctv-installations,생활방범-564,2025-09-25T00:00:00+09:00,2026-09-13T15:06:53.138Z
gwangjin:cctv:생활방범-565,cctv,생활방범 CCTV · 생활방범-565,37.5448992017272,127.07375728256,능동로 16길 14,생활방범,서울특별시 광진구,gwangjin-cctv-installations,생활방범-565,2025-09-25T00:00:00+09:00,2026-09-13T15:06:53.138Z
gwangjin:cctv:생활방범-578,cctv,생활방범 CCTV · 생활방범-578,37.54895,127.07189,군자로10길22,생활방범,서울특별시 광진구,gwangjin-cctv-installations,생활방범-578,2025-09-25T00:00:00+09:00,2026-09-13T15:06:53.138Z
gwangjin:cctv:생활방범-580,cctv,생활방범 CCTV · 생활방범-580,37.54984,127.07265,광나루로 19길51,생활방범,서울특별시 광진구,gwangjin-cctv-installations,생활방범-580,2025-09-25T00:00:00+09:00,2026-09-13T15:06:53.138Z
gwangjin:cctv:생활방범-581,cctv,생활방범 CCTV · 생활방범-581,37.54905,127.0733,광나루로19길 31,생활방범,서울특별시 광진구,gwangjin-cctv-installations,생활방범-581,2025-09-25T00:00:00+09:00,2026-09-13T15:06:53.138Z
gwangjin:cctv:생활방범-582,cctv,생활방범 CCTV · 생활방범-582,37.5468954647253,127.069196853912,광나루로 16길 18,생활방범,서울특별시 광진구,gwangjin-cctv-installations,생활방범-582,2025-09-25T00:00:00+09:00,2026-09-13T15:06:53.138Z
gwangjin:cctv:생활방범-583,cctv,생활방범 CCTV · 생활방범-583,37.54714,127.07027,군자로 43,생활방범,서울특별시 광진구,gwangjin-cctv-installations,생활방범-583,2025-09-25T00:00:00+09:00,2026-09-13T15:06:53.138Z
gwangjin:cctv:생활방범-584,cctv,생활방범 CCTV · 생활방범-584,37.54619,127.07297,능동로 17길 6,생활방범,서울특별시 광진구,gwangjin-cctv-installations,생활방범-584,2025-09-25T00:00:00+09:00,2026-09-13T15:06:53.138Z
gwangjin:cctv:생활방범-585,cctv,생활방범 CCTV · 생활방범-585,37.5448887201148,127.069511490727,군자로 5길 29,생활방범,서울특별시 광진구,gwangjin-cctv-installations,생활방범-585,2025-09-25T00:00:00+09:00,2026-09-13T15:06:53.138Z
gwangjin:cctv:생활방범-586,cctv,생활방범 CCTV · 생활방범-586,37.54341,127.0704,능동로 13길 39,생활방범,서울특별시 광진구,gwangjin-cctv-installations,생활방범-586,2025-09-25T00:00:00+09:00,2026-09-13T15:06:53.138Z
gwangjin:cctv:생활방범-587,cctv,생활방범 CCTV · 생활방범-587,37.54642,127.06813,광나루로 14길 31,생활방범,서울특별시 광진구,gwangjin-cctv-installations,생활방범-587,2025-09-25T00:00:00+09:00,2026-09-13T15:06:53.138Z
gwangjin:cctv:생활방범-588,cctv,생활방범 CCTV · 생활방범-588,37.5390386571399,127.07568773072,아차산로39길 36,생활방범,서울특별시 광진구,gwangjin-cctv-installations,생활방범-588,2025-09-25T00:00:00+09:00,2026-09-13T15:06:53.138Z
gwangjin:cctv:생활방범-594,cctv,생활방범 CCTV · 생활방범-594,37.545392,127.066689,동일로 26길 9,생활방범,서울특별시 광진구,gwangjin-cctv-installations,생활방범-594,2025-09-25T00:00:00+09:00,2026-09-13T15:06:53.138Z
gwangjin:cctv:생활방범-610,cctv,생활방범 CCTV · 생활방범-610,37.535732,127.079754,아차산로44가길 16,생활방범,서울특별시 광진구,gwangjin-cctv-installations,생활방범-610,2025-09-25T00:00:00+09:00,2026-09-13T15:06:53.138Z
gwangjin:cctv:생활방범-612,cctv,생활방범 CCTV · 생활방범-612,37.536428,127.069929,뚝섬로33길 34,생활방범,서울특별시 광진구,gwangjin-cctv-installations,생활방범-612,2025-09-25T00:00:00+09:00,2026-09-13T15:06:53.138Z
gwangjin:cctv:생활방범-613,cctv,생활방범 CCTV · 생활방범-613,37.544548,127.066225,아차산로21길 62,생활방범,서울특별시 광진구,gwangjin-cctv-installations,생활방범-613,2025-09-25T00:00:00+09:00,2026-09-13T15:06:53.138Z
gwangjin:cctv:생활방범-616,cctv,생활방범 CCTV · 생활방범-616,37.54922824,127.0751861,군자로 114,생활방범,서울특별시 광진구,gwangjin-cctv-installations,생활방범-616,2025-09-25T00:00:00+09:00,2026-09-13T15:06:53.138Z
gwangjin:cctv:생활방범-617,cctv,생활방범 CCTV · 생활방범-617,37.5393643435026,127.075242367697,아차산로39길 38-7,생활방범,서울특별시 광진구,gwangjin-cctv-installations,생활방범-617,2025-09-25T00:00:00+09:00,2026-09-13T15:06:53.138Z
gwangjin:cctv:생활방범-618,cctv,생활방범 CCTV · 생활방범-618,37.5392374,127.0767517,아차산로39가길 8,생활방범,서울특별시 광진구,gwangjin-cctv-installations,생활방범-618,2025-09-25T00:00:00+09:00,2026-09-13T15:06:53.138Z
gwangjin:cctv:생활방범-631,cctv,생활방범 CCTV · 생활방범-631,37.53405481,127.0725319,뚝섬로 561,생활방범,서울특별시 광진구,gwangjin-cctv-installations,생활방범-631,2025-09-25T00:00:00+09:00,2026-09-13T15:06:53.138Z
gwangjin:cctv:생활방범-637,cctv,생활방범 CCTV · 생활방범-637,37.53583538,127.0743948,자양동 783-2,생활방범,서울특별시 광진구,gwangjin-cctv-installations,생활방범-637,2025-09-25T00:00:00+09:00,2026-09-13T15:06:53.138Z
gwangjin:cctv:생활방범-640,cctv,생활방범 CCTV · 생활방범-640,37.54314984,127.080371,광나루로30길 80,생활방범,서울특별시 광진구,gwangjin-cctv-installations,생활방범-640,2025-09-25T00:00:00+09:00,2026-09-13T15:06:53.138Z
gwangjin:cctv:생활방범-643,cctv,생활방범 CCTV · 생활방범-643,37.54127961,127.07084159,동일로22길 117-20,생활방범,서울특별시 광진구,gwangjin-cctv-installations,생활방범-643,2025-09-25T00:00:00+09:00,2026-09-13T15:06:53.138Z
gwangjin:cctv:생활방범-644,cctv,생활방범 CCTV · 생활방범-644,37.5440693,127.06899413,아차산로27길 60,생활방범,서울특별시 광진구,gwangjin-cctv-installations,생활방범-644,2025-09-25T00:00:00+09:00,2026-09-13T15:06:53.138Z
gwangjin:cctv:생활방범-645,cctv,생활방범 CCTV · 생활방범-645,37.54017155,127.07055484,능동로103,생활방범,서울특별시 광진구,gwangjin-cctv-installations,생활방범-645,2025-09-25T00:00:00+09:00,2026-09-13T15:06:53.138Z
gwangjin:cctv:생활방범-646,cctv,생활방범 CCTV · 생활방범-646,37.542617,127.06802815,아차산로27길 20,생활방범,서울특별시 광진구,gwangjin-cctv-installations,생활방범-646,2025-09-25T00:00:00+09:00,2026-09-13T15:06:53.138Z
gwangjin:cctv:생활방범-647,cctv,생활방범 CCTV · 생활방범-647,37.54597091,127.07553647,광나루로22가길 12,생활방범,서울특별시 광진구,gwangjin-cctv-installations,생활방범-647,2025-09-25T00:00:00+09:00,2026-09-13T15:06:53.138Z
gwangjin:cctv:생활방범-648,cctv,생활방범 CCTV · 생활방범-648,37.54327579,127.06614472,아차산로23길 23-5,생활방범,서울특별시 광진구,gwangjin-cctv-installations,생활방범-648,2025-09-25T00:00:00+09:00,2026-09-13T15:06:53.138Z
gwangjin:cctv:생활방범-649,cctv,생활방범 CCTV · 생활방범-649,37.54593948,127.07174844,군자로6길 20,생활방범,서울특별시 광진구,gwangjin-cctv-installations,생활방범-649,2025-09-25T00:00:00+09:00,2026-09-13T15:06:53.138Z
gwangjin:cctv:생활방범-650,cctv,생활방범 CCTV · 생활방범-650,37.54581075,127.07230563,군자로6길 51,생활방범,서울특별시 광진구,gwangjin-cctv-installations,생활방범-650,2025-09-25T00:00:00+09:00,2026-09-13T15:06:53.138Z
gwangjin:cctv:생활방범-672,cctv,생활방범 CCTV · 생활방범-672,37.536127,127.067335,뚝섬로31가길 12,생활방범,서울특별시 광진구,gwangjin-cctv-installations,생활방범-672,2025-09-25T00:00:00+09:00,2026-09-13T15:06:53.138Z
gwangjin:cctv:생활방범-673,cctv,생활방범 CCTV · 생활방범-673,37.5350574252968,127.079736426984,자양로15길 72,생활방범,서울특별시 광진구,gwangjin-cctv-installations,생활방범-673,2025-09-25T00:00:00+09:00,2026-09-13T15:06:53.138Z
gwangjin:cctv:생활방범-675,cctv,생활방범 CCTV · 생활방범-675,37.5444844214641,127.071518639256,군자로2길 4,생활방범,서울특별시 광진구,gwangjin-cctv-installations,생활방범-675,2025-09-25T00:00:00+09:00,2026-09-13T15:06:53.138Z
gwangjin:cctv:생활방범-684,cctv,생활방범 CCTV · 생활방범-684,37.5491004808719,127.068920885793,동일로32길 14-6,생활방범,서울특별시 광진구,gwangjin-cctv-installations,생활방범-684,2025-09-25T00:00:00+09:00,2026-09-13T15:06:53.138Z
gwangjin:cctv:생활방범-686,cctv,생활방범 CCTV · 생활방범-686,37.54029476,127.0702113,아차산로 241,생활방범,서울특별시 광진구,gwangjin-cctv-installations,생활방범-686,2025-09-25T00:00:00+09:00,2026-09-13T15:06:53.138Z
gwangjin:cctv:생활방범-690,cctv,생활방범 CCTV · 생활방범-690,37.5394982452134,127.083400040597,자양로 130,생활방범,서울특별시 광진구,gwangjin-cctv-installations,생활방범-690,2025-09-25T00:00:00+09:00,2026-09-13T15:06:53.138Z
gwangjin:cctv:생활방범-691,cctv,생활방범 CCTV · 생활방범-691,37.53866957,127.0659059,뚝섬로23가길 35,생활방범,서울특별시 광진구,gwangjin-cctv-installations,생활방범-691,2025-09-25T00:00:00+09:00,2026-09-13T15:06:53.138Z
gwangjin:cctv:생활방범-692,cctv,생활방범 CCTV · 생활방범-692,37.53564578,127.0675551,뚝섬로 515,생활방범,서울특별시 광진구,gwangjin-cctv-installations,생활방범-692,2025-09-25T00:00:00+09:00,2026-09-13T15:06:53.138Z
gwangjin:cctv:생활방범-693,cctv,생활방범 CCTV · 생활방범-693,37.54900474,127.0686083,광나루로13길 16,생활방범,서울특별시 광진구,gwangjin-cctv-installations,생활방범-693,2025-09-25T00:00:00+09:00,2026-09-13T15:06:53.138Z
gwangjin:cctv:생활방범-694,cctv,생활방범 CCTV · 생활방범-694,37.5448732,127.0731336,능동로 160,생활방범,서울특별시 광진구,gwangjin-cctv-installations,생활방범-694,2025-09-25T00:00:00+09:00,2026-09-13T15:06:53.138Z
gwangjin:cctv:생활방범-695,cctv,생활방범 CCTV · 생활방범-695,37.54705353,127.07328,능동로19길 10,생활방범,서울특별시 광진구,gwangjin-cctv-installations,생활방범-695,2025-09-25T00:00:00+09:00,2026-09-13T15:06:53.138Z
gwangjin:cctv:생활방범-696,cctv,생활방범 CCTV · 생활방범-696,37.5461282197714,127.076286930659,광나루로 424,생활방범,서울특별시 광진구,gwangjin-cctv-installations,생활방범-696,2025-09-25T00:00:00+09:00,2026-09-13T15:06:53.138Z
gwangjin:cctv:생활방범-698,cctv,생활방범 CCTV · 생활방범-698,37.53800059,127.0770389,아차산로 306,생활방범,서울특별시 광진구,gwangjin-cctv-installations,생활방범-698,2025-09-25T00:00:00+09:00,2026-09-13T15:06:53.138Z
gwangjin:cctv:생활방범-699,cctv,생활방범 CCTV · 생활방범-699,37.5422225,127.0826359,자양로23나길 7,생활방범,서울특별시 광진구,gwangjin-cctv-installations,생활방범-699,2025-09-25T00:00:00+09:00,2026-09-13T15:06:53.138Z
gwangjin:cctv:생활방범-711,cctv,생활방범 CCTV · 생활방범-711,37.53615653,127.0645488,뚝섬로26길 5,생활방범,서울특별시 광진구,gwangjin-cctv-installations,생활방범-711,2025-09-25T00:00:00+09:00,2026-09-13T15:06:53.138Z
gwangjin:cctv:생활방범-721,cctv,생활방범 CCTV · 생활방범-721,37.5384959231147,127.078024367531,아차산로41가길 10,생활방범,서울특별시 광진구,gwangjin-cctv-installations,생활방범-721,2025-09-25T00:00:00+09:00,2026-09-13T15:06:53.138Z
gwangjin:cctv:생활방범-724,cctv,생활방범 CCTV · 생활방범-724,37.5381611743708,127.079434839653,아차산로 327-12,생활방범,서울특별시 광진구,gwangjin-cctv-installations,생활방범-724,2025-09-25T00:00:00+09:00,2026-09-13T15:06:53.138Z
gwangjin:cctv:생활방범-730,cctv,생활방범 CCTV · 생활방범-730,37.549273,127.069911,군자로9길 14,생활방범,서울특별시 광진구,gwangjin-cctv-installations,생활방범-730,2025-09-25T00:00:00+09:00,2026-09-13T15:06:53.138Z
gwangjin:cctv:어린이-027,cctv,어린이보호 CCTV · 어린이-027,37.5433591127113,127.081486444431,광나루로30다길 3 (구의동),어린이보호,서울특별시 광진구,gwangjin-cctv-installations,어린이-027,2025-09-25T00:00:00+09:00,2026-09-13T15:06:53.138Z
gwangjin:cctv:어린이-028,cctv,어린이보호 CCTV · 어린이-028,37.5419991143074,127.081639895468,자양로23가길 16 (구의동),어린이보호,서울특별시 광진구,gwangjin-cctv-installations,어린이-028,2025-09-25T00:00:00+09:00,2026-09-13T15:06:53.138Z
gwangjin:cctv:어린이-029,cctv,어린이보호 CCTV · 어린이-029,37.5415650476903,127.08242536086,자양로23길 21 (구의동),어린이보호,서울특별시 광진구,gwangjin-cctv-installations,어린이-029,2025-09-25T00:00:00+09:00,2026-09-13T15:06:53.138Z
gwangjin:cctv:어린이-080,cctv,어린이보호 CCTV · 어린이-080,37.54979879,127.0709338,군자로 70 화양슈퍼 코너,어린이보호,서울특별시 광진구,gwangjin-cctv-installations,어린이-080,2025-09-25T00:00:00+09:00,2026-09-13T15:06:53.138Z
gwangjin:cctv:어린이-087,cctv,어린이보호 CCTV · 어린이-087,37.5413117147583,127.083168295863,자양로23길 7 (자양동),어린이보호,서울특별시 광진구,gwangjin-cctv-installations,어린이-087,2025-09-25T00:00:00+09:00,2026-09-13T15:06:53.138Z
gwangjin:cctv:어린이-089,cctv,어린이보호 CCTV · 어린이-089,37.537094791241,127.0807511097,아차산로 344 (자양동),어린이보호,서울특별시 광진구,gwangjin-cctv-installations,어린이-089,2025-09-25T00:00:00+09:00,2026-09-13T15:06:53.138Z
gwangjin:cctv:어린이-090,cctv,어린이보호 CCTV · 어린이-090,37.5364518544109,127.078934678327,아차산로44길 36 (자양동),어린이보호,서울특별시 광진구,gwangjin-cctv-installations,어린이-090,2025-09-25T00:00:00+09:00,2026-09-13T15:06:53.138Z
gwangjin:cctv:어린이-120,cctv,어린이보호 CCTV · 어린이-120,37.533536160995,127.072988106429,뚝섬로40길 12 (자양동),어린이보호,서울특별시 광진구,gwangjin-cctv-installations,어린이-120,2025-09-25T00:00:00+09:00,2026-09-13T15:06:53.138Z
gwangjin:cctv:어린이-122,cctv,어린이보호 CCTV · 어린이-122,37.5344529809944,127.068280436224,능동로 42 (자양동),어린이보호,서울특별시 광진구,gwangjin-cctv-installations,어린이-122,2025-09-25T00:00:00+09:00,2026-09-13T15:06:53.138Z
gwangjin:cctv:어린이-124,cctv,어린이보호 CCTV · 어린이-124,37.5335382100672,127.074844924707,뚝섬로 585 (자양동),어린이보호,서울특별시 광진구,gwangjin-cctv-installations,어린이-124,2025-09-25T00:00:00+09:00,2026-09-13T15:06:53.138Z
gwangjin:cctv:어린이-126,cctv,어린이보호 CCTV · 어린이-126,37.5352886146762,127.071337373133,뚝섬로35길 16-20 (자양동),어린이보호,서울특별시 광진구,gwangjin-cctv-installations,어린이-126,2025-09-25T00:00:00+09:00,2026-09-13T15:06:53.138Z
gwangjin:cctv:어린이-128,cctv,어린이보호 CCTV · 어린이-128,37.5344577307823,127.071726556206,뚝섬로 561 (자양동),어린이보호,서울특별시 광진구,gwangjin-cctv-installations,어린이-128,2025-09-25T00:00:00+09:00,2026-09-13T15:06:53.138Z
gwangjin:cctv:어린이-132,cctv,어린이보호 CCTV · 어린이-132,37.5347356971135,127.070093568755,능동로 42 신양초교 후문입구,어린이보호,서울특별시 광진구,gwangjin-cctv-installations,어린이-132,2025-09-25T00:00:00+09:00,2026-09-13T15:06:53.138Z
gwangjin:cctv:어린이-138,cctv,어린이보호 CCTV · 어린이-138,37.5370788271808,127.065893198055,뚝섬로23길 44 (자양동),어린이보호,서울특별시 광진구,gwangjin-cctv-installations,어린이-138,2025-09-25T00:00:00+09:00,2026-09-13T15:06:53.138Z
gwangjin:cctv:어린이-140,cctv,어린이보호 CCTV · 어린이-140,37.5367028884347,127.066810635978,능동로5길 17 (자양동),어린이보호,서울특별시 광진구,gwangjin-cctv-installations,어린이-140,2025-09-25T00:00:00+09:00,2026-09-13T15:06:53.138Z
gwangjin:cctv:어린이-144,cctv,어린이보호 CCTV · 어린이-144,37.53756912,127.0792,아차산로 326 (자양동),어린이보호,서울특별시 광진구,gwangjin-cctv-installations,어린이-144,2025-09-25T00:00:00+09:00,2026-09-13T15:06:53.138Z
gwangjin:cctv:어린이-192,cctv,어린이보호 CCTV · 어린이-192,37.5439318732198,127.065897145528,아차산로21길 47 (화양동),어린이보호,서울특별시 광진구,gwangjin-cctv-installations,어린이-192,2025-09-25T00:00:00+09:00,2026-09-13T15:06:53.138Z
gwangjin:cctv:어린이-193,cctv,어린이보호 CCTV · 어린이-193,37.544961483502,127.071197205338,군자로 18 (화양동),어린이보호,서울특별시 광진구,gwangjin-cctv-installations,어린이-193,2025-09-25T00:00:00+09:00,2026-09-13T15:06:53.138Z
gwangjin:cctv:어린이-195,cctv,어린이보호 CCTV · 어린이-195,37.54319453,127.0813509,광나루로30길 49 (화양동),어린이보호,서울특별시 광진구,gwangjin-cctv-installations,어린이-195,2025-09-25T00:00:00+09:00,2026-09-13T15:06:53.138Z
gwangjin:cctv:어린이-197,cctv,어린이보호 CCTV · 어린이-197,37.5428330790474,127.070999935723,능동로13길 15 (화양동),어린이보호,서울특별시 광진구,gwangjin-cctv-installations,어린이-197,2025-09-25T00:00:00+09:00,2026-09-13T15:06:53.138Z
gwangjin:cctv:어린이-198,cctv,어린이보호 CCTV · 어린이-198,37.5455992768907,127.070651731837,군자로 27 (화양동),어린이보호,서울특별시 광진구,gwangjin-cctv-installations,어린이-198,2025-09-25T00:00:00+09:00,2026-09-13T15:06:53.138Z
gwangjin:cctv:어린이-199,cctv,어린이보호 CCTV · 어린이-199,37.5453738947008,127.079157828102,광나루로 448 (화양동),어린이보호,서울특별시 광진구,gwangjin-cctv-installations,어린이-199,2025-09-25T00:00:00+09:00,2026-09-13T15:06:53.138Z
gwangjin:cctv:어린이-201,cctv,어린이보호 CCTV · 어린이-201,37.5437027,127.0722219,능동로 145 (화양동),어린이보호,서울특별시 광진구,gwangjin-cctv-installations,어린이-201,2025-09-25T00:00:00+09:00,2026-09-13T15:06:53.138Z
gwangjin:cctv:어린이-202,cctv,어린이보호 CCTV · 어린이-202,37.5434796746314,127.065636278278,아차산로21길 15 (화양동),어린이보호,서울특별시 광진구,gwangjin-cctv-installations,어린이-202,2025-09-25T00:00:00+09:00,2026-09-13T15:06:53.138Z
gwangjin:cctv:어린이-203,cctv,어린이보호 CCTV · 어린이-203,37.5424751743742,127.065074049087,아차산로 191 (화양동),어린이보호,서울특별시 광진구,gwangjin-cctv-installations,어린이-203,2025-09-25T00:00:00+09:00,2026-09-13T15:06:53.138Z
gwangjin:cctv:어린이-209,cctv,어린이보호 CCTV · 어린이-209,37.536327243356,127.079723765634,아차산로 44가길 5,어린이보호,서울특별시 광진구,gwangjin-cctv-installations,어린이-209,2025-09-25T00:00:00+09:00,2026-09-13T15:06:53.138Z
gwangjin:cctv:어린이-211,cctv,어린이보호 CCTV · 어린이-211,37.5437674647984,127.083830688352,자양로23길 79,어린이보호,서울특별시 광진구,gwangjin-cctv-installations,어린이-211,2025-09-25T00:00:00+09:00,2026-09-13T15:06:53.138Z
gwangjin:cctv:어린이-217,cctv,어린이보호 CCTV · 어린이-217,37.54916839,127.0695445,광나루로15길 23,어린이보호,서울특별시 광진구,gwangjin-cctv-installations,어린이-217,2025-09-25T00:00:00+09:00,2026-09-13T15:06:53.138Z
gwangjin:security_light:LA0564,security_light,스마트보안등 LA0564,37.53699604,127.0685205,,,서울특별시 광진구,gwangjin-smart-security-light,LA0564,,2026-09-13T15:06:54.013Z
gwangjin:security_light:LA0612,security_light,스마트보안등 LA0612,37.53895594,127.0765643,,,서울특별시 광진구,gwangjin-smart-security-light,LA0612,,2026-09-13T15:06:54.013Z
gwangjin:security_light:LA0616,security_light,스마트보안등 LA0616,37.53644154,127.0781392,,,서울특별시 광진구,gwangjin-smart-security-light,LA0616,,2026-09-13T15:06:54.013Z
gwangjin:security_light:LA0625,security_light,스마트보안등 LA0625,37.53646954,127.0782633,,,서울특별시 광진구,gwangjin-smart-security-light,LA0625,,2026-09-13T15:06:54.013Z
gwangjin:security_light:LA0643,security_light,스마트보안등 LA0643,37.53739204,127.0672083,,,서울특별시 광진구,gwangjin-smart-security-light,LA0643,,2026-09-13T15:06:54.013Z
gwangjin:security_light:LA0670,security_light,스마트보안등 LA0670,37.53741114,127.0674435,,,서울특별시 광진구,gwangjin-smart-security-light,LA0670,,2026-09-13T15:06:54.013Z
gwangjin:security_light:LA0673,security_light,스마트보안등 LA0673,37.53432834,127.0698481,,,서울특별시 광진구,gwangjin-smart-security-light,LA0673,,2026-09-13T15:06:54.013Z
gwangjin:security_light:LA0704,security_light,스마트보안등 LA0704,37.53895664,127.0752348,,,서울특별시 광진구,gwangjin-smart-security-light,LA0704,,2026-09-13T15:06:54.013Z
gwangjin:security_light:LA0720,security_light,스마트보안등 LA0720,37.53859344,127.0771861,,,서울특별시 광진구,gwangjin-smart-security-light,LA0720,,2026-09-13T15:06:54.013Z
gwangjin:security_light:LA0743,security_light,스마트보안등 LA0743,37.53759214,127.0667001,,,서울특별시 광진구,gwangjin-smart-security-light,LA0743,,2026-09-13T15:06:54.013Z
gwangjin:security_light:LA0746,security_light,스마트보안등 LA0746,37.53713144,127.0785129,,,서울특별시 광진구,gwangjin-smart-security-light,LA0746,,2026-09-13T15:06:54.013Z
gwangjin:security_light:LA0776,security_light,스마트보안등 LA0776,37.53620994,127.0781652,,,서울특별시 광진구,gwangjin-smart-security-light,LA0776,,2026-09-13T15:06:54.013Z
gwangjin:security_light:LA0782,security_light,스마트보안등 LA0782,37.53618124,127.0780392,,,서울특별시 광진구,gwangjin-smart-security-light,LA0782,,2026-09-13T15:06:54.013Z
gwangjin:security_light:LA0821,security_light,스마트보안등 LA0821,37.53870614,127.0768841,,,서울특별시 광진구,gwangjin-smart-security-light,LA0821,,2026-09-13T15:06:54.013Z
gwangjin:security_light:LA0825,security_light,스마트보안등 LA0825,37.53449094,127.0700217,,,서울특별시 광진구,gwangjin-smart-security-light,LA0825,,2026-09-13T15:06:54.013Z
gwangjin:security_light:LA0868,security_light,스마트보안등 LA0868,37.53694354,127.0687135,,,서울특별시 광진구,gwangjin-smart-security-light,LA0868,,2026-09-13T15:06:54.013Z
gwangjin:security_light:LA0875,security_light,스마트보안등 LA0875,37.53735664,127.0786041,,,서울특별시 광진구,gwangjin-smart-security-light,LA0875,,2026-09-13T15:06:54.013Z
gwangjin:security_light:LA0886,security_light,스마트보안등 LA0886,37.53723764,127.067698,,,서울특별시 광진구,gwangjin-smart-security-light,LA0886,,2026-09-13T15:06:54.013Z
gwangjin:security_light:LA0941,security_light,스마트보안등 LA0941,37.53904104,127.0753249,,,서울특별시 광진구,gwangjin-smart-security-light,LA0941,,2026-09-13T15:06:54.013Z
gwangjin:security_light:LA0945,security_light,스마트보안등 LA0945,37.53907424,127.0757543,,,서울특별시 광진구,gwangjin-smart-security-light,LA0945,,2026-09-13T15:06:54.013Z
gwangjin:security_light:LA0951,security_light,스마트보안등 LA0951,37.53706384,127.06822,,,서울특별시 광진구,gwangjin-smart-security-light,LA0951,,2026-09-13T15:06:54.013Z
gwangjin:security_light:LA1332,security_light,스마트보안등 LA1332,37.53913834,127.0756907,,,서울특별시 광진구,gwangjin-smart-security-light,LA1332,,2026-09-13T15:06:54.013Z
gwangjin:security_light:LA1343,security_light,스마트보안등 LA1343,37.53885074,127.0767318,,,서울특별시 광진구,gwangjin-smart-security-light,LA1343,,2026-09-13T15:06:54.013Z
gwangjin:security_light:LA1347,security_light,스마트보안등 LA1347,37.53909854,127.0760759,,,서울특별시 광진구,gwangjin-smart-security-light,LA1347,,2026-09-13T15:06:54.013Z
gwangjin:security_light:LA1350,security_light,스마트보안등 LA1350,37.53697554,127.0784495,,,서울특별시 광진구,gwangjin-smart-security-light,LA1350,,2026-09-13T15:06:54.013Z
gwangjin:security_light:LA1389,security_light,스마트보안등 LA1389,37.53860404,127.0773501,,,서울특별시 광진구,gwangjin-smart-security-light,LA1389,,2026-09-13T15:06:54.013Z
gwangjin:security_light:LA1393,security_light,스마트보안등 LA1393,37.53765664,127.0664808,,,서울특별시 광진구,gwangjin-smart-security-light,LA1393,,2026-09-13T15:06:54.013Z
gwangjin:security_light:LA1463,security_light,스마트보안등 LA1463,37.53886084,127.0819485,,,서울특별시 광진구,gwangjin-smart-security-light,LA1463,,2026-09-13T15:06:54.013Z
gwangjin:security_light:LA1465,security_light,스마트보안등 LA1465,37.53701344,127.0681444,,,서울특별시 광진구,gwangjin-smart-security-light,LA1465,,2026-09-13T15:06:54.013Z
gwangjin:security_light:LA1822,security_light,스마트보안등 LA1822,37.53922074,127.0828911,,,서울특별시 광진구,gwangjin-smart-security-light,LA1822,,2026-09-13T15:06:54.013Z
gwangjin:security_light:LA1971,security_light,스마트보안등 LA1971,37.53343234,127.0711166,,,서울특별시 광진구,gwangjin-smart-security-light,LA1971,,2026-09-13T15:06:54.013Z
gwangjin:security_light:LA2133,security_light,스마트보안등 LA2133,37.54678874,127.0744556,,,서울특별시 광진구,gwangjin-smart-security-light,LA2133,,2026-09-13T15:06:54.013Z
gwangjin:security_light:LA2263,security_light,스마트보안등 LA2263,37.53472834,127.067182,,,서울특별시 광진구,gwangjin-smart-security-light,LA2263,,2026-09-13T15:06:54.013Z
gwangjin:security_light:LA2398,security_light,스마트보안등 LA2398,37.54004014,127.0637333,,,서울특별시 광진구,gwangjin-smart-security-light,LA2398,,2026-09-13T15:06:54.013Z
gwangjin:security_light:LA2439,security_light,스마트보안등 LA2439,37.54014634,127.0634172,,,서울특별시 광진구,gwangjin-smart-security-light,LA2439,,2026-09-13T15:06:54.013Z
gwangjin:security_light:LA2490,security_light,스마트보안등 LA2490,37.53828934,127.0685527,,,서울특별시 광진구,gwangjin-smart-security-light,LA2490,,2026-09-13T15:06:54.013Z
gwangjin:security_light:LA2493,security_light,스마트보안등 LA2493,37.53846984,127.068375,,,서울특별시 광진구,gwangjin-smart-security-light,LA2493,,2026-09-13T15:06:54.013Z
gwangjin:security_light:LA2498,security_light,스마트보안등 LA2498,37.53841074,127.0685427,,,서울특별시 광진구,gwangjin-smart-security-light,LA2498,,2026-09-13T15:06:54.013Z
gwangjin:security_light:LA2500,security_light,스마트보안등 LA2500,37.53925214,127.0660959,,,서울특별시 광진구,gwangjin-smart-security-light,LA2500,,2026-09-13T15:06:54.013Z
gwangjin:security_light:LA2506,security_light,스마트보안등 LA2506,37.53558154,127.0779236,,,서울특별시 광진구,gwangjin-smart-security-light,LA2506,,2026-09-13T15:06:54.013Z
gwangjin:security_light:LA2511,security_light,스마트보안등 LA2511,37.53858634,127.0777717,,,서울특별시 광진구,gwangjin-smart-security-light,LA2511,,2026-09-13T15:06:54.013Z
gwangjin:security_light:LA2512,security_light,스마트보안등 LA2512,37.53878554,127.0674322,,,서울특별시 광진구,gwangjin-smart-security-light,LA2512,,2026-09-13T15:06:54.013Z
gwangjin:security_light:LA2527,security_light,스마트보안등 LA2527,37.53566184,127.0776997,,,서울특별시 광진구,gwangjin-smart-security-light,LA2527,,2026-09-13T15:06:54.013Z
gwangjin:security_light:LA2529,security_light,스마트보안등 LA2529,37.53861304,127.0786368,,,서울특별시 광진구,gwangjin-smart-security-light,LA2529,,2026-09-13T15:06:54.013Z
gwangjin:security_light:LA2745,security_light,스마트보안등 LA2745,37.53482864,127.0670374,,,서울특별시 광진구,gwangjin-smart-security-light,LA2745,,2026-09-13T15:06:54.013Z
gwangjin:security_light:LA2747,security_light,스마트보안등 LA2747,37.53859984,127.078934,,,서울특별시 광진구,gwangjin-smart-security-light,LA2747,,2026-09-13T15:06:54.013Z
gwangjin:security_light:LA2755,security_light,스마트보안등 LA2755,37.53863314,127.0675726,,,서울특별시 광진구,gwangjin-smart-security-light,LA2755,,2026-09-13T15:06:54.013Z
gwangjin:security_light:LA2759,security_light,스마트보안등 LA2759,37.53857334,127.0680511,,,서울특별시 광진구,gwangjin-smart-security-light,LA2759,,2026-09-13T15:06:54.013Z
gwangjin:security_light:LA2803,security_light,스마트보안등 LA2803,37.53305284,127.0734287,,,서울특별시 광진구,gwangjin-smart-security-light,LA2803,,2026-09-13T15:06:54.013Z
gwangjin:security_light:LA2821,security_light,스마트보안등 LA2821,37.53414954,127.0783941,,,서울특별시 광진구,gwangjin-smart-security-light,LA2821,,2026-09-13T15:06:54.013Z
gwangjin:security_light:LA2825,security_light,스마트보안등 LA2825,37.53976044,127.0645543,,,서울특별시 광진구,gwangjin-smart-security-light,LA2825,,2026-09-13T15:06:54.013Z
gwangjin:security_light:LA2827,security_light,스마트보안등 LA2827,37.53849524,127.0794361,,,서울특별시 광진구,gwangjin-smart-security-light,LA2827,,2026-09-13T15:06:54.013Z
gwangjin:security_light:LA2830,security_light,스마트보안등 LA2830,37.53495624,127.0672338,,,서울특별시 광진구,gwangjin-smart-security-light,LA2830,,2026-09-13T15:06:54.013Z
gwangjin:security_light:LA2843,security_light,스마트보안등 LA2843,37.53456744,127.0670457,,,서울특별시 광진구,gwangjin-smart-security-light,LA2843,,2026-09-13T15:06:54.013Z
gwangjin:security_light:LA2854,security_light,스마트보안등 LA2854,37.53503214,127.0752848,,,서울특별시 광진구,gwangjin-smart-security-light,LA2854,,2026-09-13T15:06:54.013Z
gwangjin:security_light:LA2898,security_light,스마트보안등 LA2898,37.54009984,127.0632368,,,서울특별시 광진구,gwangjin-smart-security-light,LA2898,,2026-09-13T15:06:54.013Z
gwangjin:security_light:LA2935,security_light,스마트보안등 LA2935,37.53488014,127.0776384,,,서울특별시 광진구,gwangjin-smart-security-light,LA2935,,2026-09-13T15:06:54.013Z
gwangjin:security_light:LA2969,security_light,스마트보안등 LA2969,37.53616174,127.0737473,,,서울특별시 광진구,gwangjin-smart-security-light,LA2969,,2026-09-13T15:06:54.013Z
gwangjin:security_light:LA2997,security_light,스마트보안등 LA2997,37.53894684,127.0821189,,,서울특별시 광진구,gwangjin-smart-security-light,LA2997,,2026-09-13T15:06:54.013Z
gwangjin:security_light:LA3023,security_light,스마트보안등 LA3023,37.53822184,127.0804495,,,서울특별시 광진구,gwangjin-smart-security-light,LA3023,,2026-09-13T15:06:54.013Z
gwangjin:security_light:LA3034,security_light,스마트보안등 LA3034,37.53901164,127.0669166,,,서울특별시 광진구,gwangjin-smart-security-light,LA3034,,2026-09-13T15:06:54.013Z
gwangjin:security_light:LA3037,security_light,스마트보안등 LA3037,37.53443104,127.0763937,,,서울특별시 광진구,gwangjin-smart-security-light,LA3037,,2026-09-13T15:06:54.013Z
gwangjin:security_light:LA3057,security_light,스마트보안등 LA3057,37.53913114,127.0664554,,,서울특별시 광진구,gwangjin-smart-security-light,LA3057,,2026-09-13T15:06:54.013Z
gwangjin:security_light:LA3085,security_light,스마트보안등 LA3085,37.53835524,127.0801445,,,서울특별시 광진구,gwangjin-smart-security-light,LA3085,,2026-09-13T15:06:54.013Z
gwangjin:security_light:LA3142,security_light,스마트보안등 LA3142,37.53402224,127.0748911,,,서울특별시 광진구,gwangjin-smart-security-light,LA3142,,2026-09-13T15:06:54.013Z
gwangjin:security_light:LA3154,security_light,스마트보안등 LA3154,37.53391144,127.0686971,,,서울특별시 광진구,gwangjin-smart-security-light,LA3154,,2026-09-13T15:06:54.013Z
gwangjin:security_light:LA3155,security_light,스마트보안등 LA3155,37.53641594,127.0725612,,,서울특별시 광진구,gwangjin-smart-security-light,LA3155,,2026-09-13T15:06:54.013Z
gwangjin:security_light:LA3302,security_light,스마트보안등 LA3302,37.53857634,127.0780564,,,서울특별시 광진구,gwangjin-smart-security-light,LA3302,,2026-09-13T15:06:54.013Z
gwangjin:security_light:LA3307,security_light,스마트보안등 LA3307,37.53324254,127.0711974,,,서울특별시 광진구,gwangjin-smart-security-light,LA3307,,2026-09-13T15:06:54.013Z
gwangjin:security_light:LA3340,security_light,스마트보안등 LA3340,37.53566564,127.0722536,,,서울특별시 광진구,gwangjin-smart-security-light,LA3340,,2026-09-13T15:06:54.013Z
gwangjin:security_light:LA3367,security_light,스마트보안등 LA3367,37.53862844,127.067903,,,서울특별시 광진구,gwangjin-smart-security-light,LA3367,,2026-09-13T15:06:54.013Z
gwangjin:security_light:LA3402,security_light,스마트보안등 LA3402,37.53951604,127.0652843,,,서울특별시 광진구,gwangjin-smart-security-light,LA3402,,2026-09-13T15:06:54.013Z
gwangjin:security_light:LA3491,security_light,스마트보안등 LA3491,37.53545584,127.0754676,,,서울특별시 광진구,gwangjin-smart-security-light,LA3491,,2026-09-13T15:06:54.013Z
gwangjin:security_light:LA3544,security_light,스마트보안등 LA3544,37.53462614,127.0751289,,,서울특별시 광진구,gwangjin-smart-security-light,LA3544,,2026-09-13T15:06:54.013Z
gwangjin:security_light:LA3556,security_light,스마트보안등 LA3556,37.53942624,127.0655797,,,서울특별시 광진구,gwangjin-smart-security-light,LA3556,,2026-09-13T15:06:54.013Z
gwangjin:security_light:LA3581,security_light,스마트보안등 LA3581,37.53550294,127.0721877,,,서울특별시 광진구,gwangjin-smart-security-light,LA3581,,2026-09-13T15:06:54.013Z
gwangjin:security_light:LA3681,security_light,스마트보안등 LA3681,37.53571164,127.0748384,,,서울특별시 광진구,gwangjin-smart-security-light,LA3681,,2026-09-13T15:06:54.013Z
gwangjin:security_light:LA3738,security_light,스마트보안등 LA3738,37.53896604,127.0668492,,,서울특별시 광진구,gwangjin-smart-security-light,LA3738,,2026-09-13T15:06:54.013Z
gwangjin:security_light:LA3750,security_light,스마트보안등 LA3750,37.53507384,127.0776049,,,서울특별시 광진구,gwangjin-smart-security-light,LA3750,,2026-09-13T15:06:54.013Z
gwangjin:security_light:LA3831,security_light,스마트보안등 LA3831,37.53525444,127.0753803,,,서울특별시 광진구,gwangjin-smart-security-light,LA3831,,2026-09-13T15:06:54.013Z
gwangjin:security_light:LA3840,security_light,스마트보안등 LA3840,37.54008494,127.063633,,,서울특별시 광진구,gwangjin-smart-security-light,LA3840,,2026-09-13T15:06:54.013Z
gwangjin:security_light:LA3842,security_light,스마트보안등 LA3842,37.53989754,127.064171,,,서울특별시 광진구,gwangjin-smart-security-light,LA3842,,2026-09-13T15:06:54.013Z
gwangjin:security_light:LA3847,security_light,스마트보안등 LA3847,37.53390644,127.0730609,,,서울특별시 광진구,gwangjin-smart-security-light,LA3847,,2026-09-13T15:06:54.013Z
gwangjin:security_light:LA3899,security_light,스마트보안등 LA3899,37.54026474,127.063128,,,서울특별시 광진구,gwangjin-smart-security-light,LA3899,,2026-09-13T15:06:54.013Z
gwangjin:security_light:LA3907,security_light,스마트보안등 LA3907,37.53541794,127.0778386,,,서울특별시 광진구,gwangjin-smart-security-light,LA3907,,2026-09-13T15:06:54.013Z
gwangjin:security_light:LA3908,security_light,스마트보안등 LA3908,37.53481604,127.0752108,,,서울특별시 광진구,gwangjin-smart-security-light,LA3908,,2026-09-13T15:06:54.013Z
gwangjin:security_light:LA3914,security_light,스마트보안등 LA3914,37.53373444,127.072894,,,서울특별시 광진구,gwangjin-smart-security-light,LA3914,,2026-09-13T15:06:54.013Z
gwangjin:security_light:LA3920,security_light,스마트보안등 LA3920,37.53352234,127.0767508,,,서울특별시 광진구,gwangjin-smart-security-light,LA3920,,2026-09-13T15:06:54.013Z
gwangjin:security_light:LA3926,security_light,스마트보안등 LA3926,37.53935124,127.0658042,,,서울특별시 광진구,gwangjin-smart-security-light,LA3926,,2026-09-13T15:06:54.013Z
gwangjin:security_light:LA3935,security_light,스마트보안등 LA3935,37.53439464,127.0766063,,,서울특별시 광진구,gwangjin-smart-security-light,LA3935,,2026-09-13T15:06:54.013Z
gwangjin:security_light:LA3942,security_light,스마트보안등 LA3942,37.53606264,127.0740382,,,서울특별시 광진구,gwangjin-smart-security-light,LA3942,,2026-09-13T15:06:54.013Z
gwangjin:security_light:LA3947,security_light,스마트보안등 LA3947,37.53521744,127.0720813,,,서울특별시 광진구,gwangjin-smart-security-light,LA3947,,2026-09-13T15:06:54.013Z
gwangjin:security_light:LA3983,security_light,스마트보안등 LA3983,37.53479774,127.071891,,,서울특별시 광진구,gwangjin-smart-security-light,LA3983,,2026-09-13T15:06:54.013Z
gwangjin:security_light:LA3991,security_light,스마트보안등 LA3991,37.53821764,127.0806781,,,서울특별시 광진구,gwangjin-smart-security-light,LA3991,,2026-09-13T15:06:54.013Z
gwangjin:security_light:LA4020,security_light,스마트보안등 LA4020,37.53599274,127.0742103,,,서울특별시 광진구,gwangjin-smart-security-light,LA4020,,2026-09-13T15:06:54.013Z
gwangjin:security_light:LA4056,security_light,스마트보안등 LA4056,37.53621704,127.0724731,,,서울특별시 광진구,gwangjin-smart-security-light,LA4056,,2026-09-13T15:06:54.013Z
gwangjin:security_light:LA4086,security_light,스마트보안등 LA4086,37.53548984,127.0755627,,,서울특별시 광진구,gwangjin-smart-security-light,LA4086,,2026-09-13T15:06:54.013Z
gwangjin:security_light:LA4147,security_light,스마트보안등 LA4147,37.53504194,127.0720011,,,서울특별시 광진구,gwangjin-smart-security-light,LA4147,,2026-09-13T15:06:54.013Z
gwangjin:security_light:LA4209,security_light,스마트보안등 LA4209,37.53385674,127.0748331,,,서울특별시 광진구,gwangjin-smart-security-light,LA4209,,2026-09-13T15:06:54.013Z
gwangjin:security_light:LA4229,security_light,스마트보안등 LA4229,37.53426964,127.0773631,,,서울특별시 광진구,gwangjin-smart-security-light,LA4229,,2026-09-13T15:06:54.013Z
gwangjin:security_light:LA4231,security_light,스마트보안등 LA4231,37.53335624,127.0699579,,,서울특별시 광진구,gwangjin-smart-security-light,LA4231,,2026-09-13T15:06:54.013Z
gwangjin:security_light:LA4257,security_light,스마트보안등 LA4257,37.53594574,127.072352,,,서울특별시 광진구,gwangjin-smart-security-light,LA4257,,2026-09-13T15:06:54.013Z
gwangjin:security_light:LA4299,security_light,스마트보안등 LA4299,37.53451344,127.0781629,,,서울특별시 광진구,gwangjin-smart-security-light,LA4299,,2026-09-13T15:06:54.013Z
gwangjin:security_light:LA4347,security_light,스마트보안등 LA4347,37.53330664,127.0731372,,,서울특별시 광진구,gwangjin-smart-security-light,LA4347,,2026-09-13T15:06:54.013Z
gwangjin:security_light:LA4351,security_light,스마트보안등 LA4351,37.53376954,127.0729934,,,서울특별시 광진구,gwangjin-smart-security-light,LA4351,,2026-09-13T15:06:54.013Z
gwangjin:security_light:LA4379,security_light,스마트보안등 LA4379,37.53673144,127.0783396,,,서울특별시 광진구,gwangjin-smart-security-light,LA4379,,2026-09-13T15:06:54.013Z
gwangjin:security_light:LA4381,security_light,스마트보안등 LA4381,37.53396044,127.0696836,,,서울특별시 광진구,gwangjin-smart-security-light,LA4381,,2026-09-13T15:06:54.013Z
gwangjin:security_light:LA4383,security_light,스마트보안등 LA4383,37.53433214,127.076972,,,서울특별시 광진구,gwangjin-smart-security-light,LA4383,,2026-09-13T15:06:54.013Z
gwangjin:security_light:LA4387,security_light,스마트보안등 LA4387,37.53421784,127.0776156,,,서울특별시 광진구,gwangjin-smart-security-light,LA4387,,2026-09-13T15:06:54.013Z
gwangjin:security_light:LA4396,security_light,스마트보안등 LA4396,37.53414964,127.0697724,,,서울특별시 광진구,gwangjin-smart-security-light,LA4396,,2026-09-13T15:06:54.013Z
gwangjin:security_light:LA4406,security_light,스마트보안등 LA4406,37.53444884,127.0779713,,,서울특별시 광진구,gwangjin-smart-security-light,LA4406,,2026-09-13T15:06:54.013Z
gwangjin:security_light:LA4408,security_light,스마트보안등 LA4408,37.53432574,127.0781657,,,서울특별시 광진구,gwangjin-smart-security-light,LA4408,,2026-09-13T15:06:54.013Z
gwangjin:security_light:LA4423,security_light,스마트보안등 LA4423,37.53726464,127.0784286,,,서울특별시 광진구,gwangjin-smart-security-light,LA4423,,2026-09-13T15:06:54.013Z
gwangjin:security_light:LA4553,security_light,스마트보안등 LA4553,37.53393914,127.07731,,,서울특별시 광진구,gwangjin-smart-security-light,LA4553,,2026-09-13T15:06:54.013Z
gwangjin:security_light:LA4584,security_light,스마트보안등 LA4584,37.53592884,127.074409,,,서울특별시 광진구,gwangjin-smart-security-light,LA4584,,2026-09-13T15:06:54.013Z
gwangjin:security_light:LA4589,security_light,스마트보안등 LA4589,37.53459134,127.0718204,,,서울특별시 광진구,gwangjin-smart-security-light,LA4589,,2026-09-13T15:06:54.013Z
gwangjin:security_light:LA4624,security_light,스마트보안등 LA4624,37.53561944,127.0752724,,,서울특별시 광진구,gwangjin-smart-security-light,LA4624,,2026-09-13T15:06:54.013Z
gwangjin:security_light:LA4652,security_light,스마트보안등 LA4652,37.53839544,127.0811988,,,서울특별시 광진구,gwangjin-smart-security-light,LA4652,,2026-09-13T15:06:54.013Z
gwangjin:security_light:LA4655,security_light,스마트보안등 LA4655,37.53372954,127.0770071,,,서울특별시 광진구,gwangjin-smart-security-light,LA4655,,2026-09-13T15:06:54.013Z
gwangjin:security_light:LA4689,security_light,스마트보안등 LA4689,37.53926374,127.0661304,,,서울특별시 광진구,gwangjin-smart-security-light,LA4689,,2026-09-13T15:06:54.013Z
gwangjin:security_light:LA4699,security_light,스마트보안등 LA4699,37.53868464,127.081637,,,서울특별시 광진구,gwangjin-smart-security-light,LA4699,,2026-09-13T15:06:54.013Z
gwangjin:security_light:LA4703,security_light,스마트보안등 LA4703,37.53376144,127.0695843,,,서울특별시 광진구,gwangjin-smart-security-light,LA4703,,2026-09-13T15:06:54.013Z
gwangjin:security_light:LA4716,security_light,스마트보안등 LA4716,37.53802594,127.0810016,,,서울특별시 광진구,gwangjin-smart-security-light,LA4716,,2026-09-13T15:06:54.013Z
gwangjin:security_light:LA4767,security_light,스마트보안등 LA4767,37.53889754,127.0671166,,,서울특별시 광진구,gwangjin-smart-security-light,LA4767,,2026-09-13T15:06:54.013Z
gwangjin:security_light:LA4768,security_light,스마트보안등 LA4768,37.53863324,127.0814,,,서울특별시 광진구,gwangjin-smart-security-light,LA4768,,2026-09-13T15:06:54.013Z
gwangjin:security_light:LA4769,security_light,스마트보안등 LA4769,37.53855024,127.081415,,,서울특별시 광진구,gwangjin-smart-security-light,LA4769,,2026-09-13T15:06:54.013Z
gwangjin:security_light:LA4773,security_light,스마트보안등 LA4773,37.53321554,127.0727427,,,서울특별시 광진구,gwangjin-smart-security-light,LA4773,,2026-09-13T15:06:54.013Z
gwangjin:security_light:LA4781,security_light,스마트보안등 LA4781,37.53395674,127.0715054,,,서울특별시 광진구,gwangjin-smart-security-light,LA4781,,2026-09-13T15:06:54.013Z
gwangjin:security_light:LA4786,security_light,스마트보안등 LA4786,37.53825244,127.0810703,,,서울특별시 광진구,gwangjin-smart-security-light,LA4786,,2026-09-13T15:06:54.013Z
gwangjin:security_light:LA4820,security_light,스마트보안등 LA4820,37.53880554,127.0670662,,,서울특별시 광진구,gwangjin-smart-security-light,LA4820,,2026-09-13T15:06:54.013Z
gwangjin:security_light:LA5015,security_light,스마트보안등 LA5015,37.53915404,127.082627,,,서울특별시 광진구,gwangjin-smart-security-light,LA5015,,2026-09-13T15:06:54.013Z
gwangjin:security_light:LA5155,security_light,스마트보안등 LA5155,37.53346864,127.0713077,,,서울특별시 광진구,gwangjin-smart-security-light,LA5155,,2026-09-13T15:06:54.013Z
gwangjin:security_light:LA5173,security_light,스마트보안등 LA5173,37.53414844,127.077579,,,서울특별시 광진구,gwangjin-smart-security-light,LA5173,,2026-09-13T15:06:54.013Z
gwangjin:security_light:LA5695,security_light,스마트보안등 LA5695,37.53358474,127.0729981,,,서울특별시 광진구,gwangjin-smart-security-light,LA5695,,2026-09-13T15:06:54.013Z
gwangjin:security_light:LA5867,security_light,스마트보안등 LA5867,37.53540244,127.0674254,,,서울특별시 광진구,gwangjin-smart-security-light,LA5867,,2026-09-13T15:06:54.013Z
gwangjin:security_light:LA5868,security_light,스마트보안등 LA5868,37.53468774,127.0777706,,,서울특별시 광진구,gwangjin-smart-security-light,LA5868,,2026-09-13T15:06:54.013Z
gwangjin:security_light:LA5873,security_light,스마트보안등 LA5873,37.53596344,127.0780659,,,서울특별시 광진구,gwangjin-smart-security-light,LA5873,,2026-09-13T15:06:54.013Z
gwangjin:security_light:LA5886,security_light,스마트보안등 LA5886,37.53927444,127.0659628,,,서울특별시 광진구,gwangjin-smart-security-light,LA5886,,2026-09-13T15:06:54.013Z
gwangjin:security_light:LA5888,security_light,스마트보안등 LA5888,37.53846174,127.0796311,,,서울특별시 광진구,gwangjin-smart-security-light,LA5888,,2026-09-13T15:06:54.013Z
gwangjin:security_light:LA5891,security_light,스마트보안등 LA5891,37.53474174,127.0774872,,,서울특별시 광진구,gwangjin-smart-security-light,LA5891,,2026-09-13T15:06:54.013Z
gwangjin:security_light:LA5894,security_light,스마트보안등 LA5894,37.53525924,127.0777806,,,서울특별시 광진구,gwangjin-smart-security-light,LA5894,,2026-09-13T15:06:54.013Z
gwangjin:security_light:LA5897,security_light,스마트보안등 LA5897,37.53326084,127.0710412,,,서울특별시 광진구,gwangjin-smart-security-light,LA5897,,2026-09-13T15:06:54.013Z
gwangjin:security_light:LA5901,security_light,스마트보안등 LA5901,37.53404424,127.0775863,,,서울특별시 광진구,gwangjin-smart-security-light,LA5901,,2026-09-13T15:06:54.013Z
gwangjin:security_light:LA5907,security_light,스마트보안등 LA5907,37.53370394,127.0713869,,,서울특별시 광진구,gwangjin-smart-security-light,LA5907,,2026-09-13T15:06:54.013Z
gwangjin:security_light:LA5908,security_light,스마트보안등 LA5908,37.53369484,127.0771773,,,서울특별시 광진구,gwangjin-smart-security-light,LA5908,,2026-09-13T15:06:54.013Z
gwangjin:security_light:LA5909,security_light,스마트보안등 LA5909,37.53907994,127.0824047,,,서울특별시 광진구,gwangjin-smart-security-light,LA5909,,2026-09-13T15:06:54.013Z
gwangjin:security_light:LA6240,security_light,스마트보안등 LA6240,37.53836694,127.0799097,,,서울특별시 광진구,gwangjin-smart-security-light,LA6240,,2026-09-13T15:06:54.013Z
gwangjin:security_light:LA6242,security_light,스마트보안등 LA6242,37.53514914,127.0673041,,,서울특별시 광진구,gwangjin-smart-security-light,LA6242,,2026-09-13T15:06:54.013Z
gwangjin:security_light:LA6244,security_light,스마트보안등 LA6244,37.53606874,127.0779171,,,서울특별시 광진구,gwangjin-smart-security-light,LA6244,,2026-09-13T15:06:54.013Z
gwangjin:security_light:LA6253,security_light,스마트보안등 LA6253,37.53877614,127.0817799,,,서울특별시 광진구,gwangjin-smart-security-light,LA6253,,2026-09-13T15:06:54.013Z
gwangjin:security_light:LA6282,security_light,스마트보안등 LA6282,37.53959564,127.0650741,,,서울특별시 광진구,gwangjin-smart-security-light,LA6282,,2026-09-13T15:06:54.013Z
gwangjin:security_light:LA6531,security_light,스마트보안등 LA6531,37.53387544,127.0728514,,,서울특별시 광진구,gwangjin-smart-security-light,LA6531,,2026-09-13T15:06:54.013Z
gwangjin:security_light:LA6638,security_light,스마트보안등 LA6638,37.54275521,127.0686246,,,서울특별시 광진구,gwangjin-smart-security-light,LA6638,,2026-09-13T15:06:54.013Z
gwangjin:security_light:LA6808,security_light,스마트보안등 LA6808,37.53734121,127.0672806,,,서울특별시 광진구,gwangjin-smart-security-light,LA6808,,2026-09-13T15:06:54.013Z
gwangjin:security_light:LA8901,security_light,스마트보안등 LA8901,37.54772994,127.0676427,,,서울특별시 광진구,gwangjin-smart-security-light,LA8901,,2026-09-13T15:06:54.013Z
gwangjin:security_light:LA9093,security_light,스마트보안등 LA9093,37.54070721,127.0638906,,,서울특별시 광진구,gwangjin-smart-security-light,LA9093,,2026-09-13T15:06:54.013Z
gwangjin:security_light:LA9094,security_light,스마트보안등 LA9094,37.53762821,127.0763796,,,서울특별시 광진구,gwangjin-smart-security-light,LA9094,,2026-09-13T15:06:54.013Z
gwangjin:security_light:LA9663,security_light,스마트보안등 LA9663,37.54502714,127.0710375,,,서울특별시 광진구,gwangjin-smart-security-light,LA9663,,2026-09-13T15:06:54.013Z
gwangjin:security_light:LA9881,security_light,스마트보안등 LA9881,37.54967221,127.0729346,,,서울특별시 광진구,gwangjin-smart-security-light,LA9881,,2026-09-13T15:06:54.013Z
gwangjin:security_light:LB3875,security_light,스마트보안등 LB3875,37.54343864,127.0674292,,,서울특별시 광진구,gwangjin-smart-security-light,LB3875,,2026-09-13T15:06:54.013Z
gwangjin:security_light:LB3876,security_light,스마트보안등 LB3876,37.54341394,127.067635,,,서울특별시 광진구,gwangjin-smart-security-light,LB3876,,2026-09-13T15:06:54.013Z
gwangjin:security_light:LB3878,security_light,스마트보안등 LB3878,37.54510984,127.0678655,,,서울특별시 광진구,gwangjin-smart-security-light,LB3878,,2026-09-13T15:06:54.013Z
gwangjin:security_light:LB3879,security_light,스마트보안등 LB3879,37.54553574,127.0682117,,,서울특별시 광진구,gwangjin-smart-security-light,LB3879,,2026-09-13T15:06:54.013Z
gwangjin:security_light:LB3880,security_light,스마트보안등 LB3880,37.54411144,127.0674955,,,서울특별시 광진구,gwangjin-smart-security-light,LB3880,,2026-09-13T15:06:54.013Z
gwangjin:security_light:LB3881,security_light,스마트보안등 LB3881,37.54437454,127.0682275,,,서울특별시 광진구,gwangjin-smart-security-light,LB3881,,2026-09-13T15:06:54.013Z
gwangjin:security_light:LB3882,security_light,스마트보안등 LB3882,37.54347514,127.0681269,,,서울특별시 광진구,gwangjin-smart-security-light,LB3882,,2026-09-13T15:06:54.013Z
gwangjin:security_light:LB3883,security_light,스마트보안등 LB3883,37.54484294,127.0686556,,,서울특별시 광진구,gwangjin-smart-security-light,LB3883,,2026-09-13T15:06:54.013Z
gwangjin:security_light:LB3886,security_light,스마트보안등 LB3886,37.54280294,127.0674606,,,서울특별시 광진구,gwangjin-smart-security-light,LB3886,,2026-09-13T15:06:54.013Z
gwangjin:security_light:LB3887,security_light,스마트보안등 LB3887,37.54493574,127.0683966,,,서울특별시 광진구,gwangjin-smart-security-light,LB3887,,2026-09-13T15:06:54.013Z
gwangjin:security_light:LB3888,security_light,스마트보안등 LB3888,37.54263294,127.0670032,,,서울특별시 광진구,gwangjin-smart-security-light,LB3888,,2026-09-13T15:06:54.013Z
gwangjin:security_light:LB3889,security_light,스마트보안등 LB3889,37.54327934,127.0680173,,,서울특별시 광진구,gwangjin-smart-security-light,LB3889,,2026-09-13T15:06:54.013Z
gwangjin:security_light:LB3899,security_light,스마트보안등 LB3899,37.54265994,127.0664763,,,서울특별시 광진구,gwangjin-smart-security-light,LB3899,,2026-09-13T15:06:54.013Z
gwangjin:security_light:LB3902,security_light,스마트보안등 LB3902,37.54318394,127.0669867,,,서울특별시 광진구,gwangjin-smart-security-light,LB3902,,2026-09-13T15:06:54.013Z
gwangjin:security_light:LB3935,security_light,스마트보안등 LB3935,37.54374744,127.0672766,,,서울특별시 광진구,gwangjin-smart-security-light,LB3935,,2026-09-13T15:06:54.013Z
gwangjin:security_light:LB3936,security_light,스마트보안등 LB3936,37.54233774,127.066921,,,서울특별시 광진구,gwangjin-smart-security-light,LB3936,,2026-09-13T15:06:54.013Z
gwangjin:security_light:LB3937,security_light,스마트보안등 LB3937,37.54318164,127.0676225,,,서울특별시 광진구,gwangjin-smart-security-light,LB3937,,2026-09-13T15:06:54.013Z
gwangjin:security_light:LB3938,security_light,스마트보안등 LB3938,37.54220684,127.0674196,,,서울특별시 광진구,gwangjin-smart-security-light,LB3938,,2026-09-13T15:06:54.013Z
gwangjin:security_light:LB3939,security_light,스마트보안등 LB3939,37.54336664,127.0677692,,,서울특별시 광진구,gwangjin-smart-security-light,LB3939,,2026-09-13T15:06:54.013Z
gwangjin:security_light:LB3942,security_light,스마트보안등 LB3942,37.54418184,127.0678229,,,서울특별시 광진구,gwangjin-smart-security-light,LB3942,,2026-09-13T15:06:54.013Z
gwangjin:security_light:LB3944,security_light,스마트보안등 LB3944,37.54331824,127.0670589,,,서울특별시 광진구,gwangjin-smart-security-light,LB3944,,2026-09-13T15:06:54.013Z
gwangjin:security_light:LB3945,security_light,스마트보안등 LB3945,37.54353114,127.0678122,,,서울특별시 광진구,gwangjin-smart-security-light,LB3945,,2026-09-13T15:06:54.013Z
gwangjin:security_light:LB3946,security_light,스마트보안등 LB3946,37.54369294,127.0682546,,,서울특별시 광진구,gwangjin-smart-security-light,LB3946,,2026-09-13T15:06:54.013Z
gwangjin:security_light:LB3947,security_light,스마트보안등 LB3947,37.54459224,127.0673711,,,서울특별시 광진구,gwangjin-smart-security-light,LB3947,,2026-09-13T15:06:54.013Z
gwangjin:security_light:LB5226,security_light,스마트보안등 LB5226,37.54821321,127.0727946,,,서울특별시 광진구,gwangjin-smart-security-light,LB5226,,2026-09-13T15:06:54.013Z
gwangjin:security_light:LB5239,security_light,스마트보안등 LB5239,37.54141221,127.0842916,,,서울특별시 광진구,gwangjin-smart-security-light,LB5239,,2026-09-13T15:06:54.013Z
gwangjin:security_light:LB5240,security_light,스마트보안등 LB5240,37.53962814,127.0658858,,,서울특별시 광진구,gwangjin-smart-security-light,LB5240,,2026-09-13T15:06:54.013Z
gwangjin:security_light:LB5253,security_light,스마트보안등 LB5253,37.54452444,127.0676075,,,서울특별시 광진구,gwangjin-smart-security-light,LB5253,,2026-09-13T15:06:54.013Z
gwangjin:security_light:LB5257,security_light,스마트보안등 LB5257,37.54848121,127.0725806,,,서울특별시 광진구,gwangjin-smart-security-light,LB5257,,2026-09-13T15:06:54.013Z
gwangjin:security_light:LB8403,security_light,스마트보안등 LB8403,37.54460704,127.0680529,,,서울특별시 광진구,gwangjin-smart-security-light,LB8403,,2026-09-13T15:06:54.013Z
gwangjin:security_light:LB8404,security_light,스마트보안등 LB8404,37.54513314,127.0681699,,,서울특별시 광진구,gwangjin-smart-security-light,LB8404,,2026-09-13T15:06:54.013Z
gwangjin:security_light:LB8406,security_light,스마트보안등 LB8406,37.54518254,127.0684706,,,서울특별시 광진구,gwangjin-smart-security-light,LB8406,,2026-09-13T15:06:54.013Z
gwangjin:security_light:LB8407,security_light,스마트보안등 LB8407,37.54322264,127.0673141,,,서울특별시 광진구,gwangjin-smart-security-light,LB8407,,2026-09-13T15:06:54.013Z
gwangjin:security_light:LB8408,security_light,스마트보안등 LB8408,37.54453784,127.0685782,,,서울특별시 광진구,gwangjin-smart-security-light,LB8408,,2026-09-13T15:06:54.013Z
gwangjin:security_light:LB8409,security_light,스마트보안등 LB8409,37.54530694,127.0682658,,,서울특별시 광진구,gwangjin-smart-security-light,LB8409,,2026-09-13T15:06:54.013Z
gwangjin:security_light:LB8410,security_light,스마트보안등 LB8410,37.54261244,127.066729,,,서울특별시 광진구,gwangjin-smart-security-light,LB8410,,2026-09-13T15:06:54.013Z
gwangjin:security_light:LB8411,security_light,스마트보안등 LB8411,37.54287124,127.0672059,,,서울특별시 광진구,gwangjin-smart-security-light,LB8411,,2026-09-13T15:06:54.013Z
gwangjin:security_light:LB8415,security_light,스마트보안등 LB8415,37.54467134,127.0678427,,,서울특별시 광진구,gwangjin-smart-security-light,LB8415,,2026-09-13T15:06:54.013Z
gwangjin:security_light:LB8416,security_light,스마트보안등 LB8416,37.54498364,127.068244,,,서울특별시 광진구,gwangjin-smart-security-light,LB8416,,2026-09-13T15:06:54.013Z
gwangjin:security_light:LB8417,security_light,스마트보안등 LB8417,37.54390974,127.0673692,,,서울특별시 광진구,gwangjin-smart-security-light,LB8417,,2026-09-13T15:06:54.013Z
gwangjin:security_light:LB8427,security_light,스마트보안등 LB8427,37.54249284,127.0673365,,,서울특별시 광진구,gwangjin-smart-security-light,LB8427,,2026-09-13T15:06:54.013Z
gwangjin:security_light:LB8464,security_light,스마트보안등 LB8464,37.54469734,127.0681026,,,서울특별시 광진구,gwangjin-smart-security-light,LB8464,,2026-09-13T15:06:54.013Z
gwangjin:security_light:LB8465,security_light,스마트보안등 LB8465,37.54299584,127.067574,,,서울특별시 광진구,gwangjin-smart-security-light,LB8465,,2026-09-13T15:06:54.013Z
gwangjin:security_light:LB8466,security_light,스마트보안등 LB8466,37.54555574,127.0678977,,,서울특별시 광진구,gwangjin-smart-security-light,LB8466,,2026-09-13T15:06:54.013Z
gwangjin:security_light:LB8467,security_light,스마트보안등 LB8467,37.54307434,127.067001,,,서울특별시 광진구,gwangjin-smart-security-light,LB8467,,2026-09-13T15:06:54.013Z
gwangjin:security_light:LB8470,security_light,스마트보안등 LB8470,37.54487021,127.0679396,,,서울특별시 광진구,gwangjin-smart-security-light,LB8470,,2026-09-13T15:06:54.013Z
gwangjin:security_light:LB8471,security_light,스마트보안등 LB8471,37.54247624,127.0665247,,,서울특별시 광진구,gwangjin-smart-security-light,LB8471,,2026-09-13T15:06:54.013Z
gwangjin:security_light:LB8473,security_light,스마트보안등 LB8473,37.54499854,127.0687519,,,서울특별시 광진구,gwangjin-smart-security-light,LB8473,,2026-09-13T15:06:54.013Z
gwangjin:security_light:LB8474,security_light,스마트보안등 LB8474,37.54548924,127.0681012,,,서울특별시 광진구,gwangjin-smart-security-light,LB8474,,2026-09-13T15:06:54.013Z
gwangjin:security_light:LB8475,security_light,스마트보안등 LB8475,37.54438814,127.0679369,,,서울특별시 광진구,gwangjin-smart-security-light,LB8475,,2026-09-13T15:06:54.013Z
gwangjin:security_light:LB8476,security_light,스마트보안등 LB8476,37.54229074,127.0671789,,,서울특별시 광진구,gwangjin-smart-security-light,LB8476,,2026-09-13T15:06:54.013Z
gwangjin:security_light:LB8477,security_light,스마트보안등 LB8477,37.54357904,127.0671709,,,서울특별시 광진구,gwangjin-smart-security-light,LB8477,,2026-09-13T15:06:54.013Z
gwangjin:security_light:LB8478,security_light,스마트보안등 LB8478,37.54527184,127.0679522,,,서울특별시 광진구,gwangjin-smart-security-light,LB8478,,2026-09-13T15:06:54.013Z
gwangjin:security_light:LB9741,security_light,스마트보안등 LB9741,37.54249834,127.0670119,,,서울특별시 광진구,gwangjin-smart-security-light,LB9741,,2026-09-13T15:06:54.013Z
gwangjin:security_light:LB9750,security_light,스마트보안등 LB9750,37.54371814,127.0679086,,,서울특별시 광진구,gwangjin-smart-security-light,LB9750,,2026-09-13T15:06:54.013Z
gwangjin:security_light:LB9767,security_light,스마트보안등 LB9767,37.54048794,127.0685074,,,서울특별시 광진구,gwangjin-smart-security-light,LB9767,,2026-09-13T15:06:54.013Z
gwangjin:security_light:LB9782,security_light,스마트보안등 LB9782,37.54982184,127.0701437,,,서울특별시 광진구,gwangjin-smart-security-light,LB9782,,2026-09-13T15:06:54.013Z
gwangjin:security_light:LC1141,security_light,스마트보안등 LC1141,37.54353721,127.0830296,,,서울특별시 광진구,gwangjin-smart-security-light,LC1141,,2026-09-13T15:06:54.013Z
gwangjin:security_light:LC1147,security_light,스마트보안등 LC1147,37.54267921,127.0828996,,,서울특별시 광진구,gwangjin-smart-security-light,LC1147,,2026-09-13T15:06:54.013Z
gwangjin:security_light:LC1148,security_light,스마트보안등 LC1148,37.54664521,127.0677036,,,서울특별시 광진구,gwangjin-smart-security-light,LC1148,,2026-09-13T15:06:54.013Z
gwangjin:security_light:LC1150,security_light,스마트보안등 LC1150,37.54740821,127.0677836,,,서울특별시 광진구,gwangjin-smart-security-light,LC1150,,2026-09-13T15:06:54.013Z
gwangjin:security_light:LC1152,security_light,스마트보안등 LC1152,37.54195021,127.0819236,,,서울특별시 광진구,gwangjin-smart-security-light,LC1152,,2026-09-13T15:06:54.013Z
gwangjin:security_light:LC1153,security_light,스마트보안등 LC1153,37.54251021,127.0827966,,,서울특별시 광진구,gwangjin-smart-security-light,LC1153,,2026-09-13T15:06:54.013Z
gwangjin:security_light:LC1155,security_light,스마트보안등 LC1155,37.54475321,127.0836056,,,서울특별시 광진구,gwangjin-smart-security-light,LC1155,,2026-09-13T15:06:54.013Z
gwangjin:security_light:LC1157,security_light,스마트보안등 LC1157,37.54450221,127.0835146,,,서울특별시 광진구,gwangjin-smart-security-light,LC1157,,2026-09-13T15:06:54.013Z
gwangjin:security_light:LC1160,security_light,스마트보안등 LC1160,37.54439321,127.0838126,,,서울특별시 광진구,gwangjin-smart-security-light,LC1160,,2026-09-13T15:06:54.013Z
gwangjin:security_light:LC1167,security_light,스마트보안등 LC1167,37.54383021,127.0838306,,,서울특별시 광진구,gwangjin-smart-security-light,LC1167,,2026-09-13T15:06:54.013Z
gwangjin:security_light:LC1174,security_light,스마트보안등 LC1174,37.54651321,127.0681316,,,서울특별시 광진구,gwangjin-smart-security-light,LC1174,,2026-09-13T15:06:54.013Z
gwangjin:security_light:LC1181,security_light,스마트보안등 LC1181,37.55001721,127.0729996,,,서울특별시 광진구,gwangjin-smart-security-light,LC1181,,2026-09-13T15:06:54.013Z
gwangjin:security_light:LC1184,security_light,스마트보안등 LC1184,37.54959221,127.0724186,,,서울특별시 광진구,gwangjin-smart-security-light,LC1184,,2026-09-13T15:06:54.013Z
gwangjin:security_light:LC1186,security_light,스마트보안등 LC1186,37.54235421,127.0833076,,,서울특별시 광진구,gwangjin-smart-security-light,LC1186,,2026-09-13T15:06:54.013Z
gwangjin:security_light:LC1189,security_light,스마트보안등 LC1189,37.54189021,127.0827396,,,서울특별시 광진구,gwangjin-smart-security-light,LC1189,,2026-09-13T15:06:54.013Z
gwangjin:security_light:LC1191,security_light,스마트보안등 LC1191,37.54244421,127.0832406,,,서울특별시 광진구,gwangjin-smart-security-light,LC1191,,2026-09-13T15:06:54.013Z
gwangjin:security_light:LC1192,security_light,스마트보안등 LC1192,37.54300821,127.0835616,,,서울특별시 광진구,gwangjin-smart-security-light,LC1192,,2026-09-13T15:06:54.013Z
gwangjin:security_light:LC1194,security_light,스마트보안등 LC1194,37.54263121,127.0820726,,,서울특별시 광진구,gwangjin-smart-security-light,LC1194,,2026-09-13T15:06:54.013Z
gwangjin:security_light:LC1197,security_light,스마트보안등 LC1197,37.54364421,127.0826916,,,서울특별시 광진구,gwangjin-smart-security-light,LC1197,,2026-09-13T15:06:54.013Z
gwangjin:security_light:LC1199,security_light,스마트보안등 LC1199,37.54382621,127.0827866,,,서울특별시 광진구,gwangjin-smart-security-light,LC1199,,2026-09-13T15:06:54.013Z
gwangjin:security_light:LC1200,security_light,스마트보안등 LC1200,37.54281521,127.0821776,,,서울특별시 광진구,gwangjin-smart-security-light,LC1200,,2026-09-13T15:06:54.013Z
gwangjin:security_light:LC1203,security_light,스마트보안등 LC1203,37.54309421,127.0824156,,,서울특별시 광진구,gwangjin-smart-security-light,LC1203,,2026-09-13T15:06:54.013Z
gwangjin:security_light:LC1204,security_light,스마트보안등 LC1204,37.54840221,127.0727016,,,서울특별시 광진구,gwangjin-smart-security-light,LC1204,,2026-09-13T15:06:54.013Z
gwangjin:security_light:LC1205,security_light,스마트보안등 LC1205,37.54234721,127.0819056,,,서울특별시 광진구,gwangjin-smart-security-light,LC1205,,2026-09-13T15:06:54.013Z
gwangjin:security_light:LC1206,security_light,스마트보안등 LC1206,37.54888521,127.0723996,,,서울특별시 광진구,gwangjin-smart-security-light,LC1206,,2026-09-13T15:06:54.013Z
gwangjin:security_light:LC1238,security_light,스마트보안등 LC1238,37.54138321,127.0833886,,,서울특별시 광진구,gwangjin-smart-security-light,LC1238,,2026-09-13T15:06:54.013Z
gwangjin:security_light:LC1240,security_light,스마트보안등 LC1240,37.54769221,127.0679136,,,서울특별시 광진구,gwangjin-smart-security-light,LC1240,,2026-09-13T15:06:54.013Z
gwangjin:security_light:LC1241,security_light,스마트보안등 LC1241,37.54154521,127.0828176,,,서울특별시 광진구,gwangjin-smart-security-light,LC1241,,2026-09-13T15:06:54.013Z
gwangjin:security_light:LC1243,security_light,스마트보안등 LC1243,37.54702521,127.0675666,,,서울특별시 광진구,gwangjin-smart-security-light,LC1243,,2026-09-13T15:06:54.013Z
gwangjin:security_light:LC1244,security_light,스마트보안등 LC1244,37.54224121,127.0822076,,,서울특별시 광진구,gwangjin-smart-security-light,LC1244,,2026-09-13T15:06:54.013Z
gwangjin:security_light:LC1253,security_light,스마트보안등 LC1253,37.54883021,127.0733096,,,서울특별시 광진구,gwangjin-smart-security-light,LC1253,,2026-09-13T15:06:54.013Z
gwangjin:security_light:LC1256,security_light,스마트보안등 LC1256,37.54846221,127.0732856,,,서울특별시 광진구,gwangjin-smart-security-light,LC1256,,2026-09-13T15:06:54.013Z
gwangjin:security_light:LC1258,security_light,스마트보안등 LC1258,37.54899521,127.0733166,,,서울특별시 광진구,gwangjin-smart-security-light,LC1258,,2026-09-13T15:06:54.013Z
gwangjin:security_light:LC1260,security_light,스마트보안등 LC1260,37.55038421,127.0690476,,,서울특별시 광진구,gwangjin-smart-security-light,LC1260,,2026-09-13T15:06:54.013Z
gwangjin:security_light:LC1261,security_light,스마트보안등 LC1261,37.54892421,127.0727126,,,서울특별시 광진구,gwangjin-smart-security-light,LC1261,,2026-09-13T15:06:54.013Z
gwangjin:security_light:LC1263,security_light,스마트보안등 LC1263,37.54936421,127.0721266,,,서울특별시 광진구,gwangjin-smart-security-light,LC1263,,2026-09-13T15:06:54.013Z
gwangjin:security_light:LC1266,security_light,스마트보안등 LC1266,37.54899521,127.0726726,,,서울특별시 광진구,gwangjin-smart-security-light,LC1266,,2026-09-13T15:06:54.013Z
gwangjin:security_light:LC1268,security_light,스마트보안등 LC1268,37.54690421,127.0676796,,,서울특별시 광진구,gwangjin-smart-security-light,LC1268,,2026-09-13T15:06:54.013Z
gwangjin:security_light:LC1273,security_light,스마트보안등 LC1273,37.54683121,127.0680446,,,서울특별시 광진구,gwangjin-smart-security-light,LC1273,,2026-09-13T15:06:54.013Z
gwangjin:security_light:LC1275,security_light,스마트보안등 LC1275,37.54870821,127.0733046,,,서울특별시 광진구,gwangjin-smart-security-light,LC1275,,2026-09-13T15:06:54.013Z
gwangjin:security_light:LC1284,security_light,스마트보안등 LC1284,37.54868021,127.0728196,,,서울특별시 광진구,gwangjin-smart-security-light,LC1284,,2026-09-13T15:06:54.013Z
gwangjin:security_light:LC1289,security_light,스마트보안등 LC1289,37.55013021,127.0690446,,,서울특별시 광진구,gwangjin-smart-security-light,LC1289,,2026-09-13T15:06:54.013Z
gwangjin:security_light:LC1292,security_light,스마트보안등 LC1292,37.54859821,127.0688306,,,서울특별시 광진구,gwangjin-smart-security-light,LC1292,,2026-09-13T15:06:54.013Z
gwangjin:security_light:LC1294,security_light,스마트보안등 LC1294,37.54936521,127.0693826,,,서울특별시 광진구,gwangjin-smart-security-light,LC1294,,2026-09-13T15:06:54.013Z
gwangjin:security_light:LC1297,security_light,스마트보안등 LC1297,37.54875821,127.0695836,,,서울특별시 광진구,gwangjin-smart-security-light,LC1297,,2026-09-13T15:06:54.013Z
gwangjin:security_light:LC1299,security_light,스마트보안등 LC1299,37.54953821,127.0730386,,,서울특별시 광진구,gwangjin-smart-security-light,LC1299,,2026-09-13T15:06:54.013Z
gwangjin:security_light:LC1306,security_light,스마트보안등 LC1306,37.54656721,127.0679596,,,서울특별시 광진구,gwangjin-smart-security-light,LC1306,,2026-09-13T15:06:54.013Z
gwangjin:security_light:LC1309,security_light,스마트보안등 LC1309,37.54643421,127.0683786,,,서울특별시 광진구,gwangjin-smart-security-light,LC1309,,2026-09-13T15:06:54.013Z
gwangjin:security_light:LC1312,security_light,스마트보안등 LC1312,37.54672621,127.0683096,,,서울특별시 광진구,gwangjin-smart-security-light,LC1312,,2026-09-13T15:06:54.013Z
gwangjin:security_light:LC1313,security_light,스마트보안등 LC1313,37.54944621,127.0691636,,,서울특별시 광진구,gwangjin-smart-security-light,LC1313,,2026-09-13T15:06:54.013Z
gwangjin:security_light:LC1316,security_light,스마트보안등 LC1316,37.54897021,127.0691726,,,서울특별시 광진구,gwangjin-smart-security-light,LC1316,,2026-09-13T15:06:54.013Z
gwangjin:security_light:LC1317,security_light,스마트보안등 LC1317,37.54958521,127.0687486,,,서울특별시 광진구,gwangjin-smart-security-light,LC1317,,2026-09-13T15:06:54.013Z
gwangjin:security_light:LC1319,security_light,스마트보안등 LC1319,37.54914221,127.0696376,,,서울특별시 광진구,gwangjin-smart-security-light,LC1319,,2026-09-13T15:06:54.013Z
gwangjin:security_light:LC1321,security_light,스마트보안등 LC1321,37.54399221,127.0832936,,,서울특별시 광진구,gwangjin-smart-security-light,LC1321,,2026-09-13T15:06:54.013Z
gwangjin:security_light:LC1324,security_light,스마트보안등 LC1324,37.54358221,127.0841226,,,서울특별시 광진구,gwangjin-smart-security-light,LC1324,,2026-09-13T15:06:54.013Z
gwangjin:security_light:LC1326,security_light,스마트보안등 LC1326,37.54354221,127.0837026,,,서울특별시 광진구,gwangjin-smart-security-light,LC1326,,2026-09-13T15:06:54.013Z
gwangjin:security_light:LC1330,security_light,스마트보안등 LC1330,37.54913521,127.0733276,,,서울특별시 광진구,gwangjin-smart-security-light,LC1330,,2026-09-13T15:06:54.013Z
gwangjin:security_light:LC1339,security_light,스마트보안등 LC1339,37.54917621,127.0721646,,,서울특별시 광진구,gwangjin-smart-security-light,LC1339,,2026-09-13T15:06:54.013Z
gwangjin:security_light:LC1342,security_light,스마트보안등 LC1342,37.55004021,127.0727896,,,서울특별시 광진구,gwangjin-smart-security-light,LC1342,,2026-09-13T15:06:54.013Z
gwangjin:security_light:LC2534,security_light,스마트보안등 LC2534,37.54276821,127.0826016,,,서울특별시 광진구,gwangjin-smart-security-light,LC2534,,2026-09-13T15:06:54.013Z
gwangjin:security_light:LC2547,security_light,스마트보안등 LC2547,37.54300121,127.0827206,,,서울특별시 광진구,gwangjin-smart-security-light,LC2547,,2026-09-13T15:06:54.013Z
gwangjin:security_light:LC2550,security_light,스마트보안등 LC2550,37.54720621,127.0676756,,,서울특별시 광진구,gwangjin-smart-security-light,LC2550,,2026-09-13T15:06:54.013Z
gwangjin:security_light:LC2557,security_light,스마트보안등 LC2557,37.54416321,127.0839496,,,서울특별시 광진구,gwangjin-smart-security-light,LC2557,,2026-09-13T15:06:54.013Z
gwangjin:security_light:LC2560,security_light,스마트보안등 LC2560,37.54359121,127.0838936,,,서울특별시 광진구,gwangjin-smart-security-light,LC2560,,2026-09-13T15:06:54.013Z
gwangjin:security_light:LC2564,security_light,스마트보안등 LC2564,37.54428921,127.0835666,,,서울특별시 광진구,gwangjin-smart-security-light,LC2564,,2026-09-13T15:06:54.013Z
gwangjin:security_light:LC2586,security_light,스마트보안등 LC2586,37.54228321,127.0835606,,,서울특별시 광진구,gwangjin-smart-security-light,LC2586,,2026-09-13T15:06:54.013Z
gwangjin:security_light:LC2588,security_light,스마트보안등 LC2588,37.54247021,127.0836616,,,서울특별시 광진구,gwangjin-smart-security-light,LC2588,,2026-09-13T15:06:54.013Z
gwangjin:security_light:LC2589,security_light,스마트보안등 LC2589,37.54181521,127.0826466,,,서울특별시 광진구,gwangjin-smart-security-light,LC2589,,2026-09-13T15:06:54.013Z
gwangjin:security_light:LC2590,security_light,스마트보안등 LC2590,37.54279621,127.0834606,,,서울특별시 광진구,gwangjin-smart-security-light,LC2590,,2026-09-13T15:06:54.013Z
gwangjin:security_light:LC2591,security_light,스마트보안등 LC2591,37.54333521,127.0838916,,,서울특별시 광진구,gwangjin-smart-security-light,LC2591,,2026-09-13T15:06:54.013Z
gwangjin:security_light:LC2594,security_light,스마트보안등 LC2594,37.54411521,127.0829416,,,서울특별시 광진구,gwangjin-smart-security-light,LC2594,,2026-09-13T15:06:54.013Z
gwangjin:security_light:LC2599,security_light,스마트보안등 LC2599,37.54231421,127.0826536,,,서울특별시 광진구,gwangjin-smart-security-light,LC2599,,2026-09-13T15:06:54.013Z
gwangjin:security_light:LC2600,security_light,스마트보안등 LC2600,37.54207521,127.0816356,,,서울특별시 광진구,gwangjin-smart-security-light,LC2600,,2026-09-13T15:06:54.013Z
gwangjin:security_light:LC2601,security_light,스마트보안등 LC2601,37.54942521,127.0721026,,,서울특별시 광진구,gwangjin-smart-security-light,LC2601,,2026-09-13T15:06:54.013Z
gwangjin:security_light:LC2602,security_light,스마트보안등 LC2602,37.54244321,127.0824126,,,서울특별시 광진구,gwangjin-smart-security-light,LC2602,,2026-09-13T15:06:54.013Z
gwangjin:security_light:LC2604,security_light,스마트보안등 LC2604,37.54906321,127.0730566,,,서울특별시 광진구,gwangjin-smart-security-light,LC2604,,2026-09-13T15:06:54.013Z
gwangjin:security_light:LC2637,security_light,스마트보안등 LC2637,37.54182221,127.0821946,,,서울특별시 광진구,gwangjin-smart-security-light,LC2637,,2026-09-13T15:06:54.013Z
gwangjin:security_light:LC2638,security_light,스마트보안등 LC2638,37.54162521,127.0824166,,,서울특별시 광진구,gwangjin-smart-security-light,LC2638,,2026-09-13T15:06:54.013Z
gwangjin:security_light:LC2640,security_light,스마트보안등 LC2640,37.54185721,127.0830606,,,서울특별시 광진구,gwangjin-smart-security-light,LC2640,,2026-09-13T15:06:54.013Z
gwangjin:security_light:LC2642,security_light,스마트보안등 LC2642,37.54751214,127.0678213,,,서울특별시 광진구,gwangjin-smart-security-light,LC2642,,2026-09-13T15:06:54.013Z
gwangjin:security_light:LC2643,security_light,스마트보안등 LC2643,37.54212321,127.0824066,,,서울특별시 광진구,gwangjin-smart-security-light,LC2643,,2026-09-13T15:06:54.013Z
gwangjin:security_light:LC2649,security_light,스마트보안등 LC2649,37.54156521,127.0833136,,,서울특별시 광진구,gwangjin-smart-security-light,LC2649,,2026-09-13T15:06:54.013Z
gwangjin:security_light:LC2655,security_light,스마트보안등 LC2655,37.54857121,127.0732956,,,서울특별시 광진구,gwangjin-smart-security-light,LC2655,,2026-09-13T15:06:54.013Z
gwangjin:security_light:LC2660,security_light,스마트보안등 LC2660,37.54933021,127.0731936,,,서울특별시 광진구,gwangjin-smart-security-light,LC2660,,2026-09-13T15:06:54.013Z
gwangjin:security_light:LC2662,security_light,스마트보안등 LC2662,37.54878621,127.0730406,,,서울특별시 광진구,gwangjin-smart-security-light,LC2662,,2026-09-13T15:06:54.013Z
gwangjin:security_light:LC2665,security_light,스마트보안등 LC2665,37.54924721,127.0722916,,,서울특별시 광진구,gwangjin-smart-security-light,LC2665,,2026-09-13T15:06:54.013Z
gwangjin:security_light:LC2669,security_light,스마트보안등 LC2669,37.54889521,127.0696006,,,서울특별시 광진구,gwangjin-smart-security-light,LC2669,,2026-09-13T15:06:54.013Z
gwangjin:security_light:LC2673,security_light,스마트보안등 LC2673,37.54712421,127.0672806,,,서울특별시 광진구,gwangjin-smart-security-light,LC2673,,2026-09-13T15:06:54.013Z
gwangjin:security_light:LC2687,security_light,스마트보안등 LC2687,37.54857421,127.0717666,,,서울특별시 광진구,gwangjin-smart-security-light,LC2687,,2026-09-13T15:06:54.013Z
gwangjin:security_light:LC2688,security_light,스마트보안등 LC2688,37.54974821,127.0732266,,,서울특별시 광진구,gwangjin-smart-security-light,LC2688,,2026-09-13T15:06:54.013Z
gwangjin:security_light:LC2698,security_light,스마트보안등 LC2698,37.54982421,127.0728236,,,서울특별시 광진구,gwangjin-smart-security-light,LC2698,,2026-09-13T15:06:54.013Z
gwangjin:security_light:LC2701,security_light,스마트보안등 LC2701,37.54997321,127.0726216,,,서울특별시 광진구,gwangjin-smart-security-light,LC2701,,2026-09-13T15:06:54.013Z
gwangjin:security_light:LC2713,security_light,스마트보안등 LC2713,37.54877821,127.0687386,,,서울특별시 광진구,gwangjin-smart-security-light,LC2713,,2026-09-13T15:06:54.013Z
gwangjin:security_light:LC2716,security_light,스마트보안등 LC2716,37.54840921,127.0724416,,,서울특별시 광진구,gwangjin-smart-security-light,LC2716,,2026-09-13T15:06:54.013Z
gwangjin:security_light:LC2718,security_light,스마트보안등 LC2718,37.54918421,127.0686066,,,서울특별시 광진구,gwangjin-smart-security-light,LC2718,,2026-09-13T15:06:54.013Z
gwangjin:security_light:LC2720,security_light,스마트보안등 LC2720,37.54188821,127.0820526,,,서울특별시 광진구,gwangjin-smart-security-light,LC2720,,2026-09-13T15:06:54.013Z
gwangjin:security_light:LC2723,security_light,스마트보안등 LC2723,37.54252621,127.0834666,,,서울특별시 광진구,gwangjin-smart-security-light,LC2723,,2026-09-13T15:06:54.013Z
gwangjin:security_light:LC2724,security_light,스마트보안등 LC2724,37.54198221,127.0831486,,,서울특별시 광진구,gwangjin-smart-security-light,LC2724,,2026-09-13T15:06:54.013Z
gwangjin:security_light:LC2726,security_light,스마트보안등 LC2726,37.54171821,127.0830726,,,서울특별시 광진구,gwangjin-smart-security-light,LC2726,,2026-09-13T15:06:54.013Z
gwangjin:security_light:LC2731,security_light,스마트보안등 LC2731,37.54383521,127.0830996,,,서울특별시 광진구,gwangjin-smart-security-light,LC2731,,2026-09-13T15:06:54.013Z
gwangjin:security_light:LC2736,security_light,스마트보안등 LC2736,37.54941921,127.0726346,,,서울특별시 광진구,gwangjin-smart-security-light,LC2736,,2026-09-13T15:06:54.013Z
gwangjin:security_light:LC6086,security_light,스마트보안등 LC6086,37.54663434,127.0720466,,,서울특별시 광진구,gwangjin-smart-security-light,LC6086,,2026-09-13T15:06:54.013Z
gwangjin:security_light:LC6090,security_light,스마트보안등 LC6090,37.54133154,127.0674601,,,서울특별시 광진구,gwangjin-smart-security-light,LC6090,,2026-09-13T15:06:54.013Z
gwangjin:security_light:LC6092,security_light,스마트보안등 LC6092,37.53734124,127.0747465,,,서울특별시 광진구,gwangjin-smart-security-light,LC6092,,2026-09-13T15:06:54.013Z
gwangjin:security_light:LC6101,security_light,스마트보안등 LC6101,37.53579721,127.0756636,,,서울특별시 광진구,gwangjin-smart-security-light,LC6101,,2026-09-13T15:06:54.013Z
gwangjin:security_light:LC6554,security_light,스마트보안등 LC6554,37.53783721,127.0654746,,,서울특별시 광진구,gwangjin-smart-security-light,LC6554,,2026-09-13T15:06:54.013Z
gwangjin:security_light:LC6578,security_light,스마트보안등 LC6578,37.54406524,127.0670803,,,서울특별시 광진구,gwangjin-smart-security-light,LC6578,,2026-09-13T15:06:54.013Z
gwangjin:security_light:LC6595,security_light,스마트보안등 LC6595,37.54456574,127.0689626,,,서울특별시 광진구,gwangjin-smart-security-light,LC6595,,2026-09-13T15:06:54.013Z
gwangjin:security_light:LC6756,security_light,스마트보안등 LC6756,37.54524844,127.0674789,,,서울특별시 광진구,gwangjin-smart-security-light,LC6756,,2026-09-13T15:06:54.013Z
gwangjin:security_light:LC6785,security_light,스마트보안등 LC6785,37.54221084,127.0671079,,,서울특별시 광진구,gwangjin-smart-security-light,LC6785,,2026-09-13T15:06:54.013Z
gwangjin:security_light:LC6887,security_light,스마트보안등 LC6887,37.54272694,127.0680525,,,서울특별시 광진구,gwangjin-smart-security-light,LC6887,,2026-09-13T15:06:54.013Z
gwangjin:security_light:LC6902,security_light,스마트보안등 LC6902,37.54571374,127.0684599,,,서울특별시 광진구,gwangjin-smart-security-light,LC6902,,2026-09-13T15:06:54.013Z
gwangjin:security_light:LC6903,security_light,스마트보안등 LC6903,37.54492594,127.0673812,,,서울특별시 광진구,gwangjin-smart-security-light,LC6903,,2026-09-13T15:06:54.013Z
gwangjin:security_light:LC6918,security_light,스마트보안등 LC6918,37.54520184,127.0689352,,,서울특별시 광진구,gwangjin-smart-security-light,LC6918,,2026-09-13T15:06:54.013Z
gwangjin:security_light:LC6944,security_light,스마트보안등 LC6944,37.54352494,127.0665491,,,서울특별시 광진구,gwangjin-smart-security-light,LC6944,,2026-09-13T15:06:54.013Z
gwangjin:security_light:LC6967,security_light,스마트보안등 LC6967,37.54239384,127.0674865,,,서울특별시 광진구,gwangjin-smart-security-light,LC6967,,2026-09-13T15:06:54.013Z
gwangjin:security_light:LC6971,security_light,스마트보안등 LC6971,37.54567014,127.0677106,,,서울특별시 광진구,gwangjin-smart-security-light,LC6971,,2026-09-13T15:06:54.013Z
gwangjin:security_light:LC6972,security_light,스마트보안등 LC6972,37.54291004,127.0678219,,,서울특별시 광진구,gwangjin-smart-security-light,LC6972,,2026-09-13T15:06:54.013Z
gwangjin:security_light:LC6978,security_light,스마트보안등 LC6978,37.54372124,127.0685073,,,서울특별시 광진구,gwangjin-smart-security-light,LC6978,,2026-09-13T15:06:54.013Z
gwangjin:security_light:LC7016,security_light,스마트보안등 LC7016,37.54228034,127.0678058,,,서울특별시 광진구,gwangjin-smart-security-light,LC7016,,2026-09-13T15:06:54.013Z
gwangjin:security_light:LC7032,security_light,스마트보안등 LC7032,37.54208984,127.0676279,,,서울특별시 광진구,gwangjin-smart-security-light,LC7032,,2026-09-13T15:06:54.013Z
gwangjin:security_light:LC7050,security_light,스마트보안등 LC7050,37.54292534,127.0662262,,,서울특별시 광진구,gwangjin-smart-security-light,LC7050,,2026-09-13T15:06:54.013Z
gwangjin:security_light:LC7058,security_light,스마트보안등 LC7058,37.54588094,127.0678256,,,서울특별시 광진구,gwangjin-smart-security-light,LC7058,,2026-09-13T15:06:54.013Z
gwangjin:security_light:LC7069,security_light,스마트보안등 LC7069,37.54261004,127.0660646,,,서울특별시 광진구,gwangjin-smart-security-light,LC7069,,2026-09-13T15:06:54.013Z
gwangjin:security_light:LC7081,security_light,스마트보안등 LC7081,37.54317921,127.0667716,,,서울특별시 광진구,gwangjin-smart-security-light,LC7081,,2026-09-13T15:06:54.013Z
gwangjin:security_light:LC7096,security_light,스마트보안등 LC7096,37.53877514,127.063589,,,서울특별시 광진구,gwangjin-smart-security-light,LC7096,,2026-09-13T15:06:54.013Z
gwangjin:security_light:LC7098,security_light,스마트보안등 LC7098,37.54316294,127.066354,,,서울특별시 광진구,gwangjin-smart-security-light,LC7098,,2026-09-13T15:06:54.013Z
gwangjin:security_light:LC7108,security_light,스마트보안등 LC7108,37.54554474,127.0686159,,,서울특별시 광진구,gwangjin-smart-security-light,LC7108,,2026-09-13T15:06:54.013Z
gwangjin:security_light:LC7112,security_light,스마트보안등 LC7112,37.54448304,127.06937,,,서울특별시 광진구,gwangjin-smart-security-light,LC7112,,2026-09-13T15:06:54.013Z
gwangjin:security_light:LC7763,security_light,스마트보안등 LC7763,37.54347294,127.0667304,,,서울특별시 광진구,gwangjin-smart-security-light,LC7763,,2026-09-13T15:06:54.013Z
gwangjin:security_light:LC7765,security_light,스마트보안등 LC7765,37.54611584,127.0681006,,,서울특별시 광진구,gwangjin-smart-security-light,LC7765,,2026-09-13T15:06:54.013Z
gwangjin:security_light:LC7767,security_light,스마트보안등 LC7767,37.54282724,127.0680296,,,서울특별시 광진구,gwangjin-smart-security-light,LC7767,,2026-09-13T15:06:54.013Z
gwangjin:security_light:LC7768,security_light,스마트보안등 LC7768,37.54548564,127.0676139,,,서울특별시 광진구,gwangjin-smart-security-light,LC7768,,2026-09-13T15:06:54.013Z
gwangjin:security_light:LC7789,security_light,스마트보안등 LC7789,37.54345324,127.0668438,,,서울특별시 광진구,gwangjin-smart-security-light,LC7789,,2026-09-13T15:06:54.013Z
gwangjin:security_light:LC7791,security_light,스마트보안등 LC7791,37.54550854,127.0676967,,,서울특별시 광진구,gwangjin-smart-security-light,LC7791,,2026-09-13T15:06:54.013Z
gwangjin:security_light:LC7794,security_light,스마트보안등 LC7794,37.54468874,127.0690949,,,서울특별시 광진구,gwangjin-smart-security-light,LC7794,,2026-09-13T15:06:54.013Z
gwangjin:security_light:LC7796,security_light,스마트보안등 LC7796,37.54415534,127.0672842,,,서울특별시 광진구,gwangjin-smart-security-light,LC7796,,2026-09-13T15:06:54.013Z
gwangjin:security_light:LC8288,security_light,스마트보안등 LC8288,37.54226004,127.0665318,,,서울특별시 광진구,gwangjin-smart-security-light,LC8288,,2026-09-13T15:06:54.013Z
gwangjin:security_light:LC8296,security_light,스마트보안등 LC8296,37.54288844,127.0665782,,,서울특별시 광진구,gwangjin-smart-security-light,LC8296,,2026-09-13T15:06:54.013Z
gwangjin:security_light:LC8303,security_light,스마트보안등 LC8303,37.54212994,127.0675202,,,서울특별시 광진구,gwangjin-smart-security-light,LC8303,,2026-09-13T15:06:54.013Z
gwangjin:security_light:LC8798,security_light,스마트보안등 LC8798,37.54299634,127.0666326,,,서울특별시 광진구,gwangjin-smart-security-light,LC8798,,2026-09-13T15:06:54.013Z
gwangjin:security_light:LD1097,security_light,스마트보안등 LD1097,37.54685721,127.0696326,,,서울특별시 광진구,gwangjin-smart-security-light,LD1097,,2026-09-13T15:06:54.013Z
gwangjin:security_light:LD1099,security_light,스마트보안등 LD1099,37.53698494,127.0745644,,,서울특별시 광진구,gwangjin-smart-security-light,LD1099,,2026-09-13T15:06:54.013Z
gwangjin:security_light:LD1101,security_light,스마트보안등 LD1101,37.53449794,127.0773816,,,서울특별시 광진구,gwangjin-smart-security-light,LD1101,,2026-09-13T15:06:54.013Z
gwangjin:security_light:LD1112,security_light,스마트보안등 LD1112,37.54127094,127.0676465,,,서울특별시 광진구,gwangjin-smart-security-light,LD1112,,2026-09-13T15:06:54.013Z
gwangjin:security_light:LD1526,security_light,스마트보안등 LD1526,37.54530994,127.0688246,,,서울특별시 광진구,gwangjin-smart-security-light,LD1526,,2026-09-13T15:06:54.013Z
gwangjin:security_light:LD1538,security_light,스마트보안등 LD1538,37.54414764,127.0687419,,,서울특별시 광진구,gwangjin-smart-security-light,LD1538,,2026-09-13T15:06:54.013Z
gwangjin:security_light:LD1550,security_light,스마트보안등 LD1550,37.54468414,127.0694063,,,서울특별시 광진구,gwangjin-smart-security-light,LD1550,,2026-09-13T15:06:54.013Z
gwangjin:security_light:LD1559,security_light,스마트보안등 LD1559,37.54510884,127.0690108,,,서울특별시 광진구,gwangjin-smart-security-light,LD1559,,2026-09-13T15:06:54.013Z
gwangjin:security_light:LD1570,security_light,스마트보안등 LD1570,37.54457734,127.0692223,,,서울특별시 광진구,gwangjin-smart-security-light,LD1570,,2026-09-13T15:06:54.013Z
gwangjin:security_light:LD1586,security_light,스마트보안등 LD1586,37.54260384,127.0661395,,,서울특별시 광진구,gwangjin-smart-security-light,LD1586,,2026-09-13T15:06:54.013Z
gwangjin:security_light:LD1712,security_light,스마트보안등 LD1712,37.54295964,127.0680972,,,서울특별시 광진구,gwangjin-smart-security-light,LD1712,,2026-09-13T15:06:54.013Z
gwangjin:security_light:LD1871,security_light,스마트보안등 LD1871,37.54249914,127.0679278,,,서울특별시 광진구,gwangjin-smart-security-light,LD1871,,2026-09-13T15:06:54.013Z
gwangjin:security_light:LD1872,security_light,스마트보안등 LD1872,37.54247264,127.06757,,,서울특별시 광진구,gwangjin-smart-security-light,LD1872,,2026-09-13T15:06:54.013Z
gwangjin:security_light:LD1879,security_light,스마트보안등 LD1879,37.54479144,127.0688069,,,서울특별시 광진구,gwangjin-smart-security-light,LD1879,,2026-09-13T15:06:54.013Z
gwangjin:security_light:LD1880,security_light,스마트보안등 LD1880,37.54428744,127.0684577,,,서울특별시 광진구,gwangjin-smart-security-light,LD1880,,2026-09-13T15:06:54.013Z
gwangjin:security_light:LD1881,security_light,스마트보안등 LD1881,37.54385814,127.0667315,,,서울특별시 광진구,gwangjin-smart-security-light,LD1881,,2026-09-13T15:06:54.013Z
gwangjin:security_light:LD1882,security_light,스마트보안등 LD1882,37.54263164,127.0677883,,,서울특별시 광진구,gwangjin-smart-security-light,LD1882,,2026-09-13T15:06:54.013Z
gwangjin:security_light:LD1887,security_light,스마트보안등 LD1887,37.54391874,127.0686143,,,서울특별시 광진구,gwangjin-smart-security-light,LD1887,,2026-09-13T15:06:54.013Z
gwangjin:security_light:LD1893,security_light,스마트보안등 LD1893,37.54482024,127.0672523,,,서울특별시 광진구,gwangjin-smart-security-light,LD1893,,2026-09-13T15:06:54.013Z
gwangjin:security_light:LD1915,security_light,스마트보안등 LD1915,37.54448144,127.0670685,,,서울특별시 광진구,gwangjin-smart-security-light,LD1915,,2026-09-13T15:06:54.013Z
gwangjin:security_light:LD1952,security_light,스마트보안등 LD1952,37.54610021,127.0670416,,,서울특별시 광진구,gwangjin-smart-security-light,LD1952,,2026-09-13T15:06:54.013Z
gwangjin:security_light:LD1956,security_light,스마트보안등 LD1956,37.54274134,127.0661358,,,서울특별시 광진구,gwangjin-smart-security-light,LD1956,,2026-09-13T15:06:54.013Z
gwangjin:security_light:LD1976,security_light,스마트보안등 LD1976,37.54435654,127.0670036,,,서울특별시 광진구,gwangjin-smart-security-light,LD1976,,2026-09-13T15:06:54.013Z
gwangjin:security_light:LD1980,security_light,스마트보안등 LD1980,37.54604194,127.0679821,,,서울특별시 광진구,gwangjin-smart-security-light,LD1980,,2026-09-13T15:06:54.013Z
gwangjin:security_light:LD1984,security_light,스마트보안등 LD1984,37.54321504,127.0682106,,,서울특별시 광진구,gwangjin-smart-security-light,LD1984,,2026-09-13T15:06:54.013Z
gwangjin:security_light:LD2001,security_light,스마트보안등 LD2001,37.54657521,127.0673066,,,서울특별시 광진구,gwangjin-smart-security-light,LD2001,,2026-09-13T15:06:54.013Z
gwangjin:security_light:LD2012,security_light,스마트보안등 LD2012,37.54440834,127.0688485,,,서울특별시 광진구,gwangjin-smart-security-light,LD2012,,2026-09-13T15:06:54.013Z
gwangjin:security_light:LD2013,security_light,스마트보안등 LD2013,37.54588721,127.0669286,,,서울특별시 광진구,gwangjin-smart-security-light,LD2013,,2026-09-13T15:06:54.013Z
gwangjin:security_light:LD2050,security_light,스마트보안등 LD2050,37.54588954,127.0683009,,,서울특별시 광진구,gwangjin-smart-security-light,LD2050,,2026-09-13T15:06:54.013Z
gwangjin:security_light:LD2054,security_light,스마트보안등 LD2054,37.54367324,127.0668555,,,서울특별시 광진구,gwangjin-smart-security-light,LD2054,,2026-09-13T15:06:54.013Z
gwangjin:security_light:LD2064,security_light,스마트보안등 LD2064,37.54413094,127.0668862,,,서울특별시 광진구,gwangjin-smart-security-light,LD2064,,2026-09-13T15:06:54.013Z
gwangjin:security_light:LD2141,security_light,스마트보안등 LD2141,37.54528334,127.0687335,,,서울특별시 광진구,gwangjin-smart-security-light,LD2141,,2026-09-13T15:06:54.013Z
gwangjin:security_light:LD2704,security_light,스마트보안등 LD2704,37.54327944,127.0682753,,,서울특별시 광진구,gwangjin-smart-security-light,LD2704,,2026-09-13T15:06:54.013Z
gwangjin:security_light:LD2705,security_light,스마트보안등 LD2705,37.54403274,127.0683729,,,서울특별시 광진구,gwangjin-smart-security-light,LD2705,,2026-09-13T15:06:54.013Z
gwangjin:security_light:LD2707,security_light,스마트보안등 LD2707,37.54353204,127.0684035,,,서울특별시 광진구,gwangjin-smart-security-light,LD2707,,2026-09-13T15:06:54.013Z
gwangjin:security_light:LD3319,security_light,스마트보안등 LD3319,37.54317514,127.0682163,,,서울특별시 광진구,gwangjin-smart-security-light,LD3319,,2026-09-13T15:06:54.013Z
gwangjin:security_light:LD5301,security_light,스마트보안등 LD5301,37.54355121,127.0687416,,,서울특별시 광진구,gwangjin-smart-security-light,LD5301,,2026-09-13T15:06:54.013Z
gwangjin:security_light:LD5302,security_light,스마트보안등 LD5302,37.53909921,127.0633226,,,서울특별시 광진구,gwangjin-smart-security-light,LD5302,,2026-09-13T15:06:54.013Z
gwangjin:security_light:LD5310,security_light,스마트보안등 LD5310,37.53839721,127.0636336,,,서울특별시 광진구,gwangjin-smart-security-light,LD5310,,2026-09-13T15:06:54.013Z
gwangjin:security_light:LD5313,security_light,스마트보안등 LD5313,37.53928521,127.0629066,,,서울특별시 광진구,gwangjin-smart-security-light,LD5313,,2026-09-13T15:06:54.013Z
gwangjin:security_light:LD5315,security_light,스마트보안등 LD5315,37.53972321,127.0636566,,,서울특별시 광진구,gwangjin-smart-security-light,LD5315,,2026-09-13T15:06:54.013Z
gwangjin:security_light:LD5317,security_light,스마트보안등 LD5317,37.53848644,127.0654399,,,서울특별시 광진구,gwangjin-smart-security-light,LD5317,,2026-09-13T15:06:54.013Z
gwangjin:security_light:LD5318,security_light,스마트보안등 LD5318,37.53806821,127.0644196,,,서울특별시 광진구,gwangjin-smart-security-light,LD5318,,2026-09-13T15:06:54.013Z
gwangjin:security_light:LD5319,security_light,스마트보안등 LD5319,37.53828921,127.0652656,,,서울특별시 광진구,gwangjin-smart-security-light,LD5319,,2026-09-13T15:06:54.013Z
gwangjin:security_light:LD5321,security_light,스마트보안등 LD5321,37.53952621,127.0639326,,,서울특별시 광진구,gwangjin-smart-security-light,LD5321,,2026-09-13T15:06:54.013Z
gwangjin:security_light:LD5322,security_light,스마트보안등 LD5322,37.53833021,127.0640256,,,서울특별시 광진구,gwangjin-smart-security-light,LD5322,,2026-09-13T15:06:54.013Z
gwangjin:security_light:LD5323,security_light,스마트보안등 LD5323,37.54334121,127.0687006,,,서울특별시 광진구,gwangjin-smart-security-light,LD5323,,2026-09-13T15:06:54.013Z
gwangjin:security_light:LD5325,security_light,스마트보안등 LD5325,37.53962121,127.0638426,,,서울특별시 광진구,gwangjin-smart-security-light,LD5325,,2026-09-13T15:06:54.013Z
gwangjin:security_light:LD5326,security_light,스마트보안등 LD5326,37.53879121,127.0631786,,,서울특별시 광진구,gwangjin-smart-security-light,LD5326,,2026-09-13T15:06:54.013Z
gwangjin:security_light:LD5327,security_light,스마트보안등 LD5327,37.53765221,127.0646646,,,서울특별시 광진구,gwangjin-smart-security-light,LD5327,,2026-09-13T15:06:54.013Z
gwangjin:security_light:LD5328,security_light,스마트보안등 LD5328,37.53921821,127.0641746,,,서울특별시 광진구,gwangjin-smart-security-light,LD5328,,2026-09-13T15:06:54.013Z
gwangjin:security_light:LD5331,security_light,스마트보안등 LD5331,37.54415121,127.0656776,,,서울특별시 광진구,gwangjin-smart-security-light,LD5331,,2026-09-13T15:06:54.013Z
gwangjin:security_light:LD5332,security_light,스마트보안등 LD5332,37.54443934,127.0680443,,,서울특별시 광진구,gwangjin-smart-security-light,LD5332,,2026-09-13T15:06:54.013Z
gwangjin:security_light:LD5333,security_light,스마트보안등 LD5333,37.54374621,127.0687536,,,서울특별시 광진구,gwangjin-smart-security-light,LD5333,,2026-09-13T15:06:54.013Z
gwangjin:security_light:LD5334,security_light,스마트보안등 LD5334,37.53934821,127.0634546,,,서울특별시 광진구,gwangjin-smart-security-light,LD5334,,2026-09-13T15:06:54.013Z
gwangjin:security_light:LD5335,security_light,스마트보안등 LD5335,37.54373221,127.0691516,,,서울특별시 광진구,gwangjin-smart-security-light,LD5335,,2026-09-13T15:06:54.013Z
gwangjin:security_light:LD5336,security_light,스마트보안등 LD5336,37.54379121,127.0664356,,,서울특별시 광진구,gwangjin-smart-security-light,LD5336,,2026-09-13T15:06:54.013Z
gwangjin:security_light:LD5337,security_light,스마트보안등 LD5337,37.54402621,127.0657086,,,서울특별시 광진구,gwangjin-smart-security-light,LD5337,,2026-09-13T15:06:54.013Z
gwangjin:security_light:LD5338,security_light,스마트보안등 LD5338,37.53914721,127.0636136,,,서울특별시 광진구,gwangjin-smart-security-light,LD5338,,2026-09-13T15:06:54.013Z
gwangjin:security_light:LD5339,security_light,스마트보안등 LD5339,37.54408121,127.0654796,,,서울특별시 광진구,gwangjin-smart-security-light,LD5339,,2026-09-13T15:06:54.013Z
gwangjin:security_light:LD5340,security_light,스마트보안등 LD5340,37.53934221,127.0642906,,,서울특별시 광진구,gwangjin-smart-security-light,LD5340,,2026-09-13T15:06:54.013Z
gwangjin:security_light:LD5341,security_light,스마트보안등 LD5341,37.53811521,127.0639206,,,서울특별시 광진구,gwangjin-smart-security-light,LD5341,,2026-09-13T15:06:54.013Z
gwangjin:security_light:LD5342,security_light,스마트보안등 LD5342,37.5381551,127.06416037,,,서울특별시 광진구,gwangjin-smart-security-light,LD5342,,2026-09-13T15:06:54.013Z
gwangjin:security_light:LD5343,security_light,스마트보안등 LD5343,37.54495821,127.0668016,,,서울특별시 광진구,gwangjin-smart-security-light,LD5343,,2026-09-13T15:06:54.013Z
gwangjin:security_light:LD5344,security_light,스마트보안등 LD5344,37.54465821,127.0662196,,,서울특별시 광진구,gwangjin-smart-security-light,LD5344,,2026-09-13T15:06:54.013Z
gwangjin:security_light:LD5347,security_light,스마트보안등 LD5347,37.53780921,127.0652096,,,서울특별시 광진구,gwangjin-smart-security-light,LD5347,,2026-09-13T15:06:54.013Z
gwangjin:security_light:LD5348,security_light,스마트보안등 LD5348,37.53774321,127.0653766,,,서울특별시 광진구,gwangjin-smart-security-light,LD5348,,2026-09-13T15:06:54.013Z
gwangjin:security_light:LD5349,security_light,스마트보안등 LD5349,37.54423421,127.0696866,,,서울특별시 광진구,gwangjin-smart-security-light,LD5349,,2026-09-13T15:06:54.013Z
gwangjin:security_light:LD5350,security_light,스마트보안등 LD5350,37.53830321,127.0642846,,,서울특별시 광진구,gwangjin-smart-security-light,LD5350,,2026-09-13T15:06:54.013Z
gwangjin:security_light:LD5352,security_light,스마트보안등 LD5352,37.54429321,127.0690946,,,서울특별시 광진구,gwangjin-smart-security-light,LD5352,,2026-09-13T15:06:54.013Z
gwangjin:security_light:LD5353,security_light,스마트보안등 LD5353,37.54390121,127.0665266,,,서울특별시 광진구,gwangjin-smart-security-light,LD5353,,2026-09-13T15:06:54.013Z
gwangjin:security_light:LD5354,security_light,스마트보안등 LD5354,37.54368321,127.0660186,,,서울특별시 광진구,gwangjin-smart-security-light,LD5354,,2026-09-13T15:06:54.013Z
gwangjin:security_light:LD5355,security_light,스마트보안등 LD5355,37.54443021,127.0667286,,,서울특별시 광진구,gwangjin-smart-security-light,LD5355,,2026-09-13T15:06:54.013Z
gwangjin:security_light:LD5357,security_light,스마트보안등 LD5357,37.53861021,127.0645516,,,서울특별시 광진구,gwangjin-smart-security-light,LD5357,,2026-09-13T15:06:54.013Z
gwangjin:security_light:LD5358,security_light,스마트보안등 LD5358,37.54293121,127.0689816,,,서울특별시 광진구,gwangjin-smart-security-light,LD5358,,2026-09-13T15:06:54.013Z
gwangjin:security_light:LD5359,security_light,스마트보안등 LD5359,37.54451121,127.0661366,,,서울특별시 광진구,gwangjin-smart-security-light,LD5359,,2026-09-13T15:06:54.013Z
gwangjin:security_light:LD5360,security_light,스마트보안등 LD5360,37.54295621,127.0652736,,,서울특별시 광진구,gwangjin-smart-security-light,LD5360,,2026-09-13T15:06:54.013Z
gwangjin:security_light:LD5362,security_light,스마트보안등 LD5362,37.54495221,127.0663916,,,서울특별시 광진구,gwangjin-smart-security-light,LD5362,,2026-09-13T15:06:54.013Z
gwangjin:security_light:LD5363,security_light,스마트보안등 LD5363,37.54291921,127.0659086,,,서울특별시 광진구,gwangjin-smart-security-light,LD5363,,2026-09-13T15:06:54.013Z
gwangjin:security_light:LD5364,security_light,스마트보안등 LD5364,37.53856521,127.0649206,,,서울특별시 광진구,gwangjin-smart-security-light,LD5364,,2026-09-13T15:06:54.013Z
gwangjin:security_light:LD5365,security_light,스마트보안등 LD5365,37.53768521,127.0641366,,,서울특별시 광진구,gwangjin-smart-security-light,LD5365,,2026-09-13T15:06:54.013Z
gwangjin:security_light:LD5366,security_light,스마트보안등 LD5366,37.54386521,127.0695016,,,서울특별시 광진구,gwangjin-smart-security-light,LD5366,,2026-09-13T15:06:54.013Z
gwangjin:security_light:LD5367,security_light,스마트보안등 LD5367,37.53772921,127.0648506,,,서울특별시 광진구,gwangjin-smart-security-light,LD5367,,2026-09-13T15:06:54.013Z
gwangjin:security_light:LD5368,security_light,스마트보안등 LD5368,37.54540121,127.0663516,,,서울특별시 광진구,gwangjin-smart-security-light,LD5368,,2026-09-13T15:06:54.013Z
gwangjin:security_light:LD5369,security_light,스마트보안등 LD5369,37.53818821,127.0646496,,,서울특별시 광진구,gwangjin-smart-security-light,LD5369,,2026-09-13T15:06:54.013Z
gwangjin:security_light:LD5370,security_light,스마트보안등 LD5370,37.53878521,127.0638976,,,서울특별시 광진구,gwangjin-smart-security-light,LD5370,,2026-09-13T15:06:54.013Z
gwangjin:security_light:LD5371,security_light,스마트보안등 LD5371,37.53946021,127.0636726,,,서울특별시 광진구,gwangjin-smart-security-light,LD5371,,2026-09-13T15:06:54.013Z
gwangjin:security_light:LD5372,security_light,스마트보안등 LD5372,37.54462721,127.0665846,,,서울특별시 광진구,gwangjin-smart-security-light,LD5372,,2026-09-13T15:06:54.013Z
gwangjin:security_light:LD5373,security_light,스마트보안등 LD5373,37.54504721,127.0665376,,,서울특별시 광진구,gwangjin-smart-security-light,LD5373,,2026-09-13T15:06:54.013Z
gwangjin:security_light:LD5375,security_light,스마트보안등 LD5375,37.53761621,127.0653646,,,서울특별시 광진구,gwangjin-smart-security-light,LD5375,,2026-09-13T15:06:54.013Z
gwangjin:security_light:LD5376,security_light,스마트보안등 LD5376,37.54541014,127.0666543,,,서울특별시 광진구,gwangjin-smart-security-light,LD5376,,2026-09-13T15:06:54.013Z
gwangjin:security_light:LD5377,security_light,스마트보안등 LD5377,37.54356604,127.0671915,,,서울특별시 광진구,gwangjin-smart-security-light,LD5377,,2026-09-13T15:06:54.013Z
gwangjin:security_light:LD5382,security_light,스마트보안등 LD5382,37.53954421,127.0641716,,,서울특별시 광진구,gwangjin-smart-security-light,LD5382,,2026-09-13T15:06:54.013Z
gwangjin:security_light:LD5383,security_light,스마트보안등 LD5383,37.54446134,127.0677872,,,서울특별시 광진구,gwangjin-smart-security-light,LD5383,,2026-09-13T15:06:54.013Z
gwangjin:security_light:LD5384,security_light,스마트보안등 LD5384,37.54289821,127.0684136,,,서울특별시 광진구,gwangjin-smart-security-light,LD5384,,2026-09-13T15:06:54.013Z
gwangjin:security_light:LD5389,security_light,스마트보안등 LD5389,37.54304721,127.0686406,,,서울특별시 광진구,gwangjin-smart-security-light,LD5389,,2026-09-13T15:06:54.013Z
gwangjin:security_light:LD5390,security_light,스마트보안등 LD5390,37.54349706,127.06900033,,,서울특별시 광진구,gwangjin-smart-security-light,LD5390,,2026-09-13T15:06:54.013Z
gwangjin:security_light:LD5392,security_light,스마트보안등 LD5392,37.54387621,127.0657796,,,서울특별시 광진구,gwangjin-smart-security-light,LD5392,,2026-09-13T15:06:54.013Z
gwangjin:security_light:LD5395,security_light,스마트보안등 LD5395,37.53754021,127.0644476,,,서울특별시 광진구,gwangjin-smart-security-light,LD5395,,2026-09-13T15:06:54.013Z
gwangjin:security_light:LD5397,security_light,스마트보안등 LD5397,37.53746321,127.0653436,,,서울특별시 광진구,gwangjin-smart-security-light,LD5397,,2026-09-13T15:06:54.013Z
gwangjin:security_light:LD5399,security_light,스마트보안등 LD5399,37.54410604,127.06593,,,서울특별시 광진구,gwangjin-smart-security-light,LD5399,,2026-09-13T15:06:54.013Z
gwangjin:security_light:LD5402,security_light,스마트보안등 LD5402,37.54412904,127.0667716,,,서울특별시 광진구,gwangjin-smart-security-light,LD5402,,2026-09-13T15:06:54.013Z
gwangjin:security_light:LD5916,security_light,스마트보안등 LD5916,37.53893021,127.0630766,,,서울특별시 광진구,gwangjin-smart-security-light,LD5916,,2026-09-13T15:06:54.013Z
gwangjin:security_light:LD5955,security_light,스마트보안등 LD5955,37.53990321,127.0635096,,,서울특별시 광진구,gwangjin-smart-security-light,LD5955,,2026-09-13T15:06:54.013Z
gwangjin:security_light:LD5993,security_light,스마트보안등 LD5993,37.53910321,127.0629566,,,서울특별시 광진구,gwangjin-smart-security-light,LD5993,,2026-09-13T15:06:54.013Z
gwangjin:security_light:LD6042,security_light,스마트보안등 LD6042,37.54314921,127.0657816,,,서울특별시 광진구,gwangjin-smart-security-light,LD6042,,2026-09-13T15:06:54.013Z
gwangjin:security_light:LD6252,security_light,스마트보안등 LD6252,37.54382924,127.0677334,,,서울특별시 광진구,gwangjin-smart-security-light,LD6252,,2026-09-13T15:06:54.013Z
gwangjin:security_light:LD6469,security_light,스마트보안등 LD6469,37.54445294,127.0664202,,,서울특별시 광진구,gwangjin-smart-security-light,LD6469,,2026-09-13T15:06:54.013Z
gwangjin:security_light:LD6575,security_light,스마트보안등 LD6575,37.53730021,127.0656036,,,서울특별시 광진구,gwangjin-smart-security-light,LD6575,,2026-09-13T15:06:54.013Z
gwangjin:security_light:LD6850,security_light,스마트보안등 LD6850,37.53960454,127.063359,,,서울특별시 광진구,gwangjin-smart-security-light,LD6850,,2026-09-13T15:06:54.013Z
gwangjin:security_light:LD6853,security_light,스마트보안등 LD6853,37.53888621,127.0628986,,,서울특별시 광진구,gwangjin-smart-security-light,LD6853,,2026-09-13T15:06:54.013Z
gwangjin:security_light:LD6857,security_light,스마트보안등 LD6857,37.54315494,127.06525292,,,서울특별시 광진구,gwangjin-smart-security-light,LD6857,,2026-09-13T15:06:54.013Z
gwangjin:security_light:LD6858,security_light,스마트보안등 LD6858,37.54399714,127.0677262,,,서울특별시 광진구,gwangjin-smart-security-light,LD6858,,2026-09-13T15:06:54.013Z
gwangjin:security_light:LD6861,security_light,스마트보안등 LD6861,37.54422254,127.0688729,,,서울특별시 광진구,gwangjin-smart-security-light,LD6861,,2026-09-13T15:06:54.013Z
gwangjin:security_light:LD6907,security_light,스마트보안등 LD6907,37.54437921,127.0828526,,,서울특별시 광진구,gwangjin-smart-security-light,LD6907,,2026-09-13T15:06:54.013Z
gwangjin:security_light:LD6917,security_light,스마트보안등 LD6917,37.54967221,127.0693576,,,서울특별시 광진구,gwangjin-smart-security-light,LD6917,,2026-09-13T15:06:54.013Z
gwangjin:security_light:LD6927,security_light,스마트보안등 LD6927,37.55027721,127.0695176,,,서울특별시 광진구,gwangjin-smart-security-light,LD6927,,2026-09-13T15:06:54.013Z
gwangjin:security_light:LD6932,security_light,스마트보안등 LD6932,37.55045621,127.0693706,,,서울특별시 광진구,gwangjin-smart-security-light,LD6932,,2026-09-13T15:06:54.013Z
gwangjin:security_light:LD7247,security_light,스마트보안등 LD7247,37.54639621,127.0698936,,,서울특별시 광진구,gwangjin-smart-security-light,LD7247,,2026-09-13T15:06:54.013Z
gwangjin:security_light:LD7267,security_light,스마트보안등 LD7267,37.54413521,127.0826026,,,서울특별시 광진구,gwangjin-smart-security-light,LD7267,,2026-09-13T15:06:54.013Z
gwangjin:security_light:LD7268,security_light,스마트보안등 LD7268,37.54628821,127.0691386,,,서울특별시 광진구,gwangjin-smart-security-light,LD7268,,2026-09-13T15:06:54.013Z
gwangjin:security_light:LD7269,security_light,스마트보안등 LD7269,37.54630221,127.0688276,,,서울특별시 광진구,gwangjin-smart-security-light,LD7269,,2026-09-13T15:06:54.013Z
gwangjin:security_light:LD7373,security_light,스마트보안등 LD7373,37.54847721,127.0729776,,,서울특별시 광진구,gwangjin-smart-security-light,LD7373,,2026-09-13T15:06:54.013Z
gwangjin:security_light:LD7394,security_light,스마트보안등 LD7394,37.55003321,127.0693746,,,서울특별시 광진구,gwangjin-smart-security-light,LD7394,,2026-09-13T15:06:54.013Z
gwangjin:security_light:LD7404,security_light,스마트보안등 LD7404,37.54712421,127.0688026,,,서울특별시 광진구,gwangjin-smart-security-light,LD7404,,2026-09-13T15:06:54.013Z
gwangjin:security_light:LD7414,security_light,스마트보안등 LD7414,37.54649321,127.0689016,,,서울특별시 광진구,gwangjin-smart-security-light,LD7414,,2026-09-13T15:06:54.013Z
gwangjin:security_light:LD7415,security_light,스마트보안등 LD7415,37.54637621,127.0692356,,,서울특별시 광진구,gwangjin-smart-security-light,LD7415,,2026-09-13T15:06:54.013Z
gwangjin:security_light:LD7419,security_light,스마트보안등 LD7419,37.54708021,127.0679806,,,서울특별시 광진구,gwangjin-smart-security-light,LD7419,,2026-09-13T15:06:54.013Z
gwangjin:security_light:LD7427,security_light,스마트보안등 LD7427,37.54969321,127.0696066,,,서울특별시 광진구,gwangjin-smart-security-light,LD7427,,2026-09-13T15:06:54.013Z
gwangjin:security_light:LD7467,security_light,스마트보안등 LD7467,37.54341721,127.0833826,,,서울특별시 광진구,gwangjin-smart-security-light,LD7467,,2026-09-13T15:06:54.013Z
gwangjin:security_light:LD7468,security_light,스마트보안등 LD7468,37.54686921,127.0706416,,,서울특별시 광진구,gwangjin-smart-security-light,LD7468,,2026-09-13T15:06:54.013Z
gwangjin:security_light:LD7469,security_light,스마트보안등 LD7469,37.54766921,127.0683706,,,서울특별시 광진구,gwangjin-smart-security-light,LD7469,,2026-09-13T15:06:54.013Z
gwangjin:security_light:LD7471,security_light,스마트보안등 LD7471,37.54760221,127.0688056,,,서울특별시 광진구,gwangjin-smart-security-light,LD7471,,2026-09-13T15:06:54.013Z
gwangjin:security_light:LD7472,security_light,스마트보안등 LD7472,37.54743221,127.0701076,,,서울특별시 광진구,gwangjin-smart-security-light,LD7472,,2026-09-13T15:06:54.013Z
gwangjin:security_light:LD7474,security_light,스마트보안등 LD7474,37.54690604,127.0704919,,,서울특별시 광진구,gwangjin-smart-security-light,LD7474,,2026-09-13T15:06:54.013Z
gwangjin:security_light:LD7477,security_light,스마트보안등 LD7477,37.54698221,127.0681366,,,서울특별시 광진구,gwangjin-smart-security-light,LD7477,,2026-09-13T15:06:54.013Z
gwangjin:security_light:LD7482,security_light,스마트보안등 LD7482,37.54565421,127.0695556,,,서울특별시 광진구,gwangjin-smart-security-light,LD7482,,2026-09-13T15:06:54.013Z
gwangjin:security_light:LD7484,security_light,스마트보안등 LD7484,37.54725421,127.0702646,,,서울특별시 광진구,gwangjin-smart-security-light,LD7484,,2026-09-13T15:06:54.013Z
gwangjin:security_light:LD7490,security_light,스마트보안등 LD7490,37.54698321,127.0700546,,,서울특별시 광진구,gwangjin-smart-security-light,LD7490,,2026-09-13T15:06:54.013Z
gwangjin:security_light:LD7492,security_light,스마트보안등 LD7492,37.54697521,127.0684526,,,서울특별시 광진구,gwangjin-smart-security-light,LD7492,,2026-09-13T15:06:54.013Z
gwangjin:security_light:LD7498,security_light,스마트보안등 LD7498,37.54719421,127.0685766,,,서울특별시 광진구,gwangjin-smart-security-light,LD7498,,2026-09-13T15:06:54.013Z
gwangjin:security_light:LD7545,security_light,스마트보안등 LD7545,37.54651421,127.0687886,,,서울특별시 광진구,gwangjin-smart-security-light,LD7545,,2026-09-13T15:06:54.013Z
gwangjin:security_light:LD7810,security_light,스마트보안등 LD7810,37.54234021,127.0815906,,,서울특별시 광진구,gwangjin-smart-security-light,LD7810,,2026-09-13T15:06:54.013Z
gwangjin:security_light:LD7920,security_light,스마트보안등 LD7920,37.54320321,127.0817076,,,서울특별시 광진구,gwangjin-smart-security-light,LD7920,,2026-09-13T15:06:54.013Z
gwangjin:security_light:LD7934,security_light,스마트보안등 LD7934,37.54348421,127.0818616,,,서울특별시 광진구,gwangjin-smart-security-light,LD7934,,2026-09-13T15:06:54.013Z
gwangjin:security_light:LD7947,security_light,스마트보안등 LD7947,37.54385721,127.0820566,,,서울특별시 광진구,gwangjin-smart-security-light,LD7947,,2026-09-13T15:06:54.013Z
gwangjin:security_light:LD8155,security_light,스마트보안등 LD8155,37.53868121,127.0651006,,,서울특별시 광진구,gwangjin-smart-security-light,LD8155,,2026-09-13T15:06:54.013Z
gwangjin:security_light:LD8168,security_light,스마트보안등 LD8168,37.53815821,127.0656346,,,서울특별시 광진구,gwangjin-smart-security-light,LD8168,,2026-09-13T15:06:54.013Z
gwangjin:security_light:LD8171,security_light,스마트보안등 LD8171,37.53905821,127.0627986,,,서울특별시 광진구,gwangjin-smart-security-light,LD8171,,2026-09-13T15:06:54.013Z
gwangjin:security_light:LD8177,security_light,스마트보안등 LD8177,37.53867621,127.0653206,,,서울특별시 광진구,gwangjin-smart-security-light,LD8177,,2026-09-13T15:06:54.013Z
gwangjin:security_light:LD8332,security_light,스마트보안등 LD8332,37.54363921,127.0656466,,,서울특별시 광진구,gwangjin-smart-security-light,LD8332,,2026-09-13T15:06:54.013Z
gwangjin:security_light:LD8333,security_light,스마트보안등 LD8333,37.53812574,127.0652941,,,서울특별시 광진구,gwangjin-smart-security-light,LD8333,,2026-09-13T15:06:54.013Z
gwangjin:security_light:LD8334,security_light,스마트보안등 LD8334,37.53717621,127.0650396,,,서울특별시 광진구,gwangjin-smart-security-light,LD8334,,2026-09-13T15:06:54.013Z
gwangjin:security_light:LD9496,security_light,스마트보안등 LD9496,37.54728121,127.0696846,,,서울특별시 광진구,gwangjin-smart-security-light,LD9496,,2026-09-13T15:06:54.013Z
gwangjin:security_light:LD9499,security_light,스마트보안등 LD9499,37.54770721,127.0689126,,,서울특별시 광진구,gwangjin-smart-security-light,LD9499,,2026-09-13T15:06:54.013Z
gwangjin:security_light:LD9508,security_light,스마트보안등 LD9508,37.54950121,127.0701006,,,서울특별시 광진구,gwangjin-smart-security-light,LD9508,,2026-09-13T15:06:54.013Z
gwangjin:security_light:LD9509,security_light,스마트보안등 LD9509,37.54964721,127.0704106,,,서울특별시 광진구,gwangjin-smart-security-light,LD9509,,2026-09-13T15:06:54.013Z
gwangjin:security_light:LD9516,security_light,스마트보안등 LD9516,37.54700121,127.0691766,,,서울특별시 광진구,gwangjin-smart-security-light,LD9516,,2026-09-13T15:06:54.013Z
gwangjin:security_light:LD9517,security_light,스마트보안등 LD9517,37.54728921,127.0693506,,,서울특별시 광진구,gwangjin-smart-security-light,LD9517,,2026-09-13T15:06:54.013Z
gwangjin:security_light:LD9568,security_light,스마트보안등 LD9568,37.54937821,127.0701776,,,서울특별시 광진구,gwangjin-smart-security-light,LD9568,,2026-09-13T15:06:54.013Z
gwangjin:security_light:LD9569,security_light,스마트보안등 LD9569,37.54736121,127.0691556,,,서울특별시 광진구,gwangjin-smart-security-light,LD9569,,2026-09-13T15:06:54.013Z
gwangjin:security_light:LD9790,security_light,스마트보안등 LD9790,37.54328421,127.0836836,,,서울특별시 광진구,gwangjin-smart-security-light,LD9790,,2026-09-13T15:06:54.013Z
gwangjin:security_light:LD9795,security_light,스마트보안등 LD9795,37.54925221,127.0704016,,,서울특별시 광진구,gwangjin-smart-security-light,LD9795,,2026-09-13T15:06:54.013Z
gwangjin:security_light:LD9796,security_light,스마트보안등 LD9796,37.55061721,127.0703036,,,서울특별시 광진구,gwangjin-smart-security-light,LD9796,,2026-09-13T15:06:54.013Z
gwangjin:security_light:LD9816,security_light,스마트보안등 LD9816,37.55052821,127.0705876,,,서울특별시 광진구,gwangjin-smart-security-light,LD9816,,2026-09-13T15:06:54.013Z
gwangjin:security_light:LD9823,security_light,스마트보안등 LD9823,37.55073721,127.0717866,,,서울특별시 광진구,gwangjin-smart-security-light,LD9823,,2026-09-13T15:06:54.013Z
gwangjin:security_light:LD9848,security_light,스마트보안등 LD9848,37.54427121,127.0824836,,,서울특별시 광진구,gwangjin-smart-security-light,LD9848,,2026-09-13T15:06:54.013Z
gwangjin:security_light:LE0050,security_light,스마트보안등 LE0050,37.53927321,127.0631706,,,서울특별시 광진구,gwangjin-smart-security-light,LE0050,,2026-09-13T15:06:54.013Z
gwangjin:security_light:LE0051,security_light,스마트보안등 LE0051,37.54282321,127.0683776,,,서울특별시 광진구,gwangjin-smart-security-light,LE0051,,2026-09-13T15:06:54.013Z
gwangjin:security_light:LE0055,security_light,스마트보안등 LE0055,37.53852721,127.0638196,,,서울특별시 광진구,gwangjin-smart-security-light,LE0055,,2026-09-13T15:06:54.013Z
gwangjin:security_light:LE0061,security_light,스마트보안등 LE0061,37.53883121,127.0643436,,,서울특별시 광진구,gwangjin-smart-security-light,LE0061,,2026-09-13T15:06:54.013Z
gwangjin:security_light:LE0062,security_light,스마트보안등 LE0062,37.53809314,127.0651459,,,서울특별시 광진구,gwangjin-smart-security-light,LE0062,,2026-09-13T15:06:54.013Z
gwangjin:security_light:LE0063,security_light,스마트보안등 LE0063,37.54439321,127.0691456,,,서울특별시 광진구,gwangjin-smart-security-light,LE0063,,2026-09-13T15:06:54.013Z
gwangjin:security_light:LE0064,security_light,스마트보안등 LE0064,37.54389921,127.0689866,,,서울특별시 광진구,gwangjin-smart-security-light,LE0064,,2026-09-13T15:06:54.013Z
gwangjin:security_light:LE0065,security_light,스마트보안등 LE0065,37.53868614,127.0635982,,,서울특별시 광진구,gwangjin-smart-security-light,LE0065,,2026-09-13T15:06:54.013Z
gwangjin:security_light:LE0067,security_light,스마트보안등 LE0067,37.53935621,127.0640636,,,서울특별시 광진구,gwangjin-smart-security-light,LE0067,,2026-09-13T15:06:54.013Z
gwangjin:security_light:LE0069,security_light,스마트보안등 LE0069,37.53852221,127.0634146,,,서울특별시 광진구,gwangjin-smart-security-light,LE0069,,2026-09-13T15:06:54.013Z
gwangjin:security_light:LE0071,security_light,스마트보안등 LE0071,37.54525021,127.0671986,,,서울특별시 광진구,gwangjin-smart-security-light,LE0071,,2026-09-13T15:06:54.013Z
gwangjin:security_light:LE0072,security_light,스마트보안등 LE0072,37.54453821,127.0665356,,,서울특별시 광진구,gwangjin-smart-security-light,LE0072,,2026-09-13T15:06:54.013Z
gwangjin:security_light:LE0073,security_light,스마트보안등 LE0073,37.54522921,127.0669356,,,서울특별시 광진구,gwangjin-smart-security-light,LE0073,,2026-09-13T15:06:54.013Z
gwangjin:security_light:LE0075,security_light,스마트보안등 LE0075,37.54415021,127.0690136,,,서울특별시 광진구,gwangjin-smart-security-light,LE0075,,2026-09-13T15:06:54.013Z
gwangjin:security_light:LE0076,security_light,스마트보안등 LE0076,37.53858823,127.06410959,,,서울특별시 광진구,gwangjin-smart-security-light,LE0076,,2026-09-13T15:06:54.013Z
gwangjin:security_light:LE0077,security_light,스마트보안등 LE0077,37.53883321,127.0639786,,,서울특별시 광진구,gwangjin-smart-security-light,LE0077,,2026-09-13T15:06:54.013Z
gwangjin:security_light:LE0078,security_light,스마트보안등 LE0078,37.53917744,127.0640535,,,서울특별시 광진구,gwangjin-smart-security-light,LE0078,,2026-09-13T15:06:54.013Z
gwangjin:security_light:LE0079,security_light,스마트보안등 LE0079,37.53922821,127.0638326,,,서울특별시 광진구,gwangjin-smart-security-light,LE0079,,2026-09-13T15:06:54.013Z
gwangjin:security_light:LE0081,security_light,스마트보안등 LE0081,37.53865121,127.0632526,,,서울특별시 광진구,gwangjin-smart-security-light,LE0081,,2026-09-13T15:06:54.013Z
gwangjin:security_light:LE0082,security_light,스마트보안등 LE0082,37.54431921,127.0660236,,,서울특별시 광진구,gwangjin-smart-security-light,LE0082,,2026-09-13T15:06:54.013Z
gwangjin:security_light:LE0083,security_light,스마트보안등 LE0083,37.54363721,127.0655066,,,서울특별시 광진구,gwangjin-smart-security-light,LE0083,,2026-09-13T15:06:54.013Z
gwangjin:security_light:LE0084,security_light,스마트보안등 LE0084,37.54422421,127.0654506,,,서울특별시 광진구,gwangjin-smart-security-light,LE0084,,2026-09-13T15:06:54.013Z
gwangjin:security_light:LE0085,security_light,스마트보안등 LE0085,37.54477721,127.0662856,,,서울특별시 광진구,gwangjin-smart-security-light,LE0085,,2026-09-13T15:06:54.013Z
gwangjin:security_light:LE0086,security_light,스마트보안등 LE0086,37.53782921,127.0644996,,,서울특별시 광진구,gwangjin-smart-security-light,LE0086,,2026-09-13T15:06:54.013Z
gwangjin:security_light:LE0087,security_light,스마트보안등 LE0087,37.54398304,127.06921,,,서울특별시 광진구,gwangjin-smart-security-light,LE0087,,2026-09-13T15:06:54.013Z
gwangjin:security_light:LE0088,security_light,스마트보안등 LE0088,37.54424721,127.0663506,,,서울특별시 광진구,gwangjin-smart-security-light,LE0088,,2026-09-13T15:06:54.013Z
gwangjin:security_light:LE0089,security_light,스마트보안등 LE0089,37.53820421,127.0638376,,,서울특별시 광진구,gwangjin-smart-security-light,LE0089,,2026-09-13T15:06:54.013Z
gwangjin:security_light:LE0090,security_light,스마트보안등 LE0090,37.53861921,127.0639566,,,서울특별시 광진구,gwangjin-smart-security-light,LE0090,,2026-09-13T15:06:54.013Z
gwangjin:security_light:LE0092,security_light,스마트보안등 LE0092,37.53841221,127.0646716,,,서울특별시 광진구,gwangjin-smart-security-light,LE0092,,2026-09-13T15:06:54.013Z
gwangjin:security_light:LE0093,security_light,스마트보안등 LE0093,37.53890321,127.0646206,,,서울특별시 광진구,gwangjin-smart-security-light,LE0093,,2026-09-13T15:06:54.013Z
gwangjin:security_light:LE0094,security_light,스마트보안등 LE0094,37.54515721,127.0671456,,,서울특별시 광진구,gwangjin-smart-security-light,LE0094,,2026-09-13T15:06:54.013Z
gwangjin:security_light:LE0095,security_light,스마트보안등 LE0095,37.54489714,127.0670435,,,서울특별시 광진구,gwangjin-smart-security-light,LE0095,,2026-09-13T15:06:54.013Z
gwangjin:security_light:LE0096,security_light,스마트보안등 LE0096,37.53829421,127.0634636,,,서울특별시 광진구,gwangjin-smart-security-light,LE0096,,2026-09-13T15:06:54.013Z
gwangjin:security_light:LE0097,security_light,스마트보안등 LE0097,37.54368321,127.0652756,,,서울특별시 광진구,gwangjin-smart-security-light,LE0097,,2026-09-13T15:06:54.013Z
gwangjin:security_light:LE0099,security_light,스마트보안등 LE0099,37.54410521,127.0694516,,,서울특별시 광진구,gwangjin-smart-security-light,LE0099,,2026-09-13T15:06:54.013Z
gwangjin:security_light:LE0100,security_light,스마트보안등 LE0100,37.54390288,127.06536351,,,서울특별시 광진구,gwangjin-smart-security-light,LE0100,,2026-09-13T15:06:54.013Z
gwangjin:security_light:LE0101,security_light,스마트보안등 LE0101,37.54326721,127.0691866,,,서울특별시 광진구,gwangjin-smart-security-light,LE0101,,2026-09-13T15:06:54.013Z
gwangjin:security_light:LE0102,security_light,스마트보안등 LE0102,37.54387921,127.0661826,,,서울특별시 광진구,gwangjin-smart-security-light,LE0102,,2026-09-13T15:06:54.013Z
gwangjin:security_light:LE0103,security_light,스마트보안등 LE0103,37.54340788,127.06925708,,,서울특별시 광진구,gwangjin-smart-security-light,LE0103,,2026-09-13T15:06:54.013Z
gwangjin:security_light:LE0104,security_light,스마트보안등 LE0104,37.54346521,127.0659606,,,서울특별시 광진구,gwangjin-smart-security-light,LE0104,,2026-09-13T15:06:54.013Z
gwangjin:security_light:LE0105,security_light,스마트보안등 LE0105,37.54256421,127.0685016,,,서울특별시 광진구,gwangjin-smart-security-light,LE0105,,2026-09-13T15:06:54.013Z
gwangjin:security_light:LE0106,security_light,스마트보안등 LE0106,37.54450304,127.0675922,,,서울특별시 광진구,gwangjin-smart-security-light,LE0106,,2026-09-13T15:06:54.013Z
gwangjin:security_light:LE0108,security_light,스마트보안등 LE0108,37.54338521,127.0688286,,,서울특별시 광진구,gwangjin-smart-security-light,LE0108,,2026-09-13T15:06:54.013Z
gwangjin:security_light:LE0109,security_light,스마트보안등 LE0109,37.53908721,127.0645866,,,서울특별시 광진구,gwangjin-smart-security-light,LE0109,,2026-09-13T15:06:54.013Z
gwangjin:security_light:LE0110,security_light,스마트보안등 LE0110,37.53842421,127.0641626,,,서울특별시 광진구,gwangjin-smart-security-light,LE0110,,2026-09-13T15:06:54.013Z
gwangjin:security_light:LE0111,security_light,스마트보안등 LE0111,37.53796621,127.0647016,,,서울특별시 광진구,gwangjin-smart-security-light,LE0111,,2026-09-13T15:06:54.013Z
gwangjin:security_light:LE0113,security_light,스마트보안등 LE0113,37.53896121,127.0642196,,,서울특별시 광진구,gwangjin-smart-security-light,LE0113,,2026-09-13T15:06:54.013Z
gwangjin:security_light:LE0114,security_light,스마트보안등 LE0114,37.54454221,127.0668266,,,서울특별시 광진구,gwangjin-smart-security-light,LE0114,,2026-09-13T15:06:54.013Z
gwangjin:security_light:LE0115,security_light,스마트보안등 LE0115,37.54326334,127.06542151,,,서울특별시 광진구,gwangjin-smart-security-light,LE0115,,2026-09-13T15:06:54.013Z
gwangjin:security_light:LE0116,security_light,스마트보안등 LE0116,37.54531421,127.0666936,,,서울특별시 광진구,gwangjin-smart-security-light,LE0116,,2026-09-13T15:06:54.013Z
gwangjin:security_light:LE0117,security_light,스마트보안등 LE0117,37.54521221,127.0660936,,,서울특별시 광진구,gwangjin-smart-security-light,LE0117,,2026-09-13T15:06:54.013Z
gwangjin:security_light:LE0118,security_light,스마트보안등 LE0118,37.53778421,127.0642406,,,서울특별시 광진구,gwangjin-smart-security-light,LE0118,,2026-09-13T15:06:54.013Z
gwangjin:security_light:LE0119,security_light,스마트보안등 LE0119,37.53825221,127.0655676,,,서울특별시 광진구,gwangjin-smart-security-light,LE0119,,2026-09-13T15:06:54.013Z
gwangjin:security_light:LE0120,security_light,스마트보안등 LE0120,37.53830321,127.0648586,,,서울특별시 광진구,gwangjin-smart-security-light,LE0120,,2026-09-13T15:06:54.013Z
gwangjin:security_light:LE0121,security_light,스마트보안등 LE0121,37.53906221,127.0639996,,,서울특별시 광진구,gwangjin-smart-security-light,LE0121,,2026-09-13T15:06:54.013Z
gwangjin:security_light:LE0122,security_light,스마트보안등 LE0122,37.54359754,127.0662431,,,서울특별시 광진구,gwangjin-smart-security-light,LE0122,,2026-09-13T15:06:54.013Z
gwangjin:security_light:LE0123,security_light,스마트보안등 LE0123,37.54672721,127.0673786,,,서울특별시 광진구,gwangjin-smart-security-light,LE0123,,2026-09-13T15:06:54.013Z
gwangjin:security_light:LE0124,security_light,스마트보안등 LE0124,37.53749072,127.06500879,,,서울특별시 광진구,gwangjin-smart-security-light,LE0124,,2026-09-13T15:06:54.013Z
gwangjin:security_light:LE0125,security_light,스마트보안등 LE0125,37.54632221,127.0671616,,,서울특별시 광진구,gwangjin-smart-security-light,LE0125,,2026-09-13T15:06:54.013Z
gwangjin:security_light:LE0126,security_light,스마트보안등 LE0126,37.54423621,127.0665066,,,서울특별시 광진구,gwangjin-smart-security-light,LE0126,,2026-09-13T15:06:54.013Z
gwangjin:security_light:LE0127,security_light,스마트보안등 LE0127,37.54517721,127.0663406,,,서울특별시 광진구,gwangjin-smart-security-light,LE0127,,2026-09-13T15:06:54.013Z
gwangjin:security_light:LE0133,security_light,스마트보안등 LE0133,37.53853124,127.0654055,,,서울특별시 광진구,gwangjin-smart-security-light,LE0133,,2026-09-13T15:06:54.013Z
gwangjin:security_light:LE0135,security_light,스마트보안등 LE0135,37.54267224,127.0681849,,,서울특별시 광진구,gwangjin-smart-security-light,LE0135,,2026-09-13T15:06:54.013Z
gwangjin:security_light:LE0139,security_light,스마트보안등 LE0139,37.54336074,127.0661548,,,서울특별시 광진구,gwangjin-smart-security-light,LE0139,,2026-09-13T15:06:54.013Z
gwangjin:security_light:LE0142,security_light,스마트보안등 LE0142,37.54474914,127.0669652,,,서울특별시 광진구,gwangjin-smart-security-light,LE0142,,2026-09-13T15:06:54.013Z
gwangjin:security_light:LE0144,security_light,스마트보안등 LE0144,37.53843521,127.0651486,,,서울특별시 광진구,gwangjin-smart-security-light,LE0144,,2026-09-13T15:06:54.013Z
gwangjin:security_light:LE0149,security_light,스마트보안등 LE0149,37.53988221,127.0638276,,,서울특별시 광진구,gwangjin-smart-security-light,LE0149,,2026-09-13T15:06:54.013Z
gwangjin:security_light:LE0150,security_light,스마트보안등 LE0150,37.53956621,127.0643866,,,서울특별시 광진구,gwangjin-smart-security-light,LE0150,,2026-09-13T15:06:54.013Z
gwangjin:security_light:LE1030,security_light,스마트보안등 LE1030,37.53942121,127.0630716,,,서울특별시 광진구,gwangjin-smart-security-light,LE1030,,2026-09-13T15:06:54.013Z
gwangjin:security_light:LE1229,security_light,스마트보안등 LE1229,37.54519634,127.0665013,,,서울특별시 광진구,gwangjin-smart-security-light,LE1229,,2026-09-13T15:06:54.013Z
gwangjin:security_light:LE1291,security_light,스마트보안등 LE1291,37.54264524,127.0683209,,,서울특별시 광진구,gwangjin-smart-security-light,LE1291,,2026-09-13T15:06:54.013Z
gwangjin:security_light:LE1601,security_light,스마트보안등 LE1601,37.53958021,127.0630356,,,서울특별시 광진구,gwangjin-smart-security-light,LE1601,,2026-09-13T15:06:54.013Z
gwangjin:security_light:LE1603,security_light,스마트보안등 LE1603,37.53968321,127.0634096,,,서울특별시 광진구,gwangjin-smart-security-light,LE1603,,2026-09-13T15:06:54.013Z
gwangjin:security_light:LE1608,security_light,스마트보안등 LE1608,37.54293521,127.0656806,,,서울특별시 광진구,gwangjin-smart-security-light,LE1608,,2026-09-13T15:06:54.013Z
gwangjin:security_light:LE1609,security_light,스마트보안등 LE1609,37.54483474,127.068173,,,서울특별시 광진구,gwangjin-smart-security-light,LE1609,,2026-09-13T15:06:54.013Z
gwangjin:security_light:LE1611,security_light,스마트보안등 LE1611,37.53925621,127.0626206,,,서울특별시 광진구,gwangjin-smart-security-light,LE1611,,2026-09-13T15:06:54.013Z
gwangjin:security_light:LE1653,security_light,스마트보안등 LE1653,37.54376321,127.0823296,,,서울특별시 광진구,gwangjin-smart-security-light,LE1653,,2026-09-13T15:06:54.013Z
gwangjin:security_light:LE1656,security_light,스마트보안등 LE1656,37.54555021,127.0691556,,,서울특별시 광진구,gwangjin-smart-security-light,LE1656,,2026-09-13T15:06:54.013Z
gwangjin:security_light:LE1657,security_light,스마트보안등 LE1657,37.54360321,127.0833966,,,서울특별시 광진구,gwangjin-smart-security-light,LE1657,,2026-09-13T15:06:54.013Z
gwangjin:security_light:LE1677,security_light,스마트보안등 LE1677,37.54426421,127.0828156,,,서울특별시 광진구,gwangjin-smart-security-light,LE1677,,2026-09-13T15:06:54.013Z
gwangjin:security_light:LE1679,security_light,스마트보안등 LE1679,37.54305721,127.0819356,,,서울특별시 광진구,gwangjin-smart-security-light,LE1679,,2026-09-13T15:06:54.013Z
gwangjin:security_light:LE1999,security_light,스마트보안등 LE1999,37.54567521,127.0689936,,,서울특별시 광진구,gwangjin-smart-security-light,LE1999,,2026-09-13T15:06:54.013Z
gwangjin:security_light:LE2001,security_light,스마트보안등 LE2001,37.54282921,127.0816916,,,서울특별시 광진구,gwangjin-smart-security-light,LE2001,,2026-09-13T15:06:54.013Z
gwangjin:security_light:LE2003,security_light,스마트보안등 LE2003,37.54674221,127.0688916,,,서울특별시 광진구,gwangjin-smart-security-light,LE2003,,2026-09-13T15:06:54.013Z
gwangjin:security_light:LE2007,security_light,스마트보안등 LE2007,37.54619221,127.0694316,,,서울특별시 광진구,gwangjin-smart-security-light,LE2007,,2026-09-13T15:06:54.013Z
gwangjin:security_light:LE2008,security_light,스마트보안등 LE2008,37.54388921,127.0824766,,,서울특별시 광진구,gwangjin-smart-security-light,LE2008,,2026-09-13T15:06:54.013Z
gwangjin:security_light:LE2015,security_light,스마트보안등 LE2015,37.54374721,127.0834606,,,서울특별시 광진구,gwangjin-smart-security-light,LE2015,,2026-09-13T15:06:54.013Z
gwangjin:security_light:LE2018,security_light,스마트보안등 LE2018,37.54330421,127.0817506,,,서울특별시 광진구,gwangjin-smart-security-light,LE2018,,2026-09-13T15:06:54.013Z
gwangjin:security_light:LE2020,security_light,스마트보안등 LE2020,37.54588521,127.0692556,,,서울특별시 광진구,gwangjin-smart-security-light,LE2020,,2026-09-13T15:06:54.013Z
gwangjin:security_light:LE2023,security_light,스마트보안등 LE2023,37.54685721,127.0708426,,,서울특별시 광진구,gwangjin-smart-security-light,LE2023,,2026-09-13T15:06:54.013Z
gwangjin:security_light:LE2036,security_light,스마트보안등 LE2036,37.54670521,127.0690236,,,서울특별시 광진구,gwangjin-smart-security-light,LE2036,,2026-09-13T15:06:54.013Z
gwangjin:security_light:LE2115,security_light,스마트보안등 LE2115,37.54598421,127.0692746,,,서울특별시 광진구,gwangjin-smart-security-light,LE2115,,2026-09-13T15:06:54.013Z
gwangjin:security_light:LE2157,security_light,스마트보안등 LE2157,37.54990221,127.0696886,,,서울특별시 광진구,gwangjin-smart-security-light,LE2157,,2026-09-13T15:06:54.013Z
gwangjin:security_light:LE2198,security_light,스마트보안등 LE2198,37.54693221,127.0702006,,,서울특별시 광진구,gwangjin-smart-security-light,LE2198,,2026-09-13T15:06:54.013Z
gwangjin:security_light:LE2217,security_light,스마트보안등 LE2217,37.54289921,127.0830216,,,서울특별시 광진구,gwangjin-smart-security-light,LE2217,,2026-09-13T15:06:54.013Z
gwangjin:security_light:LE2219,security_light,스마트보안등 LE2219,37.54767521,127.0682466,,,서울특별시 광진구,gwangjin-smart-security-light,LE2219,,2026-09-13T15:06:54.013Z
gwangjin:security_light:LE2223,security_light,스마트보안등 LE2223,37.54682021,127.0684976,,,서울특별시 광진구,gwangjin-smart-security-light,LE2223,,2026-09-13T15:06:54.013Z
gwangjin:security_light:LE2225,security_light,스마트보안등 LE2225,37.54668321,127.0701476,,,서울특별시 광진구,gwangjin-smart-security-light,LE2225,,2026-09-13T15:06:54.013Z
gwangjin:security_light:LE2226,security_light,스마트보안등 LE2226,37.54624221,127.0696996,,,서울특별시 광진구,gwangjin-smart-security-light,LE2226,,2026-09-13T15:06:54.013Z
gwangjin:security_light:LE2229,security_light,스마트보안등 LE2229,37.54610021,127.0695246,,,서울특별시 광진구,gwangjin-smart-security-light,LE2229,,2026-09-13T15:06:54.013Z
gwangjin:security_light:LE2233,security_light,스마트보안등 LE2233,37.54684221,127.0670356,,,서울특별시 광진구,gwangjin-smart-security-light,LE2233,,2026-09-13T15:06:54.013Z
gwangjin:security_light:LE2303,security_light,스마트보안등 LE2303,37.54972221,127.0692316,,,서울특별시 광진구,gwangjin-smart-security-light,LE2303,,2026-09-13T15:06:54.013Z
gwangjin:security_light:LE2564,security_light,스마트보안등 LE2564,37.54320921,127.0820436,,,서울특별시 광진구,gwangjin-smart-security-light,LE2564,,2026-09-13T15:06:54.013Z
gwangjin:security_light:LE2665,security_light,스마트보안등 LE2665,37.54402321,127.0821496,,,서울특별시 광진구,gwangjin-smart-security-light,LE2665,,2026-09-13T15:06:54.013Z
gwangjin:security_light:LE2672,security_light,스마트보안등 LE2672,37.54287721,127.0816016,,,서울특별시 광진구,gwangjin-smart-security-light,LE2672,,2026-09-13T15:06:54.013Z
gwangjin:security_light:LE2676,security_light,스마트보안등 LE2676,37.54712621,127.0705536,,,서울특별시 광진구,gwangjin-smart-security-light,LE2676,,2026-09-13T15:06:54.013Z
gwangjin:security_light:LE2681,security_light,스마트보안등 LE2681,37.54265221,127.0815786,,,서울특별시 광진구,gwangjin-smart-security-light,LE2681,,2026-09-13T15:06:54.013Z
gwangjin:security_light:LE2893,security_light,스마트보안등 LE2893,37.53880721,127.0648396,,,서울특별시 광진구,gwangjin-smart-security-light,LE2893,,2026-09-13T15:06:54.013Z
gwangjin:security_light:LE2917,security_light,스마트보안등 LE2917,37.53726421,127.0653526,,,서울특별시 광진구,gwangjin-smart-security-light,LE2917,,2026-09-13T15:06:54.013Z
gwangjin:security_light:LE2923,security_light,스마트보안등 LE2923,37.53908621,127.0655096,,,서울특별시 광진구,gwangjin-smart-security-light,LE2923,,2026-09-13T15:06:54.013Z
gwangjin:security_light:LE2925,security_light,스마트보안등 LE2925,37.53839021,127.0657396,,,서울특별시 광진구,gwangjin-smart-security-light,LE2925,,2026-09-13T15:06:54.013Z
gwangjin:security_light:LE2927,security_light,스마트보안등 LE2927,37.53897145,127.06550209,,,서울특별시 광진구,gwangjin-smart-security-light,LE2927,,2026-09-13T15:06:54.013Z
gwangjin:security_light:LE4245,security_light,스마트보안등 LE4245,37.54760821,127.0692816,,,서울특별시 광진구,gwangjin-smart-security-light,LE4245,,2026-09-13T15:06:54.013Z
gwangjin:security_light:LE4249,security_light,스마트보안등 LE4249,37.54685921,127.0691036,,,서울특별시 광진구,gwangjin-smart-security-light,LE4249,,2026-09-13T15:06:54.013Z
gwangjin:security_light:LE4257,security_light,스마트보안등 LE4257,37.54959521,127.0707166,,,서울특별시 광진구,gwangjin-smart-security-light,LE4257,,2026-09-13T15:06:54.013Z
gwangjin:security_light:LE4258,security_light,스마트보안등 LE4258,37.54954121,127.0699306,,,서울특별시 광진구,gwangjin-smart-security-light,LE4258,,2026-09-13T15:06:54.013Z
gwangjin:security_light:LE4260,security_light,스마트보안등 LE4260,37.54787021,127.0689706,,,서울특별시 광진구,gwangjin-smart-security-light,LE4260,,2026-09-13T15:06:54.013Z
gwangjin:security_light:LE4261,security_light,스마트보안등 LE4261,37.54936221,127.0699036,,,서울특별시 광진구,gwangjin-smart-security-light,LE4261,,2026-09-13T15:06:54.013Z
gwangjin:security_light:LE4262,security_light,스마트보안등 LE4262,37.55001321,127.0697116,,,서울특별시 광진구,gwangjin-smart-security-light,LE4262,,2026-09-13T15:06:54.013Z
gwangjin:security_light:LE4263,security_light,스마트보안등 LE4263,37.54914121,127.0699296,,,서울특별시 광진구,gwangjin-smart-security-light,LE4263,,2026-09-13T15:06:54.013Z
gwangjin:security_light:LE4265,security_light,스마트보안등 LE4265,37.54714521,127.0695676,,,서울특별시 광진구,gwangjin-smart-security-light,LE4265,,2026-09-13T15:06:54.013Z
gwangjin:security_light:LE4266,security_light,스마트보안등 LE4266,37.54748621,127.0689166,,,서울특별시 광진구,gwangjin-smart-security-light,LE4266,,2026-09-13T15:06:54.013Z
gwangjin:security_light:LE4486,security_light,스마트보안등 LE4486,37.55059821,127.0714816,,,서울특별시 광진구,gwangjin-smart-security-light,LE4486,,2026-09-13T15:06:54.013Z
gwangjin:security_light:LE4544,security_light,스마트보안등 LE4544,37.54616294,127.0684529,,,서울특별시 광진구,gwangjin-smart-security-light,LE4544,,2026-09-13T15:06:54.013Z
gwangjin:security_light:LE4553,security_light,스마트보안등 LE4553,37.55054721,127.0712286,,,서울특별시 광진구,gwangjin-smart-security-light,LE4553,,2026-09-13T15:06:54.013Z
gwangjin:security_light:LE4557,security_light,스마트보안등 LE4557,37.55082021,127.0716496,,,서울특별시 광진구,gwangjin-smart-security-light,LE4557,,2026-09-13T15:06:54.013Z
gwangjin:security_light:LE4562,security_light,스마트보안등 LE4562,37.55037621,127.0702316,,,서울특별시 광진구,gwangjin-smart-security-light,LE4562,,2026-09-13T15:06:54.013Z
gwangjin:security_light:LE4577,security_light,스마트보안등 LE4577,37.54318621,127.0814446,,,서울특별시 광진구,gwangjin-smart-security-light,LE4577,,2026-09-13T15:06:54.013Z
gwangjin:security_light:LE4593,security_light,스마트보안등 LE4593,37.54458221,127.0826456,,,서울특별시 광진구,gwangjin-smart-security-light,LE4593,,2026-09-13T15:06:54.013Z
gwangjin:security_light:LE4600,security_light,스마트보안등 LE4600,37.54462621,127.0826626,,,서울특별시 광진구,gwangjin-smart-security-light,LE4600,,2026-09-13T15:06:54.013Z
gwangjin:security_light:LE8991,security_light,스마트보안등 LE8991,37.54394421,127.0709356,,,서울특별시 광진구,gwangjin-smart-security-light,LE8991,,2026-09-13T15:06:54.013Z
gwangjin:security_light:LE8993,security_light,스마트보안등 LE8993,37.54365621,127.0712076,,,서울특별시 광진구,gwangjin-smart-security-light,LE8993,,2026-09-13T15:06:54.013Z
gwangjin:security_light:LE9005,security_light,스마트보안등 LE9005,37.54356721,127.0712966,,,서울특별시 광진구,gwangjin-smart-security-light,LE9005,,2026-09-13T15:06:54.013Z
gwangjin:security_light:LF3000,security_light,스마트보안등 LF3000,37.54430721,127.0718096,,,서울특별시 광진구,gwangjin-smart-security-light,LF3000,,2026-09-13T15:06:54.013Z
gwangjin:security_light:LF3006,security_light,스마트보안등 LF3006,37.54378021,127.0714616,,,서울특별시 광진구,gwangjin-smart-security-light,LF3006,,2026-09-13T15:06:54.013Z
gwangjin:security_light:LF3009,security_light,스마트보안등 LF3009,37.54403721,127.0715226,,,서울특별시 광진구,gwangjin-smart-security-light,LF3009,,2026-09-13T15:06:54.013Z
gwangjin:security_light:LF3130,security_light,스마트보안등 LF3130,37.54684721,127.0709966,,,서울특별시 광진구,gwangjin-smart-security-light,LF3130,,2026-09-13T15:06:54.013Z
gwangjin:security_light:LF3269,security_light,스마트보안등 LF3269,37.54462321,127.0699326,,,서울특별시 광진구,gwangjin-smart-security-light,LF3269,,2026-09-13T15:06:54.013Z
gwangjin:security_light:LF3270,security_light,스마트보안등 LF3270,37.54575534,127.0717949,,,서울특별시 광진구,gwangjin-smart-security-light,LF3270,,2026-09-13T15:06:54.013Z
gwangjin:security_light:LF3271,security_light,스마트보안등 LF3271,37.54627221,127.0715986,,,서울특별시 광진구,gwangjin-smart-security-light,LF3271,,2026-09-13T15:06:54.013Z
gwangjin:security_light:LF3273,security_light,스마트보안등 LF3273,37.54453021,127.0703896,,,서울특별시 광진구,gwangjin-smart-security-light,LF3273,,2026-09-13T15:06:54.013Z
gwangjin:security_light:LF3275,security_light,스마트보안등 LF3275,37.54498321,127.0711636,,,서울특별시 광진구,gwangjin-smart-security-light,LF3275,,2026-09-13T15:06:54.013Z
gwangjin:security_light:LF3283,security_light,스마트보안등 LF3283,37.54523321,127.0711046,,,서울특별시 광진구,gwangjin-smart-security-light,LF3283,,2026-09-13T15:06:54.013Z
gwangjin:security_light:LF3284,security_light,스마트보안등 LF3284,37.54560054,127.071286,,,서울특별시 광진구,gwangjin-smart-security-light,LF3284,,2026-09-13T15:06:54.013Z
gwangjin:security_light:LF3285,security_light,스마트보안등 LF3285,37.54559321,127.0720056,,,서울특별시 광진구,gwangjin-smart-security-light,LF3285,,2026-09-13T15:06:54.013Z
gwangjin:security_light:LF3286,security_light,스마트보안등 LF3286,37.54558421,127.0713536,,,서울특별시 광진구,gwangjin-smart-security-light,LF3286,,2026-09-13T15:06:54.013Z
gwangjin:security_light:LF3288,security_light,스마트보안등 LF3288,37.54480621,127.0708636,,,서울특별시 광진구,gwangjin-smart-security-light,LF3288,,2026-09-13T15:06:54.013Z
gwangjin:security_light:LF3296,security_light,스마트보안등 LF3296,37.54583721,127.0718646,,,서울특별시 광진구,gwangjin-smart-security-light,LF3296,,2026-09-13T15:06:54.013Z
gwangjin:security_light:LF3298,security_light,스마트보안등 LF3298,37.54626021,127.0720346,,,서울특별시 광진구,gwangjin-smart-security-light,LF3298,,2026-09-13T15:06:54.013Z
gwangjin:security_light:LF6078,security_light,스마트보안등 LF6078,37.54285521,127.0690826,,,서울특별시 광진구,gwangjin-smart-security-light,LF6078,,2026-09-13T15:06:54.013Z
gwangjin:security_light:LF6942,security_light,스마트보안등 LF6942,37.54223921,127.0697466,,,서울특별시 광진구,gwangjin-smart-security-light,LF6942,,2026-09-13T15:06:54.013Z
gwangjin:security_light:LF6945,security_light,스마트보안등 LF6945,37.54168121,127.0695266,,,서울특별시 광진구,gwangjin-smart-security-light,LF6945,,2026-09-13T15:06:54.013Z
gwangjin:security_light:LF7698,security_light,스마트보안등 LF7698,37.53858921,127.0790986,,,서울특별시 광진구,gwangjin-smart-security-light,LF7698,,2026-09-13T15:06:54.013Z
gwangjin:security_light:LF7945,security_light,스마트보안등 LF7945,37.54024221,127.0811916,,,서울특별시 광진구,gwangjin-smart-security-light,LF7945,,2026-09-13T15:06:54.013Z
gwangjin:security_light:LF7961,security_light,스마트보안등 LF7961,37.54192621,127.0711866,,,서울특별시 광진구,gwangjin-smart-security-light,LF7961,,2026-09-13T15:06:54.013Z
gwangjin:security_light:LF7968,security_light,스마트보안등 LF7968,37.53805221,127.0802476,,,서울특별시 광진구,gwangjin-smart-security-light,LF7968,,2026-09-13T15:06:54.013Z
gwangjin:security_light:LF7976,security_light,스마트보안등 LF7976,37.54187221,127.0707376,,,서울특별시 광진구,gwangjin-smart-security-light,LF7976,,2026-09-13T15:06:54.013Z
gwangjin:security_light:LF7977,security_light,스마트보안등 LF7977,37.54129421,127.0702416,,,서울특별시 광진구,gwangjin-smart-security-light,LF7977,,2026-09-13T15:06:54.013Z
gwangjin:security_light:LF7979,security_light,스마트보안등 LF7979,37.54187421,127.0710546,,,서울특별시 광진구,gwangjin-smart-security-light,LF7979,,2026-09-13T15:06:54.013Z
gwangjin:security_light:LF8040,security_light,스마트보안등 LF8040,37.53940721,127.0757756,,,서울특별시 광진구,gwangjin-smart-security-light,LF8040,,2026-09-13T15:06:54.013Z
gwangjin:security_light:LF8048,security_light,스마트보안등 LF8048,37.53931521,127.0767726,,,서울특별시 광진구,gwangjin-smart-security-light,LF8048,,2026-09-13T15:06:54.013Z
gwangjin:security_light:LF8049,security_light,스마트보안등 LF8049,37.53906521,127.0765816,,,서울특별시 광진구,gwangjin-smart-security-light,LF8049,,2026-09-13T15:06:54.013Z
gwangjin:security_light:LF8050,security_light,스마트보안등 LF8050,37.53935821,127.0764336,,,서울특별시 광진구,gwangjin-smart-security-light,LF8050,,2026-09-13T15:06:54.013Z
gwangjin:security_light:LF8100,security_light,스마트보안등 LF8100,37.54486521,127.0696136,,,서울특별시 광진구,gwangjin-smart-security-light,LF8100,,2026-09-13T15:06:54.013Z
gwangjin:security_light:LF8101,security_light,스마트보안등 LF8101,37.54526921,127.0699006,,,서울특별시 광진구,gwangjin-smart-security-light,LF8101,,2026-09-13T15:06:54.013Z
gwangjin:security_light:LF8109,security_light,스마트보안등 LF8109,37.54472721,127.0698316,,,서울특별시 광진구,gwangjin-smart-security-light,LF8109,,2026-09-13T15:06:54.013Z
gwangjin:security_light:LF8134,security_light,스마트보안등 LF8134,37.54544121,127.0709926,,,서울특별시 광진구,gwangjin-smart-security-light,LF8134,,2026-09-13T15:06:54.013Z
gwangjin:security_light:LF8273,security_light,스마트보안등 LF8273,37.54590721,127.0717066,,,서울특별시 광진구,gwangjin-smart-security-light,LF8273,,2026-09-13T15:06:54.013Z
gwangjin:security_light:LF8274,security_light,스마트보안등 LF8274,37.54599421,127.0717136,,,서울특별시 광진구,gwangjin-smart-security-light,LF8274,,2026-09-13T15:06:54.013Z
gwangjin:security_light:LF8275,security_light,스마트보안등 LF8275,37.54437121,127.0701206,,,서울특별시 광진구,gwangjin-smart-security-light,LF8275,,2026-09-13T15:06:54.013Z
gwangjin:security_light:LF8276,security_light,스마트보안등 LF8276,37.54689021,127.0720786,,,서울특별시 광진구,gwangjin-smart-security-light,LF8276,,2026-09-13T15:06:54.013Z
gwangjin:security_light:LF8277,security_light,스마트보안등 LF8277,37.54482921,127.0705026,,,서울특별시 광진구,gwangjin-smart-security-light,LF8277,,2026-09-13T15:06:54.013Z
gwangjin:security_light:LF8284,security_light,스마트보안등 LF8284,37.54589721,127.0713306,,,서울특별시 광진구,gwangjin-smart-security-light,LF8284,,2026-09-13T15:06:54.013Z
gwangjin:security_light:LF8285,security_light,스마트보안등 LF8285,37.54658221,127.0722256,,,서울특별시 광진구,gwangjin-smart-security-light,LF8285,,2026-09-13T15:06:54.013Z
gwangjin:security_light:LF8286,security_light,스마트보안등 LF8286,37.54628621,127.0716906,,,서울특별시 광진구,gwangjin-smart-security-light,LF8286,,2026-09-13T15:06:54.013Z
gwangjin:security_light:LF8287,security_light,스마트보안등 LF8287,37.54467721,127.0706366,,,서울특별시 광진구,gwangjin-smart-security-light,LF8287,,2026-09-13T15:06:54.013Z
gwangjin:security_light:LF8288,security_light,스마트보안등 LF8288,37.54541721,127.0708496,,,서울특별시 광진구,gwangjin-smart-security-light,LF8288,,2026-09-13T15:06:54.013Z
gwangjin:security_light:LF8289,security_light,스마트보안등 LF8289,37.54421221,127.0698586,,,서울특별시 광진구,gwangjin-smart-security-light,LF8289,,2026-09-13T15:06:54.013Z
gwangjin:security_light:LF8296,security_light,스마트보안등 LF8296,37.54562421,127.0717806,,,서울특별시 광진구,gwangjin-smart-security-light,LF8296,,2026-09-13T15:06:54.013Z
gwangjin:security_light:LF8297,security_light,스마트보안등 LF8297,37.54540017,127.07176892,,,서울특별시 광진구,gwangjin-smart-security-light,LF8297,,2026-09-13T15:06:54.013Z
gwangjin:security_light:LF8298,security_light,스마트보안등 LF8298,37.54654421,127.0725276,,,서울특별시 광진구,gwangjin-smart-security-light,LF8298,,2026-09-13T15:06:54.013Z
gwangjin:security_light:LF8299,security_light,스마트보안등 LF8299,37.54562021,127.0706896,,,서울특별시 광진구,gwangjin-smart-security-light,LF8299,,2026-09-13T15:06:54.013Z
gwangjin:security_light:LF8300,security_light,스마트보안등 LF8300,37.54606421,127.0721196,,,서울특별시 광진구,gwangjin-smart-security-light,LF8300,,2026-09-13T15:06:54.013Z
gwangjin:security_light:LG1254,security_light,스마트보안등 LG1254,37.53885921,127.0804446,,,서울특별시 광진구,gwangjin-smart-security-light,LG1254,,2026-09-13T15:06:54.013Z
gwangjin:security_light:LG1677,security_light,스마트보안등 LG1677,37.54200021,127.0696236,,,서울특별시 광진구,gwangjin-smart-security-light,LG1677,,2026-09-13T15:06:54.013Z
gwangjin:security_light:LG1731,security_light,스마트보안등 LG1731,37.54177321,127.0693056,,,서울특별시 광진구,gwangjin-smart-security-light,LG1731,,2026-09-13T15:06:54.013Z
gwangjin:security_light:LG1763,security_light,스마트보안등 LG1763,37.53829121,127.0796156,,,서울특별시 광진구,gwangjin-smart-security-light,LG1763,,2026-09-13T15:06:54.013Z
gwangjin:security_light:LG2141,security_light,스마트보안등 LG2141,37.54565821,127.0700516,,,서울특별시 광진구,gwangjin-smart-security-light,LG2141,,2026-09-13T15:06:54.013Z
gwangjin:security_light:LG2397,security_light,스마트보안등 LG2397,37.54009321,127.0818116,,,서울특별시 광진구,gwangjin-smart-security-light,LG2397,,2026-09-13T15:06:54.013Z
gwangjin:security_light:LG2432,security_light,스마트보안등 LG2432,37.54543721,127.0697476,,,서울특별시 광진구,gwangjin-smart-security-light,LG2432,,2026-09-13T15:06:54.013Z
gwangjin:security_light:LG2447,security_light,스마트보안등 LG2447,37.54580021,127.0693606,,,서울특별시 광진구,gwangjin-smart-security-light,LG2447,,2026-09-13T15:06:54.013Z
gwangjin:security_light:LG2681,security_light,스마트보안등 LG2681,37.53807721,127.0794226,,,서울특별시 광진구,gwangjin-smart-security-light,LG2681,,2026-09-13T15:06:54.013Z
gwangjin:security_light:LG2977,security_light,스마트보안등 LG2977,37.54249121,127.0712526,,,서울특별시 광진구,gwangjin-smart-security-light,LG2977,,2026-09-13T15:06:54.013Z
gwangjin:security_light:LG3044,security_light,스마트보안등 LG3044,37.53917021,127.0766916,,,서울특별시 광진구,gwangjin-smart-security-light,LG3044,,2026-09-13T15:06:54.013Z
gwangjin:security_light:LG3047,security_light,스마트보안등 LG3047,37.53882121,127.0777166,,,서울특별시 광진구,gwangjin-smart-security-light,LG3047,,2026-09-13T15:06:54.013Z
gwangjin:security_light:LG3049,security_light,스마트보안등 LG3049,37.54018021,127.0814516,,,서울특별시 광진구,gwangjin-smart-security-light,LG3049,,2026-09-13T15:06:54.013Z
gwangjin:security_light:LG3107,security_light,스마트보안등 LG3107,37.54400721,127.0704876,,,서울특별시 광진구,gwangjin-smart-security-light,LG3107,,2026-09-13T15:06:54.013Z
gwangjin:security_light:LG3760,security_light,스마트보안등 LG3760,37.53998721,127.0822446,,,서울특별시 광진구,gwangjin-smart-security-light,LG3760,,2026-09-13T15:06:54.013Z
gwangjin:security_light:LG3762,security_light,스마트보안등 LG3762,37.53895821,127.0802246,,,서울특별시 광진구,gwangjin-smart-security-light,LG3762,,2026-09-13T15:06:54.013Z
gwangjin:security_light:LG3773,security_light,스마트보안등 LG3773,37.53878521,127.0807186,,,서울특별시 광진구,gwangjin-smart-security-light,LG3773,,2026-09-13T15:06:54.013Z
gwangjin:security_light:LG3775,security_light,스마트보안등 LG3775,37.53865321,127.0810356,,,서울특별시 광진구,gwangjin-smart-security-light,LG3775,,2026-09-13T15:06:54.013Z
gwangjin:security_light:LG3776,security_light,스마트보안등 LG3776,37.54526821,127.0700436,,,서울특별시 광진구,gwangjin-smart-security-light,LG3776,,2026-09-13T15:06:54.013Z
gwangjin:security_light:LG3778,security_light,스마트보안등 LG3778,37.54507221,127.0702206,,,서울특별시 광진구,gwangjin-smart-security-light,LG3778,,2026-09-13T15:06:54.013Z
gwangjin:security_light:LG3781,security_light,스마트보안등 LG3781,37.53852721,127.0805076,,,서울특별시 광진구,gwangjin-smart-security-light,LG3781,,2026-09-13T15:06:54.013Z
gwangjin:security_light:LG3782,security_light,스마트보안등 LG3782,37.53839621,127.0808896,,,서울특별시 광진구,gwangjin-smart-security-light,LG3782,,2026-09-13T15:06:54.013Z
gwangjin:security_light:LG3785,security_light,스마트보안등 LG3785,37.53861721,127.0806356,,,서울특별시 광진구,gwangjin-smart-security-light,LG3785,,2026-09-13T15:06:54.013Z
gwangjin:security_light:LG3808,security_light,스마트보안등 LG3808,37.53874321,127.0794656,,,서울특별시 광진구,gwangjin-smart-security-light,LG3808,,2026-09-13T15:06:54.013Z
gwangjin:security_light:LG3810,security_light,스마트보안등 LG3810,37.53891121,127.0792026,,,서울특별시 광진구,gwangjin-smart-security-light,LG3810,,2026-09-13T15:06:54.013Z
gwangjin:security_light:LG3813,security_light,스마트보안등 LG3813,37.53892621,127.0775366,,,서울특별시 광진구,gwangjin-smart-security-light,LG3813,,2026-09-13T15:06:54.013Z
gwangjin:security_light:LG3814,security_light,스마트보안등 LG3814,37.53878321,127.0792056,,,서울특별시 광진구,gwangjin-smart-security-light,LG3814,,2026-09-13T15:06:54.013Z
gwangjin:security_light:LG3815,security_light,스마트보안등 LG3815,37.53823921,127.0784056,,,서울특별시 광진구,gwangjin-smart-security-light,LG3815,,2026-09-13T15:06:54.013Z
gwangjin:security_light:LG3827,security_light,스마트보안등 LG3827,37.54229921,127.0710896,,,서울특별시 광진구,gwangjin-smart-security-light,LG3827,,2026-09-13T15:06:54.013Z
gwangjin:security_light:LG3828,security_light,스마트보안등 LG3828,37.54199821,127.0709536,,,서울특별시 광진구,gwangjin-smart-security-light,LG3828,,2026-09-13T15:06:54.013Z
gwangjin:security_light:LG3832,security_light,스마트보안등 LG3832,37.54163121,127.0709516,,,서울특별시 광진구,gwangjin-smart-security-light,LG3832,,2026-09-13T15:06:54.013Z
gwangjin:security_light:LG3841,security_light,스마트보안등 LG3841,37.54278821,127.0695966,,,서울특별시 광진구,gwangjin-smart-security-light,LG3841,,2026-09-13T15:06:54.013Z
gwangjin:security_light:LG3842,security_light,스마트보안등 LG3842,37.54299421,127.0701486,,,서울특별시 광진구,gwangjin-smart-security-light,LG3842,,2026-09-13T15:06:54.013Z
gwangjin:security_light:LG3843,security_light,스마트보안등 LG3843,37.54223421,127.0703836,,,서울특별시 광진구,gwangjin-smart-security-light,LG3843,,2026-09-13T15:06:54.013Z
gwangjin:security_light:LG3845,security_light,스마트보안등 LG3845,37.54272621,127.0707046,,,서울특별시 광진구,gwangjin-smart-security-light,LG3845,,2026-09-13T15:06:54.013Z
gwangjin:security_light:LG3846,security_light,스마트보안등 LG3846,37.54285421,127.0698206,,,서울특별시 광진구,gwangjin-smart-security-light,LG3846,,2026-09-13T15:06:54.013Z
gwangjin:security_light:LG3847,security_light,스마트보안등 LG3847,37.54510821,127.0720926,,,서울특별시 광진구,gwangjin-smart-security-light,LG3847,,2026-09-13T15:06:54.013Z
gwangjin:security_light:LG3975,security_light,스마트보안등 LG3975,37.54382421,127.0696096,,,서울특별시 광진구,gwangjin-smart-security-light,LG3975,,2026-09-13T15:06:54.013Z
gwangjin:security_light:LG3977,security_light,스마트보안등 LG3977,37.54263321,127.0689666,,,서울특별시 광진구,gwangjin-smart-security-light,LG3977,,2026-09-13T15:06:54.013Z
gwangjin:security_light:LG3980,security_light,스마트보안등 LG3980,37.54241321,127.0688466,,,서울특별시 광진구,gwangjin-smart-security-light,LG3980,,2026-09-13T15:06:54.013Z
gwangjin:security_light:LG4746,security_light,스마트보안등 LG4746,37.54553984,127.0686732,,,서울특별시 광진구,gwangjin-smart-security-light,LG4746,,2026-09-13T15:06:54.013Z
gwangjin:security_light:LG4753,security_light,스마트보안등 LG4753,37.54418121,127.0703126,,,서울특별시 광진구,gwangjin-smart-security-light,LG4753,,2026-09-13T15:06:54.013Z
gwangjin:security_light:LG4756,security_light,스마트보안등 LG4756,37.54267921,127.0699796,,,서울특별시 광진구,gwangjin-smart-security-light,LG4756,,2026-09-13T15:06:54.013Z
gwangjin:security_light:LG8758,security_light,스마트보안등 LG8758,37.53820721,127.0799816,,,서울특별시 광진구,gwangjin-smart-security-light,LG8758,,2026-09-13T15:06:54.013Z
gwangjin:security_light:LG8759,security_light,스마트보안등 LG8759,37.53897221,127.0803496,,,서울특별시 광진구,gwangjin-smart-security-light,LG8759,,2026-09-13T15:06:54.013Z
gwangjin:security_light:LG8760,security_light,스마트보안등 LG8760,37.53907021,127.0804776,,,서울특별시 광진구,gwangjin-smart-security-light,LG8760,,2026-09-13T15:06:54.013Z
gwangjin:security_light:LG8762,security_light,스마트보안등 LG8762,37.53829221,127.0793806,,,서울특별시 광진구,gwangjin-smart-security-light,LG8762,,2026-09-13T15:06:54.013Z
gwangjin:security_light:LG8763,security_light,스마트보안등 LG8763,37.53978021,127.0823136,,,서울특별시 광진구,gwangjin-smart-security-light,LG8763,,2026-09-13T15:06:54.013Z
gwangjin:security_light:LG8773,security_light,스마트보안등 LG8773,37.54506321,127.0696756,,,서울특별시 광진구,gwangjin-smart-security-light,LG8773,,2026-09-13T15:06:54.013Z
gwangjin:security_light:LG8776,security_light,스마트보안등 LG8776,37.54536821,127.0702286,,,서울특별시 광진구,gwangjin-smart-security-light,LG8776,,2026-09-13T15:06:54.013Z
gwangjin:security_light:LG8777,security_light,스마트보안등 LG8777,37.54497521,127.0695216,,,서울특별시 광진구,gwangjin-smart-security-light,LG8777,,2026-09-13T15:06:54.013Z
gwangjin:security_light:LG8778,security_light,스마트보안등 LG8778,37.53839321,127.0804236,,,서울특별시 광진구,gwangjin-smart-security-light,LG8778,,2026-09-13T15:06:54.013Z
gwangjin:security_light:LG8780,security_light,스마트보안등 LG8780,37.53916321,127.0817256,,,서울특별시 광진구,gwangjin-smart-security-light,LG8780,,2026-09-13T15:06:54.013Z
gwangjin:security_light:LG8781,security_light,스마트보안등 LG8781,37.53851121,127.0809696,,,서울특별시 광진구,gwangjin-smart-security-light,LG8781,,2026-09-13T15:06:54.013Z
gwangjin:security_light:LG8807,security_light,스마트보안등 LG8807,37.53886221,127.0781056,,,서울특별시 광진구,gwangjin-smart-security-light,LG8807,,2026-09-13T15:06:54.013Z
gwangjin:security_light:LG8812,security_light,스마트보안등 LG8812,37.53894221,127.0777246,,,서울특별시 광진구,gwangjin-smart-security-light,LG8812,,2026-09-13T15:06:54.013Z
gwangjin:security_light:LG8813,security_light,스마트보안등 LG8813,37.53876921,127.0781016,,,서울특별시 광진구,gwangjin-smart-security-light,LG8813,,2026-09-13T15:06:54.013Z
gwangjin:security_light:LG8814,security_light,스마트보안등 LG8814,37.53825921,127.0789786,,,서울특별시 광진구,gwangjin-smart-security-light,LG8814,,2026-09-13T15:06:54.013Z
gwangjin:security_light:LG8815,security_light,스마트보안등 LG8815,37.53813521,127.0788056,,,서울특별시 광진구,gwangjin-smart-security-light,LG8815,,2026-09-13T15:06:54.013Z
gwangjin:security_light:LG8829,security_light,스마트보안등 LG8829,37.54151821,127.0700396,,,서울특별시 광진구,gwangjin-smart-security-light,LG8829,,2026-09-13T15:06:54.013Z
gwangjin:security_light:LG8830,security_light,스마트보안등 LG8830,37.54265221,127.0712496,,,서울특별시 광진구,gwangjin-smart-security-light,LG8830,,2026-09-13T15:06:54.013Z
gwangjin:security_light:LG8834,security_light,스마트보안등 LG8834,37.54174021,127.0701716,,,서울특별시 광진구,gwangjin-smart-security-light,LG8834,,2026-09-13T15:06:54.013Z
gwangjin:security_light:LG8837,security_light,스마트보안등 LG8837,37.54491421,127.0720056,,,서울특별시 광진구,gwangjin-smart-security-light,LG8837,,2026-09-13T15:06:54.013Z
gwangjin:security_light:LG8839,security_light,스마트보안등 LG8839,37.54166521,127.0703996,,,서울특별시 광진구,gwangjin-smart-security-light,LG8839,,2026-09-13T15:06:54.013Z
gwangjin:security_light:LG8840,security_light,스마트보안등 LG8840,37.54241721,127.0707456,,,서울특별시 광진구,gwangjin-smart-security-light,LG8840,,2026-09-13T15:06:54.013Z
gwangjin:security_light:LG8842,security_light,스마트보안등 LG8842,37.54486121,127.0723066,,,서울특별시 광진구,gwangjin-smart-security-light,LG8842,,2026-09-13T15:06:54.013Z
gwangjin:security_light:LG8843,security_light,스마트보안등 LG8843,37.54295121,127.0707226,,,서울특별시 광진구,gwangjin-smart-security-light,LG8843,,2026-09-13T15:06:54.013Z
gwangjin:security_light:LG8844,security_light,스마트보안등 LG8844,37.54332721,127.0705916,,,서울특별시 광진구,gwangjin-smart-security-light,LG8844,,2026-09-13T15:06:54.013Z
gwangjin:security_light:LG8845,security_light,스마트보안등 LG8845,37.54349521,127.0704036,,,서울특별시 광진구,gwangjin-smart-security-light,LG8845,,2026-09-13T15:06:54.013Z
gwangjin:security_light:LG8846,security_light,스마트보안등 LG8846,37.54480821,127.0713436,,,서울특별시 광진구,gwangjin-smart-security-light,LG8846,,2026-09-13T15:06:54.013Z
gwangjin:security_light:LG8972,security_light,스마트보안등 LG8972,37.54189121,127.0683066,,,서울특별시 광진구,gwangjin-smart-security-light,LG8972,,2026-09-13T15:06:54.013Z
gwangjin:security_light:LG8976,security_light,스마트보안등 LG8976,37.53758721,127.0810366,,,서울특별시 광진구,gwangjin-smart-security-light,LG8976,,2026-09-13T15:06:54.013Z
gwangjin:security_light:LG8981,security_light,스마트보안등 LG8981,37.54263221,127.0693716,,,서울특별시 광진구,gwangjin-smart-security-light,LG8981,,2026-09-13T15:06:54.013Z
gwangjin:security_light:LG9745,security_light,스마트보안등 LG9745,37.53803621,127.0650636,,,서울특별시 광진구,gwangjin-smart-security-light,LG9745,,2026-09-13T15:06:54.013Z
gwangjin:security_light:LI1270,security_light,스마트보안등 LI1270,37.54536614,127.07470757,,,서울특별시 광진구,gwangjin-smart-security-light,LI1270,,2026-09-13T15:06:54.013Z
gwangjin:security_light:LI1478,security_light,스마트보안등 LI1478,37.54552821,127.0743876,,,서울특별시 광진구,gwangjin-smart-security-light,LI1478,,2026-09-13T15:06:54.013Z
gwangjin:security_light:LI1491,security_light,스마트보안등 LI1491,37.54503621,127.0737806,,,서울특별시 광진구,gwangjin-smart-security-light,LI1491,,2026-09-13T15:06:54.013Z
gwangjin:security_light:LI1664,security_light,스마트보안등 LI1664,37.54630621,127.0752556,,,서울특별시 광진구,gwangjin-smart-security-light,LI1664,,2026-09-13T15:06:54.013Z
gwangjin:security_light:LI1936,security_light,스마트보안등 LI1936,37.54517321,127.0762866,,,서울특별시 광진구,gwangjin-smart-security-light,LI1936,,2026-09-13T15:06:54.013Z
gwangjin:security_light:LI1940,security_light,스마트보안등 LI1940,37.54494821,127.0759006,,,서울특별시 광진구,gwangjin-smart-security-light,LI1940,,2026-09-13T15:06:54.013Z
gwangjin:security_light:LI1946,security_light,스마트보안등 LI1946,37.54507621,127.0751776,,,서울특별시 광진구,gwangjin-smart-security-light,LI1946,,2026-09-13T15:06:54.013Z
gwangjin:security_light:LI1947,security_light,스마트보안등 LI1947,37.54519421,127.0755686,,,서울특별시 광진구,gwangjin-smart-security-light,LI1947,,2026-09-13T15:06:54.013Z
gwangjin:security_light:LI1999,security_light,스마트보안등 LI1999,37.54504721,127.0758636,,,서울특별시 광진구,gwangjin-smart-security-light,LI1999,,2026-09-13T15:06:54.013Z
gwangjin:security_light:LI2031,security_light,스마트보안등 LI2031,37.54519043,127.07421544,,,서울특별시 광진구,gwangjin-smart-security-light,LI2031,,2026-09-13T15:06:54.013Z
gwangjin:security_light:LI2414,security_light,스마트보안등 LI2414,37.54536221,127.0748896,,,서울특별시 광진구,gwangjin-smart-security-light,LI2414,,2026-09-13T15:06:54.013Z
gwangjin:security_light:LI2424,security_light,스마트보안등 LI2424,37.54551984,127.0747842,,,서울특별시 광진구,gwangjin-smart-security-light,LI2424,,2026-09-13T15:06:54.013Z
gwangjin:security_light:LI2458,security_light,스마트보안등 LI2458,37.54562421,127.0759576,,,서울특별시 광진구,gwangjin-smart-security-light,LI2458,,2026-09-13T15:06:54.013Z
gwangjin:security_light:LI3171,security_light,스마트보안등 LI3171,37.54537421,127.0761836,,,서울특별시 광진구,gwangjin-smart-security-light,LI3171,,2026-09-13T15:06:54.013Z
gwangjin:security_light:LI3310,security_light,스마트보안등 LI3310,37.54620421,127.0750996,,,서울특별시 광진구,gwangjin-smart-security-light,LI3310,,2026-09-13T15:06:54.013Z
gwangjin:security_light:LI3312,security_light,스마트보안등 LI3312,37.54496621,127.0740236,,,서울특별시 광진구,gwangjin-smart-security-light,LI3312,,2026-09-13T15:06:54.013Z
gwangjin:security_light:LI3334,security_light,스마트보안등 LI3334,37.54494121,127.0748566,,,서울특별시 광진구,gwangjin-smart-security-light,LI3334,,2026-09-13T15:06:54.013Z
gwangjin:security_light:LI3719,security_light,스마트보안등 LI3719,37.54559624,127.0757811,,,서울특별시 광진구,gwangjin-smart-security-light,LI3719,,2026-09-13T15:06:54.013Z
gwangjin:security_light:LI4824,security_light,스마트보안등 LI4824,37.54489521,127.0743806,,,서울특별시 광진구,gwangjin-smart-security-light,LI4824,,2026-09-13T15:06:54.013Z
gwangjin:security_light:LI4827,security_light,스마트보안등 LI4827,37.54477221,127.0759806,,,서울특별시 광진구,gwangjin-smart-security-light,LI4827,,2026-09-13T15:06:54.013Z
gwangjin:security_light:LI4883,security_light,스마트보안등 LI4883,37.54481392,127.07497536,,,서울특별시 광진구,gwangjin-smart-security-light,LI4883,,2026-09-13T15:06:54.013Z
gwangjin:security_light:LI5412,security_light,스마트보안등 LI5412,37.54501021,127.0734006,,,서울특별시 광진구,gwangjin-smart-security-light,LI5412,,2026-09-13T15:06:54.013Z
gwangjin:security_light:LI5413,security_light,스마트보안등 LI5413,37.54560421,127.0737686,,,서울특별시 광진구,gwangjin-smart-security-light,LI5413,,2026-09-13T15:06:54.013Z
gwangjin:security_light:LI6459,security_light,스마트보안등 LI6459,37.54593821,127.0742236,,,서울특별시 광진구,gwangjin-smart-security-light,LI6459,,2026-09-13T15:06:54.013Z
gwangjin:security_light:LI6461,security_light,스마트보안등 LI6461,37.54502421,127.0749896,,,서울특별시 광진구,gwangjin-smart-security-light,LI6461,,2026-09-13T15:06:54.013Z
gwangjin:security_light:LI6677,security_light,스마트보안등 LI6677,37.54672121,127.0746386,,,서울특별시 광진구,gwangjin-smart-security-light,LI6677,,2026-09-13T15:06:54.013Z
gwangjin:security_light:LI6679,security_light,스마트보안등 LI6679,37.54483721,127.0747676,,,서울특별시 광진구,gwangjin-smart-security-light,LI6679,,2026-09-13T15:06:54.013Z
gwangjin:security_light:LI6910,security_light,스마트보안등 LI6910,37.54580521,127.0749306,,,서울특별시 광진구,gwangjin-smart-security-light,LI6910,,2026-09-13T15:06:54.013Z
gwangjin:security_light:LI6934,security_light,스마트보안등 LI6934,37.54480721,127.0762016,,,서울특별시 광진구,gwangjin-smart-security-light,LI6934,,2026-09-13T15:06:54.013Z
gwangjin:security_light:LI6937,security_light,스마트보안등 LI6937,37.54532621,127.0737376,,,서울특별시 광진구,gwangjin-smart-security-light,LI6937,,2026-09-13T15:06:54.013Z
gwangjin:security_light:LI7421,security_light,스마트보안등 LI7421,37.54519621,127.0747126,,,서울특별시 광진구,gwangjin-smart-security-light,LI7421,,2026-09-13T15:06:54.013Z
gwangjin:security_light:LI7425,security_light,스마트보안등 LI7425,37.54510484,127.076129,,,서울특별시 광진구,gwangjin-smart-security-light,LI7425,,2026-09-13T15:06:54.013Z
gwangjin:security_light:LI7427,security_light,스마트보안등 LI7427,37.54525221,127.0757866,,,서울특별시 광진구,gwangjin-smart-security-light,LI7427,,2026-09-13T15:06:54.013Z
gwangjin:security_light:LI8261,security_light,스마트보안등 LI8261,37.54519321,127.0740186,,,서울특별시 광진구,gwangjin-smart-security-light,LI8261,,2026-09-13T15:06:54.013Z
gwangjin:security_light:LI8294,security_light,스마트보안등 LI8294,37.54655321,127.0745476,,,서울특별시 광진구,gwangjin-smart-security-light,LI8294,,2026-09-13T15:06:54.013Z
gwangjin:security_light:LI8660,security_light,스마트보안등 LI8660,37.54554321,127.0736406,,,서울특별시 광진구,gwangjin-smart-security-light,LI8660,,2026-09-13T15:06:54.013Z
gwangjin:security_light:LI8697,security_light,스마트보안등 LI8697,37.54568621,127.0761136,,,서울특별시 광진구,gwangjin-smart-security-light,LI8697,,2026-09-13T15:06:54.013Z
gwangjin:security_light:LI8699,security_light,스마트보안등 LI8699,37.54547464,127.0744097,,,서울특별시 광진구,gwangjin-smart-security-light,LI8699,,2026-09-13T15:06:54.013Z
gwangjin:security_light:LI9263,security_light,스마트보안등 LI9263,37.54495021,127.0752626,,,서울특별시 광진구,gwangjin-smart-security-light,LI9263,,2026-09-13T15:06:54.013Z
gwangjin:security_light:LI9766,security_light,스마트보안등 LI9766,37.54609521,127.0750466,,,서울특별시 광진구,gwangjin-smart-security-light,LI9766,,2026-09-13T15:06:54.013Z
gwangjin:security_light:LI9768,security_light,스마트보안등 LI9768,37.54529421,127.0751206,,,서울특별시 광진구,gwangjin-smart-security-light,LI9768,,2026-09-13T15:06:54.013Z
gwangjin:security_light:LI9896,security_light,스마트보안등 LI9896,37.54522621,127.0753686,,,서울특별시 광진구,gwangjin-smart-security-light,LI9896,,2026-09-13T15:06:54.013Z
gwangjin:security_light:LI9904,security_light,스마트보안등 LI9904,37.54595964,127.0750471,,,서울특별시 광진구,gwangjin-smart-security-light,LI9904,,2026-09-13T15:06:54.013Z
gwangjin:security_light:LI9907,security_light,스마트보안등 LI9907,37.54556021,127.0740826,,,서울특별시 광진구,gwangjin-smart-security-light,LI9907,,2026-09-13T15:06:54.013Z
gwangjin:security_light:LI9918,security_light,스마트보안등 LI9918,37.54649421,127.0747876,,,서울특별시 광진구,gwangjin-smart-security-light,LI9918,,2026-09-13T15:06:54.013Z
gwangjin:security_light:LJ0134,security_light,스마트보안등 LJ0134,37.54584721,127.0754166,,,서울특별시 광진구,gwangjin-smart-security-light,LJ0134,,2026-09-13T15:06:54.013Z
gwangjin:security_light:LJ0322,security_light,스마트보안등 LJ0322,37.54555721,127.0756306,,,서울특별시 광진구,gwangjin-smart-security-light,LJ0322,,2026-09-13T15:06:54.013Z
gwangjin:security_light:LJ0346,security_light,스마트보안등 LJ0346,37.54582421,127.0758266,,,서울특별시 광진구,gwangjin-smart-security-light,LJ0346,,2026-09-13T15:06:54.013Z
gwangjin:security_light:LJ0405,security_light,스마트보안등 LJ0405,37.54483221,127.0734146,,,서울특별시 광진구,gwangjin-smart-security-light,LJ0405,,2026-09-13T15:06:54.013Z
gwangjin:security_light:LJ0590,security_light,스마트보안등 LJ0590,37.54544421,127.0737656,,,서울특별시 광진구,gwangjin-smart-security-light,LJ0590,,2026-09-13T15:06:54.013Z
gwangjin:security_light:LJ2153,security_light,스마트보안등 LJ2153,37.53756521,127.0660576,,,서울특별시 광진구,gwangjin-smart-security-light,LJ2153,,2026-09-13T15:06:54.013Z
gwangjin:security_light:LJ2163,security_light,스마트보안등 LJ2163,37.54237821,127.0683986,,,서울특별시 광진구,gwangjin-smart-security-light,LJ2163,,2026-09-13T15:06:54.013Z
gwangjin:security_light:LJ2166,security_light,스마트보안등 LJ2166,37.54217624,127.068707,,,서울특별시 광진구,gwangjin-smart-security-light,LJ2166,,2026-09-13T15:06:54.013Z
gwangjin:security_light:LJ2168,security_light,스마트보안등 LJ2168,37.54207821,127.0685576,,,서울특별시 광진구,gwangjin-smart-security-light,LJ2168,,2026-09-13T15:06:54.013Z
gwangjin:security_light:LJ2169,security_light,스마트보안등 LJ2169,37.53878621,127.0658796,,,서울특별시 광진구,gwangjin-smart-security-light,LJ2169,,2026-09-13T15:06:54.013Z
gwangjin:security_light:LJ2170,security_light,스마트보안등 LJ2170,37.54340914,127.0654917,,,서울특별시 광진구,gwangjin-smart-security-light,LJ2170,,2026-09-13T15:06:54.013Z
gwangjin:security_light:LJ2171,security_light,스마트보안등 LJ2171,37.53736521,127.0660536,,,서울특별시 광진구,gwangjin-smart-security-light,LJ2171,,2026-09-13T15:06:54.013Z
gwangjin:security_light:LJ2172,security_light,스마트보안등 LJ2172,37.54217321,127.0680356,,,서울특별시 광진구,gwangjin-smart-security-light,LJ2172,,2026-09-13T15:06:54.013Z
gwangjin:security_light:LJ2175,security_light,스마트보안등 LJ2175,37.54553114,127.0666973,,,서울특별시 광진구,gwangjin-smart-security-light,LJ2175,,2026-09-13T15:06:54.013Z
gwangjin:security_light:LJ2176,security_light,스마트보안등 LJ2176,37.54555064,127.0674156,,,서울특별시 광진구,gwangjin-smart-security-light,LJ2176,,2026-09-13T15:06:54.013Z
gwangjin:security_light:LJ2177,security_light,스마트보안등 LJ2177,37.54317204,127.066035,,,서울특별시 광진구,gwangjin-smart-security-light,LJ2177,,2026-09-13T15:06:54.013Z
gwangjin:security_light:LJ2178,security_light,스마트보안등 LJ2178,37.54560021,127.0663726,,,서울특별시 광진구,gwangjin-smart-security-light,LJ2178,,2026-09-13T15:06:54.013Z
gwangjin:security_light:LJ2182,security_light,스마트보안등 LJ2182,37.54258721,127.0654316,,,서울특별시 광진구,gwangjin-smart-security-light,LJ2182,,2026-09-13T15:06:54.013Z
gwangjin:security_light:LJ2183,security_light,스마트보안등 LJ2183,37.5425423,127.06575938,,,서울특별시 광진구,gwangjin-smart-security-light,LJ2183,,2026-09-13T15:06:54.013Z
gwangjin:security_light:LJ2186,security_light,스마트보안등 LJ2186,37.54352394,127.0656258,,,서울특별시 광진구,gwangjin-smart-security-light,LJ2186,,2026-09-13T15:06:54.013Z
gwangjin:security_light:LJ2187,security_light,스마트보안등 LJ2187,37.53867021,127.0663766,,,서울특별시 광진구,gwangjin-smart-security-light,LJ2187,,2026-09-13T15:06:54.013Z
gwangjin:security_light:LJ2188,security_light,스마트보안등 LJ2188,37.53859021,127.0662056,,,서울특별시 광진구,gwangjin-smart-security-light,LJ2188,,2026-09-13T15:06:54.013Z
gwangjin:security_light:LJ2191,security_light,스마트보안등 LJ2191,37.53865621,127.0655346,,,서울특별시 광진구,gwangjin-smart-security-light,LJ2191,,2026-09-13T15:06:54.013Z
gwangjin:security_light:LJ2195,security_light,스마트보안등 LJ2195,37.53811321,127.0657346,,,서울특별시 광진구,gwangjin-smart-security-light,LJ2195,,2026-09-13T15:06:54.013Z
gwangjin:security_light:LJ2197,security_light,스마트보안등 LJ2197,37.54636321,127.0678576,,,서울특별시 광진구,gwangjin-smart-security-light,LJ2197,,2026-09-13T15:06:54.013Z
gwangjin:security_light:LJ2198,security_light,스마트보안등 LJ2198,37.53871221,127.0660086,,,서울특별시 광진구,gwangjin-smart-security-light,LJ2198,,2026-09-13T15:06:54.013Z
gwangjin:security_light:LJ2200,security_light,스마트보안등 LJ2200,37.53883421,127.0665146,,,서울특별시 광진구,gwangjin-smart-security-light,LJ2200,,2026-09-13T15:06:54.013Z
gwangjin:security_light:LJ2205,security_light,스마트보안등 LJ2205,37.54297221,127.0693886,,,서울특별시 광진구,gwangjin-smart-security-light,LJ2205,,2026-09-13T15:06:54.013Z
gwangjin:security_light:LJ2206,security_light,스마트보안등 LJ2206,37.53895021,127.0626976,,,서울특별시 광진구,gwangjin-smart-security-light,LJ2206,,2026-09-13T15:06:54.013Z
gwangjin:security_light:LJ2207,security_light,스마트보안등 LJ2207,37.54239694,127.0681883,,,서울특별시 광진구,gwangjin-smart-security-light,LJ2207,,2026-09-13T15:06:54.013Z
gwangjin:security_light:LJ2209,security_light,스마트보안등 LJ2209,37.53909321,127.0650516,,,서울특별시 광진구,gwangjin-smart-security-light,LJ2209,,2026-09-13T15:06:54.013Z
gwangjin:security_light:LJ2210,security_light,스마트보안등 LJ2210,37.53918421,127.0651616,,,서울특별시 광진구,gwangjin-smart-security-light,LJ2210,,2026-09-13T15:06:54.013Z
gwangjin:security_light:LJ2211,security_light,스마트보안등 LJ2211,37.53895921,127.0651186,,,서울특별시 광진구,gwangjin-smart-security-light,LJ2211,,2026-09-13T15:06:54.013Z
gwangjin:security_light:LJ2212,security_light,스마트보안등 LJ2212,37.54201721,127.0680346,,,서울특별시 광진구,gwangjin-smart-security-light,LJ2212,,2026-09-13T15:06:54.013Z
gwangjin:security_light:LJ2213,security_light,스마트보안등 LJ2213,37.53938074,127.0652662,,,서울특별시 광진구,gwangjin-smart-security-light,LJ2213,,2026-09-13T15:06:54.013Z
gwangjin:security_light:LJ2218,security_light,스마트보안등 LJ2218,37.54623804,127.0677566,,,서울특별시 광진구,gwangjin-smart-security-light,LJ2218,,2026-09-13T15:06:54.013Z
gwangjin:security_light:LJ2219,security_light,스마트보안등 LJ2219,37.54375024,127.0657603,,,서울특별시 광진구,gwangjin-smart-security-light,LJ2219,,2026-09-13T15:06:54.013Z
gwangjin:security_light:LJ2220,security_light,스마트보안등 LJ2220,37.54189321,127.0682386,,,서울특별시 광진구,gwangjin-smart-security-light,LJ2220,,2026-09-13T15:06:54.013Z
gwangjin:security_light:LJ2222,security_light,스마트보안등 LJ2222,37.53793884,127.0657708,,,서울특별시 광진구,gwangjin-smart-security-light,LJ2222,,2026-09-13T15:06:54.013Z
gwangjin:security_light:LJ2225,security_light,스마트보안등 LJ2225,37.53874321,127.0656026,,,서울특별시 광진구,gwangjin-smart-security-light,LJ2225,,2026-09-13T15:06:54.013Z
gwangjin:security_light:LJ7145,security_light,스마트보안등 LJ7145,37.53870721,127.0657466,,,서울특별시 광진구,gwangjin-smart-security-light,LJ7145,,2026-09-13T15:06:54.013Z
gwangjin:security_light:LJ7146,security_light,스마트보안등 LJ7146,37.53783454,127.0661957,,,서울특별시 광진구,gwangjin-smart-security-light,LJ7146,,2026-09-13T15:06:54.013Z
gwangjin:security_light:LJ7148,security_light,스마트보안등 LJ7148,37.53867821,127.0667446,,,서울특별시 광진구,gwangjin-smart-security-light,LJ7148,,2026-09-13T15:06:54.013Z
gwangjin:security_light:LJ7154,security_light,스마트보안등 LJ7154,37.54559521,127.0668586,,,서울특별시 광진구,gwangjin-smart-security-light,LJ7154,,2026-09-13T15:06:54.013Z
gwangjin:security_light:LJ7155,security_light,스마트보안등 LJ7155,37.54571414,127.0668626,,,서울특별시 광진구,gwangjin-smart-security-light,LJ7155,,2026-09-13T15:06:54.013Z
gwangjin:security_light:LJ7159,security_light,스마트보안등 LJ7159,37.54217715,127.0687099,,,서울특별시 광진구,gwangjin-smart-security-light,LJ7159,,2026-09-13T15:06:54.013Z
gwangjin:security_light:LJ7160,security_light,스마트보안등 LJ7160,37.53762821,127.0658946,,,서울특별시 광진구,gwangjin-smart-security-light,LJ7160,,2026-09-13T15:06:54.013Z
gwangjin:security_light:LJ7161,security_light,스마트보안등 LJ7161,37.54582121,127.0672086,,,서울특별시 광진구,gwangjin-smart-security-light,LJ7161,,2026-09-13T15:06:54.013Z
gwangjin:security_light:LJ7164,security_light,스마트보안등 LJ7164,37.53803021,127.0641786,,,서울특별시 광진구,gwangjin-smart-security-light,LJ7164,,2026-09-13T15:06:54.013Z
gwangjin:security_light:LJ7165,security_light,스마트보안등 LJ7165,37.54488254,127.0675243,,,서울특별시 광진구,gwangjin-smart-security-light,LJ7165,,2026-09-13T15:06:54.013Z
gwangjin:security_light:LJ7168,security_light,스마트보안등 LJ7168,37.54570821,127.0666236,,,서울특별시 광진구,gwangjin-smart-security-light,LJ7168,,2026-09-13T15:06:54.013Z
gwangjin:security_light:LJ7173,security_light,스마트보안등 LJ7173,37.54271321,127.0657916,,,서울특별시 광진구,gwangjin-smart-security-light,LJ7173,,2026-09-13T15:06:54.013Z
gwangjin:security_light:LJ7174,security_light,스마트보안등 LJ7174,37.54234024,127.0662909,,,서울특별시 광진구,gwangjin-smart-security-light,LJ7174,,2026-09-13T15:06:54.013Z
gwangjin:security_light:LJ7175,security_light,스마트보안등 LJ7175,37.53828221,127.0665226,,,서울특별시 광진구,gwangjin-smart-security-light,LJ7175,,2026-09-13T15:06:54.013Z
gwangjin:security_light:LJ7176,security_light,스마트보안등 LJ7176,37.54637821,127.0672866,,,서울특별시 광진구,gwangjin-smart-security-light,LJ7176,,2026-09-13T15:06:54.013Z
gwangjin:security_light:LJ7177,security_light,스마트보안등 LJ7177,37.53830421,127.0662676,,,서울특별시 광진구,gwangjin-smart-security-light,LJ7177,,2026-09-13T15:06:54.013Z
gwangjin:security_light:LJ7178,security_light,스마트보안등 LJ7178,37.54454394,127.0684579,,,서울특별시 광진구,gwangjin-smart-security-light,LJ7178,,2026-09-13T15:06:54.013Z
gwangjin:security_light:LJ7179,security_light,스마트보안등 LJ7179,37.54302654,127.0663465,,,서울특별시 광진구,gwangjin-smart-security-light,LJ7179,,2026-09-13T15:06:54.013Z
gwangjin:security_light:LJ7181,security_light,스마트보안등 LJ7181,37.53737921,127.0666356,,,서울특별시 광진구,gwangjin-smart-security-light,LJ7181,,2026-09-13T15:06:54.013Z
gwangjin:security_light:LJ7183,security_light,스마트보안등 LJ7183,37.53800964,127.0655621,,,서울특별시 광진구,gwangjin-smart-security-light,LJ7183,,2026-09-13T15:06:54.013Z
gwangjin:security_light:LJ7186,security_light,스마트보안등 LJ7186,37.53891321,127.0657916,,,서울특별시 광진구,gwangjin-smart-security-light,LJ7186,,2026-09-13T15:06:54.013Z
gwangjin:security_light:LJ7190,security_light,스마트보안등 LJ7190,37.54397664,127.0658381,,,서울특별시 광진구,gwangjin-smart-security-light,LJ7190,,2026-09-13T15:06:54.013Z
gwangjin:security_light:LJ7191,security_light,스마트보안등 LJ7191,37.54650321,127.0677306,,,서울특별시 광진구,gwangjin-smart-security-light,LJ7191,,2026-09-13T15:06:54.013Z
gwangjin:security_light:LJ7193,security_light,스마트보안등 LJ7193,37.53855321,127.0654686,,,서울특별시 광진구,gwangjin-smart-security-light,LJ7193,,2026-09-13T15:06:54.013Z
gwangjin:security_light:LJ7195,security_light,스마트보안등 LJ7195,37.53792121,127.0662996,,,서울특별시 광진구,gwangjin-smart-security-light,LJ7195,,2026-09-13T15:06:54.013Z
gwangjin:security_light:LJ7196,security_light,스마트보안등 LJ7196,37.53849621,127.0662566,,,서울특별시 광진구,gwangjin-smart-security-light,LJ7196,,2026-09-13T15:06:54.013Z
gwangjin:security_light:LJ7197,security_light,스마트보안등 LJ7197,37.53807621,127.0664066,,,서울특별시 광진구,gwangjin-smart-security-light,LJ7197,,2026-09-13T15:06:54.013Z
gwangjin:security_light:LJ7198,security_light,스마트보안등 LJ7198,37.53935021,127.0649606,,,서울특별시 광진구,gwangjin-smart-security-light,LJ7198,,2026-09-13T15:06:54.013Z
gwangjin:security_light:LJ7200,security_light,스마트보안등 LJ7200,37.54197621,127.0686136,,,서울특별시 광진구,gwangjin-smart-security-light,LJ7200,,2026-09-13T15:06:54.013Z
gwangjin:security_light:LJ7202,security_light,스마트보안등 LJ7202,37.53962454,127.0646571,,,서울특별시 광진구,gwangjin-smart-security-light,LJ7202,,2026-09-13T15:06:54.013Z
gwangjin:security_light:LJ7203,security_light,스마트보안등 LJ7203,37.54193221,127.0679346,,,서울특별시 광진구,gwangjin-smart-security-light,LJ7203,,2026-09-13T15:06:54.013Z
gwangjin:security_light:LJ7204,security_light,스마트보안등 LJ7204,37.54217321,127.0682956,,,서울특별시 광진구,gwangjin-smart-security-light,LJ7204,,2026-09-13T15:06:54.013Z
gwangjin:security_light:LJ7209,security_light,스마트보안등 LJ7209,37.54183304,127.0678688,,,서울특별시 광진구,gwangjin-smart-security-light,LJ7209,,2026-09-13T15:06:54.013Z
gwangjin:security_light:LJ7210,security_light,스마트보안등 LJ7210,37.54264984,127.0659341,,,서울특별시 광진구,gwangjin-smart-security-light,LJ7210,,2026-09-13T15:06:54.013Z
gwangjin:security_light:LJ7211,security_light,스마트보안등 LJ7211,37.54628384,127.0679382,,,서울특별시 광진구,gwangjin-smart-security-light,LJ7211,,2026-09-13T15:06:54.013Z
gwangjin:security_light:LJ7219,security_light,스마트보안등 LJ7219,37.54185121,127.0665886,,,서울특별시 광진구,gwangjin-smart-security-light,LJ7219,,2026-09-13T15:06:54.013Z
