{
  "type": "FeatureCollection",
  "name": "konkuk-safety-facilities-v1",
  "features": [
    {
      "type": "Feature",
      "id": "gwangjin:cctv:공원-013",
      "geometry": {
        "type": "Point",
        "coordinates": [
          127.077642191898,
          37.5357286283287
        ]
      },
      "properties": {
        "id": "gwangjin:cctv:공원-013",
        "type": "cctv",
        "name": "공원방범 CCTV · 공원-013",
        "address": "아차산로40길 46 (자양동)",
        "purpose": "공원방범",
        "managingAgency": "서울특별시 광진구",
        "sourceDatasetId": "gwangjin-cctv-installations",
        "sourceRecordId": "공원-013",
        "sourceUpdatedAt": "2025-09-25T00:00:00+09:00",
        "collectedAt": "2026-09-13T15:06:53.138Z"
      }
    },
    {
      "type": "Feature",
      "id": "gwangjin:cctv:공원-015",
      "geometry": {
        "type": "Point",
        "coordinates": [
          127.070019965032,
          37.5336052389476
        ]
      },
      "properties": {
        "id": "gwangjin:cctv:공원-015",
        "type": "cctv",
        "name": "공원방범 CCTV · 공원-015",
        "address": "뚝섬로34길 25-19 (자양동)",
        "purpose": "공원방범",
        "managingAgency": "서울특별시 광진구",
        "sourceDatasetId": "gwangjin-cctv-installations",
        "sourceRecordId": "공원-015",
        "sourceUpdatedAt": "2025-09-25T00:00:00+09:00",
        "collectedAt": "2026-09-13T15:06:53.138Z"
      }
    },
    {
      "type": "Feature",
      "id": "gwangjin:cctv:공원-016",
      "geometry": {
        "type": "Point",
        "coordinates": [
          127.068237769212,
          37.5392063473026
        ]
      },
      "properties": {
        "id": "gwangjin:cctv:공원-016",
        "type": "cctv",
        "name": "공원방범 CCTV · 공원-016",
        "address": "아차산로32길 17 (자양동)",
        "purpose": "공원방범",
        "managingAgency": "서울특별시 광진구",
        "sourceDatasetId": "gwangjin-cctv-installations",
        "sourceRecordId": "공원-016",
        "sourceUpdatedAt": "2025-09-25T00:00:00+09:00",
        "collectedAt": "2026-09-13T15:06:53.138Z"
      }
    },
    {
      "type": "Feature",
      "id": "gwangjin:cctv:공원-017",
      "geometry": {
        "type": "Point",
        "coordinates": [
          127.068551935378,
          37.5390148577096
        ]
      },
      "properties": {
        "id": "gwangjin:cctv:공원-017",
        "type": "cctv",
        "name": "공원방범 CCTV · 공원-017",
        "address": "아차산로32길 17 (자양동)",
        "purpose": "공원방범",
        "managingAgency": "서울특별시 광진구",
        "sourceDatasetId": "gwangjin-cctv-installations",
        "sourceRecordId": "공원-017",
        "sourceUpdatedAt": "2025-09-25T00:00:00+09:00",
        "collectedAt": "2026-09-13T15:06:53.138Z"
      }
    },
    {
      "type": "Feature",
      "id": "gwangjin:cctv:공원-018",
      "geometry": {
        "type": "Point",
        "coordinates": [
          127.081733655704,
          37.5385745922411
        ]
      },
      "properties": {
        "id": "gwangjin:cctv:공원-018",
        "type": "cctv",
        "name": "공원방범 CCTV · 공원-018",
        "address": "자양1동 859-1",
        "purpose": "공원방범",
        "managingAgency": "서울특별시 광진구",
        "sourceDatasetId": "gwangjin-cctv-installations",
        "sourceRecordId": "공원-018",
        "sourceUpdatedAt": "2025-09-25T00:00:00+09:00",
        "collectedAt": "2026-09-13T15:06:53.138Z"
      }
    },
    {
      "type": "Feature",
      "id": "gwangjin:cctv:공원-019",
      "geometry": {
        "type": "Point",
        "coordinates": [
          127.067861735856,
          37.5349774592187
        ]
      },
      "properties": {
        "id": "gwangjin:cctv:공원-019",
        "type": "cctv",
        "name": "공원방범 CCTV · 공원-019",
        "address": "자양4동 553-22",
        "purpose": "공원방범",
        "managingAgency": "서울특별시 광진구",
        "sourceDatasetId": "gwangjin-cctv-installations",
        "sourceRecordId": "공원-019",
        "sourceUpdatedAt": "2025-09-25T00:00:00+09:00",
        "collectedAt": "2026-09-13T15:06:53.138Z"
      }
    },
    {
      "type": "Feature",
      "id": "gwangjin:cctv:공원-027",
      "geometry": {
        "type": "Point",
        "coordinates": [
          127.067696521015,
          37.5465405384149
        ]
      },
      "properties": {
        "id": "gwangjin:cctv:공원-027",
        "type": "cctv",
        "name": "공원방범 CCTV · 공원-027",
        "address": "동일로28길 16 (화양동)",
        "purpose": "공원방범",
        "managingAgency": "서울특별시 광진구",
        "sourceDatasetId": "gwangjin-cctv-installations",
        "sourceRecordId": "공원-027",
        "sourceUpdatedAt": "2025-09-25T00:00:00+09:00",
        "collectedAt": "2026-09-13T15:06:53.138Z"
      }
    },
    {
      "type": "Feature",
      "id": "gwangjin:cctv:공원-028",
      "geometry": {
        "type": "Point",
        "coordinates": [
          127.066790400402,
          37.5428310535135
        ]
      },
      "properties": {
        "id": "gwangjin:cctv:공원-028",
        "type": "cctv",
        "name": "공원방범 CCTV · 공원-028",
        "address": "아차산로25길 27 (화양동)",
        "purpose": "공원방범",
        "managingAgency": "서울특별시 광진구",
        "sourceDatasetId": "gwangjin-cctv-installations",
        "sourceRecordId": "공원-028",
        "sourceUpdatedAt": "2025-09-25T00:00:00+09:00",
        "collectedAt": "2026-09-13T15:06:53.138Z"
      }
    },
    {
      "type": "Feature",
      "id": "gwangjin:cctv:공원-029",
      "geometry": {
        "type": "Point",
        "coordinates": [
          127.071837813085,
          37.5463505944691
        ]
      },
      "properties": {
        "id": "gwangjin:cctv:공원-029",
        "type": "cctv",
        "name": "공원방범 CCTV · 공원-029",
        "address": null,
        "purpose": "공원방범",
        "managingAgency": "서울특별시 광진구",
        "sourceDatasetId": "gwangjin-cctv-installations",
        "sourceRecordId": "공원-029",
        "sourceUpdatedAt": "2025-09-25T00:00:00+09:00",
        "collectedAt": "2026-09-13T15:06:53.138Z"
      }
    },
    {
      "type": "Feature",
      "id": "gwangjin:cctv:공원-030",
      "geometry": {
        "type": "Point",
        "coordinates": [
          127.070602013222,
          37.5445483293668
        ]
      },
      "properties": {
        "id": "gwangjin:cctv:공원-030",
        "type": "cctv",
        "name": "공원방범 CCTV · 공원-030",
        "address": "군자로3길 15 (화양동)",
        "purpose": "공원방범",
        "managingAgency": "서울특별시 광진구",
        "sourceDatasetId": "gwangjin-cctv-installations",
        "sourceRecordId": "공원-030",
        "sourceUpdatedAt": "2025-09-25T00:00:00+09:00",
        "collectedAt": "2026-09-13T15:06:53.138Z"
      }
    },
    {
      "type": "Feature",
      "id": "gwangjin:cctv:공원-031",
      "geometry": {
        "type": "Point",
        "coordinates": [
          127.069830331158,
          37.5414631363744
        ]
      },
      "properties": {
        "id": "gwangjin:cctv:공원-031",
        "type": "cctv",
        "name": "공원방범 CCTV · 공원-031",
        "address": "아차산로31길 14 (화양동)",
        "purpose": "공원방범",
        "managingAgency": "서울특별시 광진구",
        "sourceDatasetId": "gwangjin-cctv-installations",
        "sourceRecordId": "공원-031",
        "sourceUpdatedAt": "2025-09-25T00:00:00+09:00",
        "collectedAt": "2026-09-13T15:06:53.138Z"
      }
    },
    {
      "type": "Feature",
      "id": "gwangjin:cctv:공원-059",
      "geometry": {
        "type": "Point",
        "coordinates": [
          127.067785517257,
          37.5358665630018
        ]
      },
      "properties": {
        "id": "gwangjin:cctv:공원-059",
        "type": "cctv",
        "name": "공원방범 CCTV · 공원-059",
        "address": null,
        "purpose": "공원방범",
        "managingAgency": "서울특별시 광진구",
        "sourceDatasetId": "gwangjin-cctv-installations",
        "sourceRecordId": "공원-059",
        "sourceUpdatedAt": "2025-09-25T00:00:00+09:00",
        "collectedAt": "2026-09-13T15:06:53.138Z"
      }
    },
    {
      "type": "Feature",
      "id": "gwangjin:cctv:공원-084",
      "geometry": {
        "type": "Point",
        "coordinates": [
          127.068984014399,
          37.5370142864406
        ]
      },
      "properties": {
        "id": "gwangjin:cctv:공원-084",
        "type": "cctv",
        "name": "공원방범 CCTV · 공원-084",
        "address": null,
        "purpose": "공원방범",
        "managingAgency": "서울특별시 광진구",
        "sourceDatasetId": "gwangjin-cctv-installations",
        "sourceRecordId": "공원-084",
        "sourceUpdatedAt": "2025-09-25T00:00:00+09:00",
        "collectedAt": "2026-09-13T15:06:53.138Z"
      }
    },
    {
      "type": "Feature",
      "id": "gwangjin:cctv:공원-092",
      "geometry": {
        "type": "Point",
        "coordinates": [
          127.068229,
          37.5352
        ]
      },
      "properties": {
        "id": "gwangjin:cctv:공원-092",
        "type": "cctv",
        "name": "공원방범 CCTV · 공원-092",
        "address": null,
        "purpose": "공원방범",
        "managingAgency": "서울특별시 광진구",
        "sourceDatasetId": "gwangjin-cctv-installations",
        "sourceRecordId": "공원-092",
        "sourceUpdatedAt": "2025-09-25T00:00:00+09:00",
        "collectedAt": "2026-09-13T15:06:53.138Z"
      }
    },
    {
      "type": "Feature",
      "id": "gwangjin:cctv:공원-100",
      "geometry": {
        "type": "Point",
        "coordinates": [
          127.077888673622,
          37.5357200795239
        ]
      },
      "properties": {
        "id": "gwangjin:cctv:공원-100",
        "type": "cctv",
        "name": "공원방범 CCTV · 공원-100",
        "address": "아차산로40길 46",
        "purpose": "공원방범",
        "managingAgency": "서울특별시 광진구",
        "sourceDatasetId": "gwangjin-cctv-installations",
        "sourceRecordId": "공원-100",
        "sourceUpdatedAt": "2025-09-25T00:00:00+09:00",
        "collectedAt": "2026-09-13T15:06:53.138Z"
      }
    },
    {
      "type": "Feature",
      "id": "gwangjin:cctv:공원-102",
      "geometry": {
        "type": "Point",
        "coordinates": [
          127.068112015235,
          37.5463572488646
        ]
      },
      "properties": {
        "id": "gwangjin:cctv:공원-102",
        "type": "cctv",
        "name": "공원방범 CCTV · 공원-102",
        "address": "동일로28길 16",
        "purpose": "공원방범",
        "managingAgency": "서울특별시 광진구",
        "sourceDatasetId": "gwangjin-cctv-installations",
        "sourceRecordId": "공원-102",
        "sourceUpdatedAt": "2025-09-25T00:00:00+09:00",
        "collectedAt": "2026-09-13T15:06:53.138Z"
      }
    },
    {
      "type": "Feature",
      "id": "gwangjin:cctv:공원-103",
      "geometry": {
        "type": "Point",
        "coordinates": [
          127.069540705944,
          37.5414919140248
        ]
      },
      "properties": {
        "id": "gwangjin:cctv:공원-103",
        "type": "cctv",
        "name": "공원방범 CCTV · 공원-103",
        "address": "아차산로 31길 14",
        "purpose": "공원방범",
        "managingAgency": "서울특별시 광진구",
        "sourceDatasetId": "gwangjin-cctv-installations",
        "sourceRecordId": "공원-103",
        "sourceUpdatedAt": "2025-09-25T00:00:00+09:00",
        "collectedAt": "2026-09-13T15:06:53.138Z"
      }
    },
    {
      "type": "Feature",
      "id": "gwangjin:cctv:공원-106",
      "geometry": {
        "type": "Point",
        "coordinates": [
          127.07370031498,
          37.5476108146229
        ]
      },
      "properties": {
        "id": "gwangjin:cctv:공원-106",
        "type": "cctv",
        "name": "공원방범 CCTV · 공원-106",
        "address": "광나루로 389",
        "purpose": "공원방범",
        "managingAgency": "서울특별시 광진구",
        "sourceDatasetId": "gwangjin-cctv-installations",
        "sourceRecordId": "공원-106",
        "sourceUpdatedAt": "2025-09-25T00:00:00+09:00",
        "collectedAt": "2026-09-13T15:06:53.138Z"
      }
    },
    {
      "type": "Feature",
      "id": "gwangjin:cctv:공원-114",
      "geometry": {
        "type": "Point",
        "coordinates": [
          127.067782321934,
          37.546453222311
        ]
      },
      "properties": {
        "id": "gwangjin:cctv:공원-114",
        "type": "cctv",
        "name": "공원방범 CCTV · 공원-114",
        "address": "동일로28길 16",
        "purpose": "공원방범",
        "managingAgency": "서울특별시 광진구",
        "sourceDatasetId": "gwangjin-cctv-installations",
        "sourceRecordId": "공원-114",
        "sourceUpdatedAt": "2025-09-25T00:00:00+09:00",
        "collectedAt": "2026-09-13T15:06:53.138Z"
      }
    },
    {
      "type": "Feature",
      "id": "gwangjin:cctv:공원-118",
      "geometry": {
        "type": "Point",
        "coordinates": [
          127.0762768,
          37.54508295
        ]
      },
      "properties": {
        "id": "gwangjin:cctv:공원-118",
        "type": "cctv",
        "name": "공원방범 CCTV · 공원-118",
        "address": null,
        "purpose": "공원방범",
        "managingAgency": "서울특별시 광진구",
        "sourceDatasetId": "gwangjin-cctv-installations",
        "sourceRecordId": "공원-118",
        "sourceUpdatedAt": "2025-09-25T00:00:00+09:00",
        "collectedAt": "2026-09-13T15:06:53.138Z"
      }
    },
    {
      "type": "Feature",
      "id": "gwangjin:cctv:공원-123",
      "geometry": {
        "type": "Point",
        "coordinates": [
          127.08001899331,
          37.5363109523781
        ]
      },
      "properties": {
        "id": "gwangjin:cctv:공원-123",
        "type": "cctv",
        "name": "공원방범 CCTV · 공원-123",
        "address": null,
        "purpose": "공원방범",
        "managingAgency": "서울특별시 광진구",
        "sourceDatasetId": "gwangjin-cctv-installations",
        "sourceRecordId": "공원-123",
        "sourceUpdatedAt": "2025-09-25T00:00:00+09:00",
        "collectedAt": "2026-09-13T15:06:53.138Z"
      }
    },
    {
      "type": "Feature",
      "id": "gwangjin:cctv:공원-129",
      "geometry": {
        "type": "Point",
        "coordinates": [
          127.0814493,
          37.53845715
        ]
      },
      "properties": {
        "id": "gwangjin:cctv:공원-129",
        "type": "cctv",
        "name": "공원방범 CCTV · 공원-129",
        "address": null,
        "purpose": "공원방범",
        "managingAgency": "서울특별시 광진구",
        "sourceDatasetId": "gwangjin-cctv-installations",
        "sourceRecordId": "공원-129",
        "sourceUpdatedAt": "2025-09-25T00:00:00+09:00",
        "collectedAt": "2026-09-13T15:06:53.138Z"
      }
    },
    {
      "type": "Feature",
      "id": "gwangjin:cctv:공원-158",
      "geometry": {
        "type": "Point",
        "coordinates": [
          127.067067569234,
          37.5426762412757
        ]
      },
      "properties": {
        "id": "gwangjin:cctv:공원-158",
        "type": "cctv",
        "name": "공원방범 CCTV · 공원-158",
        "address": "아차산로25길 27",
        "purpose": "공원방범",
        "managingAgency": "서울특별시 광진구",
        "sourceDatasetId": "gwangjin-cctv-installations",
        "sourceRecordId": "공원-158",
        "sourceUpdatedAt": "2025-09-25T00:00:00+09:00",
        "collectedAt": "2026-09-13T15:06:53.138Z"
      }
    },
    {
      "type": "Feature",
      "id": "gwangjin:cctv:공원-184",
      "geometry": {
        "type": "Point",
        "coordinates": [
          127.07965258387,
          37.5456422347765
        ]
      },
      "properties": {
        "id": "gwangjin:cctv:공원-184",
        "type": "cctv",
        "name": "공원방범 CCTV · 공원-184",
        "address": "광나루로 447",
        "purpose": "공원방범",
        "managingAgency": "서울특별시 광진구",
        "sourceDatasetId": "gwangjin-cctv-installations",
        "sourceRecordId": "공원-184",
        "sourceUpdatedAt": "2025-09-25T00:00:00+09:00",
        "collectedAt": "2026-09-13T15:06:53.138Z"
      }
    },
    {
      "type": "Feature",
      "id": "gwangjin:cctv:공원-199",
      "geometry": {
        "type": "Point",
        "coordinates": [
          127.067015856239,
          37.5425993900417
        ]
      },
      "properties": {
        "id": "gwangjin:cctv:공원-199",
        "type": "cctv",
        "name": "공원방범 CCTV · 공원-199",
        "address": "아차산로 25길 27",
        "purpose": "공원방범",
        "managingAgency": "서울특별시 광진구",
        "sourceDatasetId": "gwangjin-cctv-installations",
        "sourceRecordId": "공원-199",
        "sourceUpdatedAt": "2025-09-25T00:00:00+09:00",
        "collectedAt": "2026-09-13T15:06:53.138Z"
      }
    },
    {
      "type": "Feature",
      "id": "gwangjin:cctv:공원-200",
      "geometry": {
        "type": "Point",
        "coordinates": [
          127.070444625927,
          37.5442841667185
        ]
      },
      "properties": {
        "id": "gwangjin:cctv:공원-200",
        "type": "cctv",
        "name": "공원방범 CCTV · 공원-200",
        "address": "군자로 3길 15",
        "purpose": "공원방범",
        "managingAgency": "서울특별시 광진구",
        "sourceDatasetId": "gwangjin-cctv-installations",
        "sourceRecordId": "공원-200",
        "sourceUpdatedAt": "2025-09-25T00:00:00+09:00",
        "collectedAt": "2026-09-13T15:06:53.138Z"
      }
    },
    {
      "type": "Feature",
      "id": "gwangjin:cctv:공원-201",
      "geometry": {
        "type": "Point",
        "coordinates": [
          127.073257604109,
          37.5476779370387
        ]
      },
      "properties": {
        "id": "gwangjin:cctv:공원-201",
        "type": "cctv",
        "name": "공원방범 CCTV · 공원-201",
        "address": "광나루로 389",
        "purpose": "공원방범",
        "managingAgency": "서울특별시 광진구",
        "sourceDatasetId": "gwangjin-cctv-installations",
        "sourceRecordId": "공원-201",
        "sourceUpdatedAt": "2025-09-25T00:00:00+09:00",
        "collectedAt": "2026-09-13T15:06:53.138Z"
      }
    },
    {
      "type": "Feature",
      "id": "gwangjin:cctv:공원-218",
      "geometry": {
        "type": "Point",
        "coordinates": [
          127.064219,
          37.536665
        ]
      },
      "properties": {
        "id": "gwangjin:cctv:공원-218",
        "type": "cctv",
        "name": "공원방범 CCTV · 공원-218",
        "address": "뚝섬로 481",
        "purpose": "공원방범",
        "managingAgency": "서울특별시 광진구",
        "sourceDatasetId": "gwangjin-cctv-installations",
        "sourceRecordId": "공원-218",
        "sourceUpdatedAt": "2025-09-25T00:00:00+09:00",
        "collectedAt": "2026-09-13T15:06:53.138Z"
      }
    },
    {
      "type": "Feature",
      "id": "gwangjin:cctv:공원-219",
      "geometry": {
        "type": "Point",
        "coordinates": [
          127.064464,
          37.536619
        ]
      },
      "properties": {
        "id": "gwangjin:cctv:공원-219",
        "type": "cctv",
        "name": "공원방범 CCTV · 공원-219",
        "address": "뚝섬로 481",
        "purpose": "공원방범",
        "managingAgency": "서울특별시 광진구",
        "sourceDatasetId": "gwangjin-cctv-installations",
        "sourceRecordId": "공원-219",
        "sourceUpdatedAt": "2025-09-25T00:00:00+09:00",
        "collectedAt": "2026-09-13T15:06:53.138Z"
      }
    },
    {
      "type": "Feature",
      "id": "gwangjin:cctv:공원-220",
      "geometry": {
        "type": "Point",
        "coordinates": [
          127.064372,
          37.536962
        ]
      },
      "properties": {
        "id": "gwangjin:cctv:공원-220",
        "type": "cctv",
        "name": "공원방범 CCTV · 공원-220",
        "address": "뚝섬로 481",
        "purpose": "공원방범",
        "managingAgency": "서울특별시 광진구",
        "sourceDatasetId": "gwangjin-cctv-installations",
        "sourceRecordId": "공원-220",
        "sourceUpdatedAt": "2025-09-25T00:00:00+09:00",
        "collectedAt": "2026-09-13T15:06:53.138Z"
      }
    },
    {
      "type": "Feature",
      "id": "gwangjin:cctv:다목적-009",
      "geometry": {
        "type": "Point",
        "coordinates": [
          127.082653191088,
          37.5435412090377
        ]
      },
      "properties": {
        "id": "gwangjin:cctv:다목적-009",
        "type": "cctv",
        "name": "다목적 CCTV · 다목적-009",
        "address": "광나루로30나길 17 (구의동)",
        "purpose": "다목적",
        "managingAgency": "서울특별시 광진구",
        "sourceDatasetId": "gwangjin-cctv-installations",
        "sourceRecordId": "다목적-009",
        "sourceUpdatedAt": "2025-09-25T00:00:00+09:00",
        "collectedAt": "2026-09-13T15:06:53.138Z"
      }
    },
    {
      "type": "Feature",
      "id": "gwangjin:cctv:다목적-019",
      "geometry": {
        "type": "Point",
        "coordinates": [
          127.072040228934,
          37.5466830241873
        ]
      },
      "properties": {
        "id": "gwangjin:cctv:다목적-019",
        "type": "cctv",
        "name": "다목적 CCTV · 다목적-019",
        "address": "광나루로 18길 21 (화양동)",
        "purpose": "다목적",
        "managingAgency": "서울특별시 광진구",
        "sourceDatasetId": "gwangjin-cctv-installations",
        "sourceRecordId": "다목적-019",
        "sourceUpdatedAt": "2025-09-25T00:00:00+09:00",
        "collectedAt": "2026-09-13T15:06:53.138Z"
      }
    },
    {
      "type": "Feature",
      "id": "gwangjin:cctv:다목적-026",
      "geometry": {
        "type": "Point",
        "coordinates": [
          127.068604329699,
          37.5351519904078
        ]
      },
      "properties": {
        "id": "gwangjin:cctv:다목적-026",
        "type": "cctv",
        "name": "다목적 CCTV · 다목적-026",
        "address": "능동로 42 (자양동)",
        "purpose": "다목적",
        "managingAgency": "서울특별시 광진구",
        "sourceDatasetId": "gwangjin-cctv-installations",
        "sourceRecordId": "다목적-026",
        "sourceUpdatedAt": "2025-09-25T00:00:00+09:00",
        "collectedAt": "2026-09-13T15:06:53.138Z"
      }
    },
    {
      "type": "Feature",
      "id": "gwangjin:cctv:다목적-032",
      "geometry": {
        "type": "Point",
        "coordinates": [
          127.0735616,
          37.53618554
        ]
      },
      "properties": {
        "id": "gwangjin:cctv:다목적-032",
        "type": "cctv",
        "name": "다목적 CCTV · 다목적-032",
        "address": "뚝섬로 561",
        "purpose": "다목적",
        "managingAgency": "서울특별시 광진구",
        "sourceDatasetId": "gwangjin-cctv-installations",
        "sourceRecordId": "다목적-032",
        "sourceUpdatedAt": "2025-09-25T00:00:00+09:00",
        "collectedAt": "2026-09-13T15:06:53.138Z"
      }
    },
    {
      "type": "Feature",
      "id": "gwangjin:cctv:다목적-034",
      "geometry": {
        "type": "Point",
        "coordinates": [
          127.068951288228,
          37.5342671001906
        ]
      },
      "properties": {
        "id": "gwangjin:cctv:다목적-034",
        "type": "cctv",
        "name": "다목적 CCTV · 다목적-034",
        "address": "능동로6길 16 학교 정문 앞",
        "purpose": "다목적",
        "managingAgency": "서울특별시 광진구",
        "sourceDatasetId": "gwangjin-cctv-installations",
        "sourceRecordId": "다목적-034",
        "sourceUpdatedAt": "2025-09-25T00:00:00+09:00",
        "collectedAt": "2026-09-13T15:06:53.138Z"
      }
    },
    {
      "type": "Feature",
      "id": "gwangjin:cctv:다목적-036",
      "geometry": {
        "type": "Point",
        "coordinates": [
          127.070781266905,
          37.5488090396448
        ]
      },
      "properties": {
        "id": "gwangjin:cctv:다목적-036",
        "type": "cctv",
        "name": "다목적 CCTV · 다목적-036",
        "address": "군자로 70 두산위브 앞",
        "purpose": "다목적",
        "managingAgency": "서울특별시 광진구",
        "sourceDatasetId": "gwangjin-cctv-installations",
        "sourceRecordId": "다목적-036",
        "sourceUpdatedAt": "2025-09-25T00:00:00+09:00",
        "collectedAt": "2026-09-13T15:06:53.138Z"
      }
    },
    {
      "type": "Feature",
      "id": "gwangjin:cctv:다목적-039",
      "geometry": {
        "type": "Point",
        "coordinates": [
          127.066096696726,
          37.5408406638459
        ]
      },
      "properties": {
        "id": "gwangjin:cctv:다목적-039",
        "type": "cctv",
        "name": "다목적 CCTV · 다목적-039",
        "address": "아차산로 200 (자양동)",
        "purpose": "다목적",
        "managingAgency": "서울특별시 광진구",
        "sourceDatasetId": "gwangjin-cctv-installations",
        "sourceRecordId": "다목적-039",
        "sourceUpdatedAt": "2025-09-25T00:00:00+09:00",
        "collectedAt": "2026-09-13T15:06:53.138Z"
      }
    },
    {
      "type": "Feature",
      "id": "gwangjin:cctv:생활방범-043",
      "geometry": {
        "type": "Point",
        "coordinates": [
          127.082459222272,
          37.5442154105116
        ]
      },
      "properties": {
        "id": "gwangjin:cctv:생활방범-043",
        "type": "cctv",
        "name": "생활방범 CCTV · 생활방범-043",
        "address": "광나루로30가길 9 (구의동)",
        "purpose": "생활방범",
        "managingAgency": "서울특별시 광진구",
        "sourceDatasetId": "gwangjin-cctv-installations",
        "sourceRecordId": "생활방범-043",
        "sourceUpdatedAt": "2025-09-25T00:00:00+09:00",
        "collectedAt": "2026-09-13T15:06:53.138Z"
      }
    },
    {
      "type": "Feature",
      "id": "gwangjin:cctv:생활방범-108",
      "geometry": {
        "type": "Point",
        "coordinates": [
          127.070660280967,
          37.5502904026991
        ]
      },
      "properties": {
        "id": "gwangjin:cctv:생활방범-108",
        "type": "cctv",
        "name": "생활방범 CCTV · 생활방범-108",
        "address": "능동로27길 9 (군자동)",
        "purpose": "생활방범",
        "managingAgency": "서울특별시 광진구",
        "sourceDatasetId": "gwangjin-cctv-installations",
        "sourceRecordId": "생활방범-108",
        "sourceUpdatedAt": "2025-09-25T00:00:00+09:00",
        "collectedAt": "2026-09-13T15:06:53.138Z"
      }
    },
    {
      "type": "Feature",
      "id": "gwangjin:cctv:생활방범-109",
      "geometry": {
        "type": "Point",
        "coordinates": [
          127.072682671922,
          37.5482793588264
        ]
      },
      "properties": {
        "id": "gwangjin:cctv:생활방범-109",
        "type": "cctv",
        "name": "생활방범 CCTV · 생활방범-109",
        "address": "광나루로17길 14 (군자동)",
        "purpose": "생활방범",
        "managingAgency": "서울특별시 광진구",
        "sourceDatasetId": "gwangjin-cctv-installations",
        "sourceRecordId": "생활방범-109",
        "sourceUpdatedAt": "2025-09-25T00:00:00+09:00",
        "collectedAt": "2026-09-13T15:06:53.138Z"
      }
    },
    {
      "type": "Feature",
      "id": "gwangjin:cctv:생활방범-134",
      "geometry": {
        "type": "Point",
        "coordinates": [
          127.081291832487,
          37.5394613617129
        ]
      },
      "properties": {
        "id": "gwangjin:cctv:생활방범-134",
        "type": "cctv",
        "name": "생활방범 CCTV · 생활방범-134",
        "address": "자양로21길 35 (자양동)",
        "purpose": "생활방범",
        "managingAgency": "서울특별시 광진구",
        "sourceDatasetId": "gwangjin-cctv-installations",
        "sourceRecordId": "생활방범-134",
        "sourceUpdatedAt": "2025-09-25T00:00:00+09:00",
        "collectedAt": "2026-09-13T15:06:53.138Z"
      }
    },
    {
      "type": "Feature",
      "id": "gwangjin:cctv:생활방범-135",
      "geometry": {
        "type": "Point",
        "coordinates": [
          127.080845917206,
          37.536029475889
        ]
      },
      "properties": {
        "id": "gwangjin:cctv:생활방범-135",
        "type": "cctv",
        "name": "생활방범 CCTV · 생활방범-135",
        "address": "아차산로46길 23 (자양동)",
        "purpose": "생활방범",
        "managingAgency": "서울특별시 광진구",
        "sourceDatasetId": "gwangjin-cctv-installations",
        "sourceRecordId": "생활방범-135",
        "sourceUpdatedAt": "2025-09-25T00:00:00+09:00",
        "collectedAt": "2026-09-13T15:06:53.138Z"
      }
    },
    {
      "type": "Feature",
      "id": "gwangjin:cctv:생활방범-139",
      "geometry": {
        "type": "Point",
        "coordinates": [
          127.0789,
          37.534871
        ]
      },
      "properties": {
        "id": "gwangjin:cctv:생활방범-139",
        "type": "cctv",
        "name": "생활방범 CCTV · 생활방범-139",
        "address": "자양로15길84",
        "purpose": "생활방범",
        "managingAgency": "서울특별시 광진구",
        "sourceDatasetId": "gwangjin-cctv-installations",
        "sourceRecordId": "생활방범-139",
        "sourceUpdatedAt": "2025-09-25T00:00:00+09:00",
        "collectedAt": "2026-09-13T15:06:53.138Z"
      }
    },
    {
      "type": "Feature",
      "id": "gwangjin:cctv:생활방범-150",
      "geometry": {
        "type": "Point",
        "coordinates": [
          127.082247601458,
          37.5398184629998
        ]
      },
      "properties": {
        "id": "gwangjin:cctv:생활방범-150",
        "type": "cctv",
        "name": "생활방범 CCTV · 생활방범-150",
        "address": "자양로21길 14 (자양동)",
        "purpose": "생활방범",
        "managingAgency": "서울특별시 광진구",
        "sourceDatasetId": "gwangjin-cctv-installations",
        "sourceRecordId": "생활방범-150",
        "sourceUpdatedAt": "2025-09-25T00:00:00+09:00",
        "collectedAt": "2026-09-13T15:06:53.138Z"
      }
    },
    {
      "type": "Feature",
      "id": "gwangjin:cctv:생활방범-151",
      "geometry": {
        "type": "Point",
        "coordinates": [
          127.080978081907,
          37.5384124147186
        ]
      },
      "properties": {
        "id": "gwangjin:cctv:생활방범-151",
        "type": "cctv",
        "name": "생활방범 CCTV · 생활방범-151",
        "address": "자양로19길 48-4 (자양동)",
        "purpose": "생활방범",
        "managingAgency": "서울특별시 광진구",
        "sourceDatasetId": "gwangjin-cctv-installations",
        "sourceRecordId": "생활방범-151",
        "sourceUpdatedAt": "2025-09-25T00:00:00+09:00",
        "collectedAt": "2026-09-13T15:06:53.138Z"
      }
    },
    {
      "type": "Feature",
      "id": "gwangjin:cctv:생활방범-152",
      "geometry": {
        "type": "Point",
        "coordinates": [
          127.080440873089,
          37.5381610704263
        ]
      },
      "properties": {
        "id": "gwangjin:cctv:생활방범-152",
        "type": "cctv",
        "name": "생활방범 CCTV · 생활방범-152",
        "address": "자양로19길 54 (자양동)",
        "purpose": "생활방범",
        "managingAgency": "서울특별시 광진구",
        "sourceDatasetId": "gwangjin-cctv-installations",
        "sourceRecordId": "생활방범-152",
        "sourceUpdatedAt": "2025-09-25T00:00:00+09:00",
        "collectedAt": "2026-09-13T15:06:53.138Z"
      }
    },
    {
      "type": "Feature",
      "id": "gwangjin:cctv:생활방범-171",
      "geometry": {
        "type": "Point",
        "coordinates": [
          127.076620185995,
          37.5374888214033
        ]
      },
      "properties": {
        "id": "gwangjin:cctv:생활방범-171",
        "type": "cctv",
        "name": "생활방범 CCTV · 생활방범-171",
        "address": "자양번영로11길 4-9 (자양동)",
        "purpose": "생활방범",
        "managingAgency": "서울특별시 광진구",
        "sourceDatasetId": "gwangjin-cctv-installations",
        "sourceRecordId": "생활방범-171",
        "sourceUpdatedAt": "2025-09-25T00:00:00+09:00",
        "collectedAt": "2026-09-13T15:06:53.138Z"
      }
    },
    {
      "type": "Feature",
      "id": "gwangjin:cctv:생활방범-172",
      "geometry": {
        "type": "Point",
        "coordinates": [
          127.075077209011,
          37.5373325765658
        ]
      },
      "properties": {
        "id": "gwangjin:cctv:생활방범-172",
        "type": "cctv",
        "name": "생활방범 CCTV · 생활방범-172",
        "address": "자양번영로11길 29 (자양동)",
        "purpose": "생활방범",
        "managingAgency": "서울특별시 광진구",
        "sourceDatasetId": "gwangjin-cctv-installations",
        "sourceRecordId": "생활방범-172",
        "sourceUpdatedAt": "2025-09-25T00:00:00+09:00",
        "collectedAt": "2026-09-13T15:06:53.138Z"
      }
    },
    {
      "type": "Feature",
      "id": "gwangjin:cctv:생활방범-173",
      "geometry": {
        "type": "Point",
        "coordinates": [
          127.075004581515,
          37.5384589123679
        ]
      },
      "properties": {
        "id": "gwangjin:cctv:생활방범-173",
        "type": "cctv",
        "name": "생활방범 CCTV · 생활방범-173",
        "address": "아차산로 288 (자양동)",
        "purpose": "생활방범",
        "managingAgency": "서울특별시 광진구",
        "sourceDatasetId": "gwangjin-cctv-installations",
        "sourceRecordId": "생활방범-173",
        "sourceUpdatedAt": "2025-09-25T00:00:00+09:00",
        "collectedAt": "2026-09-13T15:06:53.138Z"
      }
    },
    {
      "type": "Feature",
      "id": "gwangjin:cctv:생활방범-174",
      "geometry": {
        "type": "Point",
        "coordinates": [
          127.074423245555,
          37.5368827825789
        ]
      },
      "properties": {
        "id": "gwangjin:cctv:생활방범-174",
        "type": "cctv",
        "name": "생활방범 CCTV · 생활방범-174",
        "address": "자양번영로11길 37-14 (자양동)",
        "purpose": "생활방범",
        "managingAgency": "서울특별시 광진구",
        "sourceDatasetId": "gwangjin-cctv-installations",
        "sourceRecordId": "생활방범-174",
        "sourceUpdatedAt": "2025-09-25T00:00:00+09:00",
        "collectedAt": "2026-09-13T15:06:53.138Z"
      }
    },
    {
      "type": "Feature",
      "id": "gwangjin:cctv:생활방범-175",
      "geometry": {
        "type": "Point",
        "coordinates": [
          127.075993637672,
          37.5367410729622
        ]
      },
      "properties": {
        "id": "gwangjin:cctv:생활방범-175",
        "type": "cctv",
        "name": "생활방범 CCTV · 생활방범-175",
        "address": "자양번영로9길 6-7 (자양동)",
        "purpose": "생활방범",
        "managingAgency": "서울특별시 광진구",
        "sourceDatasetId": "gwangjin-cctv-installations",
        "sourceRecordId": "생활방범-175",
        "sourceUpdatedAt": "2025-09-25T00:00:00+09:00",
        "collectedAt": "2026-09-13T15:06:53.138Z"
      }
    },
    {
      "type": "Feature",
      "id": "gwangjin:cctv:생활방범-176",
      "geometry": {
        "type": "Point",
        "coordinates": [
          127.075856132263,
          37.5362012087564
        ]
      },
      "properties": {
        "id": "gwangjin:cctv:생활방범-176",
        "type": "cctv",
        "name": "생활방범 CCTV · 생활방범-176",
        "address": "자양번영로7길 12-7 (자양동)",
        "purpose": "생활방범",
        "managingAgency": "서울특별시 광진구",
        "sourceDatasetId": "gwangjin-cctv-installations",
        "sourceRecordId": "생활방범-176",
        "sourceUpdatedAt": "2025-09-25T00:00:00+09:00",
        "collectedAt": "2026-09-13T15:06:53.138Z"
      }
    },
    {
      "type": "Feature",
      "id": "gwangjin:cctv:생활방범-178",
      "geometry": {
        "type": "Point",
        "coordinates": [
          127.075370220778,
          37.5381207623091
        ]
      },
      "properties": {
        "id": "gwangjin:cctv:생활방범-178",
        "type": "cctv",
        "name": "생활방범 CCTV · 생활방범-178",
        "address": "아차산로38길 5-16 (자양동)",
        "purpose": "생활방범",
        "managingAgency": "서울특별시 광진구",
        "sourceDatasetId": "gwangjin-cctv-installations",
        "sourceRecordId": "생활방범-178",
        "sourceUpdatedAt": "2025-09-25T00:00:00+09:00",
        "collectedAt": "2026-09-13T15:06:53.138Z"
      }
    },
    {
      "type": "Feature",
      "id": "gwangjin:cctv:생활방범-181",
      "geometry": {
        "type": "Point",
        "coordinates": [
          127.0707386,
          37.53611088
        ]
      },
      "properties": {
        "id": "gwangjin:cctv:생활방범-181",
        "type": "cctv",
        "name": "생활방범 CCTV · 생활방범-181",
        "address": "능동로8길 28 (자양동)",
        "purpose": "생활방범",
        "managingAgency": "서울특별시 광진구",
        "sourceDatasetId": "gwangjin-cctv-installations",
        "sourceRecordId": "생활방범-181",
        "sourceUpdatedAt": "2025-09-25T00:00:00+09:00",
        "collectedAt": "2026-09-13T15:06:53.138Z"
      }
    },
    {
      "type": "Feature",
      "id": "gwangjin:cctv:생활방범-183",
      "geometry": {
        "type": "Point",
        "coordinates": [
          127.071381208304,
          37.5336379124452
        ]
      },
      "properties": {
        "id": "gwangjin:cctv:생활방범-183",
        "type": "cctv",
        "name": "생활방범 CCTV · 생활방범-183",
        "address": "뚝섬로36길 15 (자양동)",
        "purpose": "생활방범",
        "managingAgency": "서울특별시 광진구",
        "sourceDatasetId": "gwangjin-cctv-installations",
        "sourceRecordId": "생활방범-183",
        "sourceUpdatedAt": "2025-09-25T00:00:00+09:00",
        "collectedAt": "2026-09-13T15:06:53.138Z"
      }
    },
    {
      "type": "Feature",
      "id": "gwangjin:cctv:생활방범-188",
      "geometry": {
        "type": "Point",
        "coordinates": [
          127.064062361531,
          37.5375988448429
        ]
      },
      "properties": {
        "id": "gwangjin:cctv:생활방범-188",
        "type": "cctv",
        "name": "생활방범 CCTV · 생활방범-188",
        "address": "동일로10길 42 (자양동)",
        "purpose": "생활방범",
        "managingAgency": "서울특별시 광진구",
        "sourceDatasetId": "gwangjin-cctv-installations",
        "sourceRecordId": "생활방범-188",
        "sourceUpdatedAt": "2025-09-25T00:00:00+09:00",
        "collectedAt": "2026-09-13T15:06:53.138Z"
      }
    },
    {
      "type": "Feature",
      "id": "gwangjin:cctv:생활방범-189",
      "geometry": {
        "type": "Point",
        "coordinates": [
          127.065122094409,
          37.5365473884213
        ]
      },
      "properties": {
        "id": "gwangjin:cctv:생활방범-189",
        "type": "cctv",
        "name": "생활방범 CCTV · 생활방범-189",
        "address": "뚝섬로 491 (자양동)",
        "purpose": "생활방범",
        "managingAgency": "서울특별시 광진구",
        "sourceDatasetId": "gwangjin-cctv-installations",
        "sourceRecordId": "생활방범-189",
        "sourceUpdatedAt": "2025-09-25T00:00:00+09:00",
        "collectedAt": "2026-09-13T15:06:53.138Z"
      }
    },
    {
      "type": "Feature",
      "id": "gwangjin:cctv:생활방범-195",
      "geometry": {
        "type": "Point",
        "coordinates": [
          127.067448,
          37.539954
        ]
      },
      "properties": {
        "id": "gwangjin:cctv:생활방범-195",
        "type": "cctv",
        "name": "생활방범 CCTV · 생활방범-195",
        "address": "아차산로30길 18",
        "purpose": "생활방범",
        "managingAgency": "서울특별시 광진구",
        "sourceDatasetId": "gwangjin-cctv-installations",
        "sourceRecordId": "생활방범-195",
        "sourceUpdatedAt": "2025-09-25T00:00:00+09:00",
        "collectedAt": "2026-09-13T15:06:53.138Z"
      }
    },
    {
      "type": "Feature",
      "id": "gwangjin:cctv:생활방범-196",
      "geometry": {
        "type": "Point",
        "coordinates": [
          127.068101691454,
          37.5389453892668
        ]
      },
      "properties": {
        "id": "gwangjin:cctv:생활방범-196",
        "type": "cctv",
        "name": "생활방범 CCTV · 생활방범-196",
        "address": "아차산로32길 21 (자양동)",
        "purpose": "생활방범",
        "managingAgency": "서울특별시 광진구",
        "sourceDatasetId": "gwangjin-cctv-installations",
        "sourceRecordId": "생활방범-196",
        "sourceUpdatedAt": "2025-09-25T00:00:00+09:00",
        "collectedAt": "2026-09-13T15:06:53.138Z"
      }
    },
    {
      "type": "Feature",
      "id": "gwangjin:cctv:생활방범-197",
      "geometry": {
        "type": "Point",
        "coordinates": [
          127.066879528164,
          37.5388934374799
        ]
      },
      "properties": {
        "id": "gwangjin:cctv:생활방범-197",
        "type": "cctv",
        "name": "생활방범 CCTV · 생활방범-197",
        "address": "아차산로30길 39 (자양동)",
        "purpose": "생활방범",
        "managingAgency": "서울특별시 광진구",
        "sourceDatasetId": "gwangjin-cctv-installations",
        "sourceRecordId": "생활방범-197",
        "sourceUpdatedAt": "2025-09-25T00:00:00+09:00",
        "collectedAt": "2026-09-13T15:06:53.138Z"
      }
    },
    {
      "type": "Feature",
      "id": "gwangjin:cctv:생활방범-198",
      "geometry": {
        "type": "Point",
        "coordinates": [
          127.065275625271,
          37.5393001932079
        ]
      },
      "properties": {
        "id": "gwangjin:cctv:생활방범-198",
        "type": "cctv",
        "name": "생활방범 CCTV · 생활방범-198",
        "address": "동일로18길 44 (자양동)",
        "purpose": "생활방범",
        "managingAgency": "서울특별시 광진구",
        "sourceDatasetId": "gwangjin-cctv-installations",
        "sourceRecordId": "생활방범-198",
        "sourceUpdatedAt": "2025-09-25T00:00:00+09:00",
        "collectedAt": "2026-09-13T15:06:53.138Z"
      }
    },
    {
      "type": "Feature",
      "id": "gwangjin:cctv:생활방범-200",
      "geometry": {
        "type": "Point",
        "coordinates": [
          127.064054192294,
          37.5406239240458
        ]
      },
      "properties": {
        "id": "gwangjin:cctv:생활방범-200",
        "type": "cctv",
        "name": "생활방범 CCTV · 생활방범-200",
        "address": "아차산로22길 27 (자양동)",
        "purpose": "생활방범",
        "managingAgency": "서울특별시 광진구",
        "sourceDatasetId": "gwangjin-cctv-installations",
        "sourceRecordId": "생활방범-200",
        "sourceUpdatedAt": "2025-09-25T00:00:00+09:00",
        "collectedAt": "2026-09-13T15:06:53.138Z"
      }
    },
    {
      "type": "Feature",
      "id": "gwangjin:cctv:생활방범-206",
      "geometry": {
        "type": "Point",
        "coordinates": [
          127.0626079,
          37.53886629
        ]
      },
      "properties": {
        "id": "gwangjin:cctv:생활방범-206",
        "type": "cctv",
        "name": "생활방범 CCTV · 생활방범-206",
        "address": "동일로10길 5 (자양동)",
        "purpose": "생활방범",
        "managingAgency": "서울특별시 광진구",
        "sourceDatasetId": "gwangjin-cctv-installations",
        "sourceRecordId": "생활방범-206",
        "sourceUpdatedAt": "2025-09-25T00:00:00+09:00",
        "collectedAt": "2026-09-13T15:06:53.138Z"
      }
    },
    {
      "type": "Feature",
      "id": "gwangjin:cctv:생활방범-207",
      "geometry": {
        "type": "Point",
        "coordinates": [
          127.067979,
          37.537755
        ]
      },
      "properties": {
        "id": "gwangjin:cctv:생활방범-207",
        "type": "cctv",
        "name": "생활방범 CCTV · 생활방범-207",
        "address": "능동로9길 23",
        "purpose": "생활방범",
        "managingAgency": "서울특별시 광진구",
        "sourceDatasetId": "gwangjin-cctv-installations",
        "sourceRecordId": "생활방범-207",
        "sourceUpdatedAt": "2025-09-25T00:00:00+09:00",
        "collectedAt": "2026-09-13T15:06:53.138Z"
      }
    },
    {
      "type": "Feature",
      "id": "gwangjin:cctv:생활방범-208",
      "geometry": {
        "type": "Point",
        "coordinates": [
          127.067152633923,
          37.5346579206345
        ]
      },
      "properties": {
        "id": "gwangjin:cctv:생활방범-208",
        "type": "cctv",
        "name": "생활방범 CCTV · 생활방범-208",
        "address": "뚝섬로32길 17 (자양동)",
        "purpose": "생활방범",
        "managingAgency": "서울특별시 광진구",
        "sourceDatasetId": "gwangjin-cctv-installations",
        "sourceRecordId": "생활방범-208",
        "sourceUpdatedAt": "2025-09-25T00:00:00+09:00",
        "collectedAt": "2026-09-13T15:06:53.138Z"
      }
    },
    {
      "type": "Feature",
      "id": "gwangjin:cctv:생활방범-209",
      "geometry": {
        "type": "Point",
        "coordinates": [
          127.067459,
          37.536515
        ]
      },
      "properties": {
        "id": "gwangjin:cctv:생활방범-209",
        "type": "cctv",
        "name": "생활방범 CCTV · 생활방범-209",
        "address": "능동로5길 7",
        "purpose": "생활방범",
        "managingAgency": "서울특별시 광진구",
        "sourceDatasetId": "gwangjin-cctv-installations",
        "sourceRecordId": "생활방범-209",
        "sourceUpdatedAt": "2025-09-25T00:00:00+09:00",
        "collectedAt": "2026-09-13T15:06:53.138Z"
      }
    },
    {
      "type": "Feature",
      "id": "gwangjin:cctv:생활방범-210",
      "geometry": {
        "type": "Point",
        "coordinates": [
          127.066465256144,
          37.5352654881866
        ]
      },
      "properties": {
        "id": "gwangjin:cctv:생활방범-210",
        "type": "cctv",
        "name": "생활방범 CCTV · 생활방범-210",
        "address": "뚝섬로30길 15 (자양동)",
        "purpose": "생활방범",
        "managingAgency": "서울특별시 광진구",
        "sourceDatasetId": "gwangjin-cctv-installations",
        "sourceRecordId": "생활방범-210",
        "sourceUpdatedAt": "2025-09-25T00:00:00+09:00",
        "collectedAt": "2026-09-13T15:06:53.138Z"
      }
    },
    {
      "type": "Feature",
      "id": "gwangjin:cctv:생활방범-212",
      "geometry": {
        "type": "Point",
        "coordinates": [
          127.063322765756,
          37.5394537405475
        ]
      },
      "properties": {
        "id": "gwangjin:cctv:생활방범-212",
        "type": "cctv",
        "name": "생활방범 CCTV · 생활방범-212",
        "address": "동일로12길 20 (자양동)",
        "purpose": "생활방범",
        "managingAgency": "서울특별시 광진구",
        "sourceDatasetId": "gwangjin-cctv-installations",
        "sourceRecordId": "생활방범-212",
        "sourceUpdatedAt": "2025-09-25T00:00:00+09:00",
        "collectedAt": "2026-09-13T15:06:53.138Z"
      }
    },
    {
      "type": "Feature",
      "id": "gwangjin:cctv:생활방범-213",
      "geometry": {
        "type": "Point",
        "coordinates": [
          127.063341458408,
          37.538289764137
        ]
      },
      "properties": {
        "id": "gwangjin:cctv:생활방범-213",
        "type": "cctv",
        "name": "생활방범 CCTV · 생활방범-213",
        "address": "동일로10길 25 (자양동)",
        "purpose": "생활방범",
        "managingAgency": "서울특별시 광진구",
        "sourceDatasetId": "gwangjin-cctv-installations",
        "sourceRecordId": "생활방범-213",
        "sourceUpdatedAt": "2025-09-25T00:00:00+09:00",
        "collectedAt": "2026-09-13T15:06:53.138Z"
      }
    },
    {
      "type": "Feature",
      "id": "gwangjin:cctv:생활방범-214",
      "geometry": {
        "type": "Point",
        "coordinates": [
          127.064579748203,
          37.5390042914522
        ]
      },
      "properties": {
        "id": "gwangjin:cctv:생활방범-214",
        "type": "cctv",
        "name": "생활방범 CCTV · 생활방범-214",
        "address": "동일로18가길 13 (자양동)",
        "purpose": "생활방범",
        "managingAgency": "서울특별시 광진구",
        "sourceDatasetId": "gwangjin-cctv-installations",
        "sourceRecordId": "생활방범-214",
        "sourceUpdatedAt": "2025-09-25T00:00:00+09:00",
        "collectedAt": "2026-09-13T15:06:53.138Z"
      }
    },
    {
      "type": "Feature",
      "id": "gwangjin:cctv:생활방범-215",
      "geometry": {
        "type": "Point",
        "coordinates": [
          127.064334334261,
          37.5382159517951
        ]
      },
      "properties": {
        "id": "gwangjin:cctv:생활방범-215",
        "type": "cctv",
        "name": "생활방범 CCTV · 생활방범-215",
        "address": "동일로10나길 18 (자양동)",
        "purpose": "생활방범",
        "managingAgency": "서울특별시 광진구",
        "sourceDatasetId": "gwangjin-cctv-installations",
        "sourceRecordId": "생활방범-215",
        "sourceUpdatedAt": "2025-09-25T00:00:00+09:00",
        "collectedAt": "2026-09-13T15:06:53.138Z"
      }
    },
    {
      "type": "Feature",
      "id": "gwangjin:cctv:생활방범-216",
      "geometry": {
        "type": "Point",
        "coordinates": [
          127.065313591271,
          37.5385837261976
        ]
      },
      "properties": {
        "id": "gwangjin:cctv:생활방범-216",
        "type": "cctv",
        "name": "생활방범 CCTV · 생활방범-216",
        "address": "동일로18나길 24 (자양동)",
        "purpose": "생활방범",
        "managingAgency": "서울특별시 광진구",
        "sourceDatasetId": "gwangjin-cctv-installations",
        "sourceRecordId": "생활방범-216",
        "sourceUpdatedAt": "2025-09-25T00:00:00+09:00",
        "collectedAt": "2026-09-13T15:06:53.138Z"
      }
    },
    {
      "type": "Feature",
      "id": "gwangjin:cctv:생활방범-217",
      "geometry": {
        "type": "Point",
        "coordinates": [
          127.065465908973,
          37.5379047037762
        ]
      },
      "properties": {
        "id": "gwangjin:cctv:생활방범-217",
        "type": "cctv",
        "name": "생활방범 CCTV · 생활방범-217",
        "address": "뚝섬로23가길 11 (자양동)",
        "purpose": "생활방범",
        "managingAgency": "서울특별시 광진구",
        "sourceDatasetId": "gwangjin-cctv-installations",
        "sourceRecordId": "생활방범-217",
        "sourceUpdatedAt": "2025-09-25T00:00:00+09:00",
        "collectedAt": "2026-09-13T15:06:53.138Z"
      }
    },
    {
      "type": "Feature",
      "id": "gwangjin:cctv:생활방범-310",
      "geometry": {
        "type": "Point",
        "coordinates": [
          127.0653445,
          37.54429231
        ]
      },
      "properties": {
        "id": "gwangjin:cctv:생활방범-310",
        "type": "cctv",
        "name": "생활방범 CCTV · 생활방범-310",
        "address": "아차산로21길 47 (화양동)",
        "purpose": "생활방범",
        "managingAgency": "서울특별시 광진구",
        "sourceDatasetId": "gwangjin-cctv-installations",
        "sourceRecordId": "생활방범-310",
        "sourceUpdatedAt": "2025-09-25T00:00:00+09:00",
        "collectedAt": "2026-09-13T15:06:53.138Z"
      }
    },
    {
      "type": "Feature",
      "id": "gwangjin:cctv:생활방범-311",
      "geometry": {
        "type": "Point",
        "coordinates": [
          127.067904359878,
          37.5461790454761
        ]
      },
      "properties": {
        "id": "gwangjin:cctv:생활방범-311",
        "type": "cctv",
        "name": "생활방범 CCTV · 생활방범-311",
        "address": "동일로28길 16 (화양동)",
        "purpose": "생활방범",
        "managingAgency": "서울특별시 광진구",
        "sourceDatasetId": "gwangjin-cctv-installations",
        "sourceRecordId": "생활방범-311",
        "sourceUpdatedAt": "2025-09-25T00:00:00+09:00",
        "collectedAt": "2026-09-13T15:06:53.138Z"
      }
    },
    {
      "type": "Feature",
      "id": "gwangjin:cctv:생활방범-312",
      "geometry": {
        "type": "Point",
        "coordinates": [
          127.067489089995,
          37.5450984859965
        ]
      },
      "properties": {
        "id": "gwangjin:cctv:생활방범-312",
        "type": "cctv",
        "name": "생활방범 CCTV · 생활방범-312",
        "address": "아차산로23길 68 (화양동)",
        "purpose": "생활방범",
        "managingAgency": "서울특별시 광진구",
        "sourceDatasetId": "gwangjin-cctv-installations",
        "sourceRecordId": "생활방범-312",
        "sourceUpdatedAt": "2025-09-25T00:00:00+09:00",
        "collectedAt": "2026-09-13T15:06:53.138Z"
      }
    },
    {
      "type": "Feature",
      "id": "gwangjin:cctv:생활방범-313",
      "geometry": {
        "type": "Point",
        "coordinates": [
          127.0671616,
          37.54291539
        ]
      },
      "properties": {
        "id": "gwangjin:cctv:생활방범-313",
        "type": "cctv",
        "name": "생활방범 CCTV · 생활방범-313",
        "address": "아차산로25길 27 (화양동)",
        "purpose": "생활방범",
        "managingAgency": "서울특별시 광진구",
        "sourceDatasetId": "gwangjin-cctv-installations",
        "sourceRecordId": "생활방범-313",
        "sourceUpdatedAt": "2025-09-25T00:00:00+09:00",
        "collectedAt": "2026-09-13T15:06:53.138Z"
      }
    },
    {
      "type": "Feature",
      "id": "gwangjin:cctv:생활방범-314",
      "geometry": {
        "type": "Point",
        "coordinates": [
          127.068275827075,
          37.5431233283398
        ]
      },
      "properties": {
        "id": "gwangjin:cctv:생활방범-314",
        "type": "cctv",
        "name": "생활방범 CCTV · 생활방범-314",
        "address": "동일로24길 56 (화양동)",
        "purpose": "생활방범",
        "managingAgency": "서울특별시 광진구",
        "sourceDatasetId": "gwangjin-cctv-installations",
        "sourceRecordId": "생활방범-314",
        "sourceUpdatedAt": "2025-09-25T00:00:00+09:00",
        "collectedAt": "2026-09-13T15:06:53.138Z"
      }
    },
    {
      "type": "Feature",
      "id": "gwangjin:cctv:생활방범-315",
      "geometry": {
        "type": "Point",
        "coordinates": [
          127.065926208159,
          37.5422003505862
        ]
      },
      "properties": {
        "id": "gwangjin:cctv:생활방범-315",
        "type": "cctv",
        "name": "생활방범 CCTV · 생활방범-315",
        "address": "동일로22길 28 (화양동)",
        "purpose": "생활방범",
        "managingAgency": "서울특별시 광진구",
        "sourceDatasetId": "gwangjin-cctv-installations",
        "sourceRecordId": "생활방범-315",
        "sourceUpdatedAt": "2025-09-25T00:00:00+09:00",
        "collectedAt": "2026-09-13T15:06:53.138Z"
      }
    },
    {
      "type": "Feature",
      "id": "gwangjin:cctv:생활방범-317",
      "geometry": {
        "type": "Point",
        "coordinates": [
          127.070480262323,
          37.5406322667665
        ]
      },
      "properties": {
        "id": "gwangjin:cctv:생활방범-317",
        "type": "cctv",
        "name": "생활방범 CCTV · 생활방범-317",
        "address": "아차산로 241 (화양동)",
        "purpose": "생활방범",
        "managingAgency": "서울특별시 광진구",
        "sourceDatasetId": "gwangjin-cctv-installations",
        "sourceRecordId": "생활방범-317",
        "sourceUpdatedAt": "2025-09-25T00:00:00+09:00",
        "collectedAt": "2026-09-13T15:06:53.138Z"
      }
    },
    {
      "type": "Feature",
      "id": "gwangjin:cctv:생활방범-319",
      "geometry": {
        "type": "Point",
        "coordinates": [
          127.070687357907,
          37.5436922256047
        ]
      },
      "properties": {
        "id": "gwangjin:cctv:생활방범-319",
        "type": "cctv",
        "name": "생활방범 CCTV · 생활방범-319",
        "address": "군자로3길 25-16 (화양동)",
        "purpose": "생활방범",
        "managingAgency": "서울특별시 광진구",
        "sourceDatasetId": "gwangjin-cctv-installations",
        "sourceRecordId": "생활방범-319",
        "sourceUpdatedAt": "2025-09-25T00:00:00+09:00",
        "collectedAt": "2026-09-13T15:06:53.138Z"
      }
    },
    {
      "type": "Feature",
      "id": "gwangjin:cctv:생활방범-320",
      "geometry": {
        "type": "Point",
        "coordinates": [
          127.069547577756,
          37.5455484023902
        ]
      },
      "properties": {
        "id": "gwangjin:cctv:생활방범-320",
        "type": "cctv",
        "name": "생활방범 CCTV · 생활방범-320",
        "address": "군자로5길 18-12 (화양동)",
        "purpose": "생활방범",
        "managingAgency": "서울특별시 광진구",
        "sourceDatasetId": "gwangjin-cctv-installations",
        "sourceRecordId": "생활방범-320",
        "sourceUpdatedAt": "2025-09-25T00:00:00+09:00",
        "collectedAt": "2026-09-13T15:06:53.138Z"
      }
    },
    {
      "type": "Feature",
      "id": "gwangjin:cctv:생활방범-321",
      "geometry": {
        "type": "Point",
        "coordinates": [
          127.074135097953,
          37.5454818270288
        ]
      },
      "properties": {
        "id": "gwangjin:cctv:생활방범-321",
        "type": "cctv",
        "name": "생활방범 CCTV · 생활방범-321",
        "address": "긴고랑로46길 11 (화양동)",
        "purpose": "생활방범",
        "managingAgency": "서울특별시 광진구",
        "sourceDatasetId": "gwangjin-cctv-installations",
        "sourceRecordId": "생활방범-321",
        "sourceUpdatedAt": "2025-09-25T00:00:00+09:00",
        "collectedAt": "2026-09-13T15:06:53.138Z"
      }
    },
    {
      "type": "Feature",
      "id": "gwangjin:cctv:생활방범-322",
      "geometry": {
        "type": "Point",
        "coordinates": [
          127.068680035395,
          37.5454229007514
        ]
      },
      "properties": {
        "id": "gwangjin:cctv:생활방범-322",
        "type": "cctv",
        "name": "생활방범 CCTV · 생활방범-322",
        "address": "능동로13길 88 (화양동)",
        "purpose": "생활방범",
        "managingAgency": "서울특별시 광진구",
        "sourceDatasetId": "gwangjin-cctv-installations",
        "sourceRecordId": "생활방범-322",
        "sourceUpdatedAt": "2025-09-25T00:00:00+09:00",
        "collectedAt": "2026-09-13T15:06:53.138Z"
      }
    },
    {
      "type": "Feature",
      "id": "gwangjin:cctv:생활방범-323",
      "geometry": {
        "type": "Point",
        "coordinates": [
          127.068854989413,
          37.5462561066357
        ]
      },
      "properties": {
        "id": "gwangjin:cctv:생활방범-323",
        "type": "cctv",
        "name": "생활방범 CCTV · 생활방범-323",
        "address": "동일로28길 38 (화양동)",
        "purpose": "생활방범",
        "managingAgency": "서울특별시 광진구",
        "sourceDatasetId": "gwangjin-cctv-installations",
        "sourceRecordId": "생활방범-323",
        "sourceUpdatedAt": "2025-09-25T00:00:00+09:00",
        "collectedAt": "2026-09-13T15:06:53.138Z"
      }
    },
    {
      "type": "Feature",
      "id": "gwangjin:cctv:생활방범-324",
      "geometry": {
        "type": "Point",
        "coordinates": [
          127.067503260675,
          37.5433820744259
        ]
      },
      "properties": {
        "id": "gwangjin:cctv:생활방범-324",
        "type": "cctv",
        "name": "생활방범 CCTV · 생활방범-324",
        "address": "아차산로25길 48 (화양동)",
        "purpose": "생활방범",
        "managingAgency": "서울특별시 광진구",
        "sourceDatasetId": "gwangjin-cctv-installations",
        "sourceRecordId": "생활방범-324",
        "sourceUpdatedAt": "2025-09-25T00:00:00+09:00",
        "collectedAt": "2026-09-13T15:06:53.138Z"
      }
    },
    {
      "type": "Feature",
      "id": "gwangjin:cctv:생활방범-325",
      "geometry": {
        "type": "Point",
        "coordinates": [
          127.06829574017,
          37.541386534408
        ]
      },
      "properties": {
        "id": "gwangjin:cctv:생활방범-325",
        "type": "cctv",
        "name": "생활방범 CCTV · 생활방범-325",
        "address": "동일로22길 71 (화양동)",
        "purpose": "생활방범",
        "managingAgency": "서울특별시 광진구",
        "sourceDatasetId": "gwangjin-cctv-installations",
        "sourceRecordId": "생활방범-325",
        "sourceUpdatedAt": "2025-09-25T00:00:00+09:00",
        "collectedAt": "2026-09-13T15:06:53.138Z"
      }
    },
    {
      "type": "Feature",
      "id": "gwangjin:cctv:생활방범-326",
      "geometry": {
        "type": "Point",
        "coordinates": [
          127.07608321718,
          37.5456407855032
        ]
      },
      "properties": {
        "id": "gwangjin:cctv:생활방범-326",
        "type": "cctv",
        "name": "생활방범 CCTV · 생활방범-326",
        "address": "광나루로24길 12 (화양동)",
        "purpose": "생활방범",
        "managingAgency": "서울특별시 광진구",
        "sourceDatasetId": "gwangjin-cctv-installations",
        "sourceRecordId": "생활방범-326",
        "sourceUpdatedAt": "2025-09-25T00:00:00+09:00",
        "collectedAt": "2026-09-13T15:06:53.138Z"
      }
    },
    {
      "type": "Feature",
      "id": "gwangjin:cctv:생활방범-327",
      "geometry": {
        "type": "Point",
        "coordinates": [
          127.075228312162,
          37.5462640656664
        ]
      },
      "properties": {
        "id": "gwangjin:cctv:생활방범-327",
        "type": "cctv",
        "name": "생활방범 CCTV · 생활방범-327",
        "address": "광나루로22길 7",
        "purpose": "생활방범",
        "managingAgency": "서울특별시 광진구",
        "sourceDatasetId": "gwangjin-cctv-installations",
        "sourceRecordId": "생활방범-327",
        "sourceUpdatedAt": "2025-09-25T00:00:00+09:00",
        "collectedAt": "2026-09-13T15:06:53.138Z"
      }
    },
    {
      "type": "Feature",
      "id": "gwangjin:cctv:생활방범-328",
      "geometry": {
        "type": "Point",
        "coordinates": [
          127.075383186783,
          37.5450841186425
        ]
      },
      "properties": {
        "id": "gwangjin:cctv:생활방범-328",
        "type": "cctv",
        "name": "생활방범 CCTV · 생활방범-328",
        "address": "광나루로20가길 21 (화양동)",
        "purpose": "생활방범",
        "managingAgency": "서울특별시 광진구",
        "sourceDatasetId": "gwangjin-cctv-installations",
        "sourceRecordId": "생활방범-328",
        "sourceUpdatedAt": "2025-09-25T00:00:00+09:00",
        "collectedAt": "2026-09-13T15:06:53.138Z"
      }
    },
    {
      "type": "Feature",
      "id": "gwangjin:cctv:생활방범-329",
      "geometry": {
        "type": "Point",
        "coordinates": [
          127.077258452795,
          37.5453714768742
        ]
      },
      "properties": {
        "id": "gwangjin:cctv:생활방범-329",
        "type": "cctv",
        "name": "생활방범 CCTV · 생활방범-329",
        "address": "광나루로26길 24 (화양동)",
        "purpose": "생활방범",
        "managingAgency": "서울특별시 광진구",
        "sourceDatasetId": "gwangjin-cctv-installations",
        "sourceRecordId": "생활방범-329",
        "sourceUpdatedAt": "2025-09-25T00:00:00+09:00",
        "collectedAt": "2026-09-13T15:06:53.138Z"
      }
    },
    {
      "type": "Feature",
      "id": "gwangjin:cctv:생활방범-330",
      "geometry": {
        "type": "Point",
        "coordinates": [
          127.069529591197,
          37.5416126052424
        ]
      },
      "properties": {
        "id": "gwangjin:cctv:생활방범-330",
        "type": "cctv",
        "name": "생활방범 CCTV · 생활방범-330",
        "address": "아차산로31길 14 (화양동)",
        "purpose": "생활방범",
        "managingAgency": "서울특별시 광진구",
        "sourceDatasetId": "gwangjin-cctv-installations",
        "sourceRecordId": "생활방범-330",
        "sourceUpdatedAt": "2025-09-25T00:00:00+09:00",
        "collectedAt": "2026-09-13T15:06:53.138Z"
      }
    },
    {
      "type": "Feature",
      "id": "gwangjin:cctv:생활방범-341",
      "geometry": {
        "type": "Point",
        "coordinates": [
          127.077947366651,
          37.5343069768426
        ]
      },
      "properties": {
        "id": "gwangjin:cctv:생활방범-341",
        "type": "cctv",
        "name": "생활방범 CCTV · 생활방범-341",
        "address": "자양로15길 108 (자양동)",
        "purpose": "생활방범",
        "managingAgency": "서울특별시 광진구",
        "sourceDatasetId": "gwangjin-cctv-installations",
        "sourceRecordId": "생활방범-341",
        "sourceUpdatedAt": "2025-09-25T00:00:00+09:00",
        "collectedAt": "2026-09-13T15:06:53.138Z"
      }
    },
    {
      "type": "Feature",
      "id": "gwangjin:cctv:생활방범-345",
      "geometry": {
        "type": "Point",
        "coordinates": [
          127.070281899413,
          37.5464328982587
        ]
      },
      "properties": {
        "id": "gwangjin:cctv:생활방범-345",
        "type": "cctv",
        "name": "생활방범 CCTV · 생활방범-345",
        "address": "군자로 38 (화양동)",
        "purpose": "생활방범",
        "managingAgency": "서울특별시 광진구",
        "sourceDatasetId": "gwangjin-cctv-installations",
        "sourceRecordId": "생활방범-345",
        "sourceUpdatedAt": "2025-09-25T00:00:00+09:00",
        "collectedAt": "2026-09-13T15:06:53.138Z"
      }
    },
    {
      "type": "Feature",
      "id": "gwangjin:cctv:생활방범-349",
      "geometry": {
        "type": "Point",
        "coordinates": [
          127.075163385672,
          37.5378509179003
        ]
      },
      "properties": {
        "id": "gwangjin:cctv:생활방범-349",
        "type": "cctv",
        "name": "생활방범 CCTV · 생활방범-349",
        "address": "자양번영로13길 32 (자양동)",
        "purpose": "생활방범",
        "managingAgency": "서울특별시 광진구",
        "sourceDatasetId": "gwangjin-cctv-installations",
        "sourceRecordId": "생활방범-349",
        "sourceUpdatedAt": "2025-09-25T00:00:00+09:00",
        "collectedAt": "2026-09-13T15:06:53.138Z"
      }
    },
    {
      "type": "Feature",
      "id": "gwangjin:cctv:생활방범-350",
      "geometry": {
        "type": "Point",
        "coordinates": [
          127.069367615227,
          37.5392272375055
        ]
      },
      "properties": {
        "id": "gwangjin:cctv:생활방범-350",
        "type": "cctv",
        "name": "생활방범 CCTV · 생활방범-350",
        "address": "동일로20길 106 (자양동)",
        "purpose": "생활방범",
        "managingAgency": "서울특별시 광진구",
        "sourceDatasetId": "gwangjin-cctv-installations",
        "sourceRecordId": "생활방범-350",
        "sourceUpdatedAt": "2025-09-25T00:00:00+09:00",
        "collectedAt": "2026-09-13T15:06:53.138Z"
      }
    },
    {
      "type": "Feature",
      "id": "gwangjin:cctv:생활방범-355",
      "geometry": {
        "type": "Point",
        "coordinates": [
          127.067100103615,
          37.5460619489158
        ]
      },
      "properties": {
        "id": "gwangjin:cctv:생활방범-355",
        "type": "cctv",
        "name": "생활방범 CCTV · 생활방범-355",
        "address": "아차산로21길 97(화양동)",
        "purpose": "생활방범",
        "managingAgency": "서울특별시 광진구",
        "sourceDatasetId": "gwangjin-cctv-installations",
        "sourceRecordId": "생활방범-355",
        "sourceUpdatedAt": "2025-09-25T00:00:00+09:00",
        "collectedAt": "2026-09-13T15:06:53.138Z"
      }
    },
    {
      "type": "Feature",
      "id": "gwangjin:cctv:생활방범-356",
      "geometry": {
        "type": "Point",
        "coordinates": [
          127.072699531898,
          37.5488073173895
        ]
      },
      "properties": {
        "id": "gwangjin:cctv:생활방범-356",
        "type": "cctv",
        "name": "생활방범 CCTV · 생활방범-356",
        "address": "광나루로17길 14-14 (군자동)",
        "purpose": "생활방범",
        "managingAgency": "서울특별시 광진구",
        "sourceDatasetId": "gwangjin-cctv-installations",
        "sourceRecordId": "생활방범-356",
        "sourceUpdatedAt": "2025-09-25T00:00:00+09:00",
        "collectedAt": "2026-09-13T15:06:53.138Z"
      }
    },
    {
      "type": "Feature",
      "id": "gwangjin:cctv:생활방범-358",
      "geometry": {
        "type": "Point",
        "coordinates": [
          127.076629956192,
          37.534349493782
        ]
      },
      "properties": {
        "id": "gwangjin:cctv:생활방범-358",
        "type": "cctv",
        "name": "생활방범 CCTV · 생활방범-358",
        "address": "자양번영로8길 7 (자양동)",
        "purpose": "생활방범",
        "managingAgency": "서울특별시 광진구",
        "sourceDatasetId": "gwangjin-cctv-installations",
        "sourceRecordId": "생활방범-358",
        "sourceUpdatedAt": "2025-09-25T00:00:00+09:00",
        "collectedAt": "2026-09-13T15:06:53.138Z"
      }
    },
    {
      "type": "Feature",
      "id": "gwangjin:cctv:생활방범-360",
      "geometry": {
        "type": "Point",
        "coordinates": [
          127.076723520152,
          37.5369218963564
        ]
      },
      "properties": {
        "id": "gwangjin:cctv:생활방범-360",
        "type": "cctv",
        "name": "생활방범 CCTV · 생활방범-360",
        "address": "자양번영로 81 (자양동)",
        "purpose": "생활방범",
        "managingAgency": "서울특별시 광진구",
        "sourceDatasetId": "gwangjin-cctv-installations",
        "sourceRecordId": "생활방범-360",
        "sourceUpdatedAt": "2025-09-25T00:00:00+09:00",
        "collectedAt": "2026-09-13T15:06:53.138Z"
      }
    },
    {
      "type": "Feature",
      "id": "gwangjin:cctv:생활방범-379",
      "geometry": {
        "type": "Point",
        "coordinates": [
          127.064988730485,
          37.5356424844132
        ]
      },
      "properties": {
        "id": "gwangjin:cctv:생활방범-379",
        "type": "cctv",
        "name": "생활방범 CCTV · 생활방범-379",
        "address": "동일로4길 74 (자양동)",
        "purpose": "생활방범",
        "managingAgency": "서울특별시 광진구",
        "sourceDatasetId": "gwangjin-cctv-installations",
        "sourceRecordId": "생활방범-379",
        "sourceUpdatedAt": "2025-09-25T00:00:00+09:00",
        "collectedAt": "2026-09-13T15:06:53.138Z"
      }
    },
    {
      "type": "Feature",
      "id": "gwangjin:cctv:생활방범-381",
      "geometry": {
        "type": "Point",
        "coordinates": [
          127.068425509427,
          37.5345843829211
        ]
      },
      "properties": {
        "id": "gwangjin:cctv:생활방범-381",
        "type": "cctv",
        "name": "생활방범 CCTV · 생활방범-381",
        "address": "능동로 49 (자양동)",
        "purpose": "생활방범",
        "managingAgency": "서울특별시 광진구",
        "sourceDatasetId": "gwangjin-cctv-installations",
        "sourceRecordId": "생활방범-381",
        "sourceUpdatedAt": "2025-09-25T00:00:00+09:00",
        "collectedAt": "2026-09-13T15:06:53.138Z"
      }
    },
    {
      "type": "Feature",
      "id": "gwangjin:cctv:생활방범-383",
      "geometry": {
        "type": "Point",
        "coordinates": [
          127.068241367587,
          37.5435928177752
        ]
      },
      "properties": {
        "id": "gwangjin:cctv:생활방범-383",
        "type": "cctv",
        "name": "생활방범 CCTV · 생활방범-383",
        "address": "아차산로27길 45-6 (화양동)",
        "purpose": "생활방범",
        "managingAgency": "서울특별시 광진구",
        "sourceDatasetId": "gwangjin-cctv-installations",
        "sourceRecordId": "생활방범-383",
        "sourceUpdatedAt": "2025-09-25T00:00:00+09:00",
        "collectedAt": "2026-09-13T15:06:53.138Z"
      }
    },
    {
      "type": "Feature",
      "id": "gwangjin:cctv:생활방범-384",
      "geometry": {
        "type": "Point",
        "coordinates": [
          127.077995711872,
          37.5450053625891
        ]
      },
      "properties": {
        "id": "gwangjin:cctv:생활방범-384",
        "type": "cctv",
        "name": "생활방범 CCTV · 생활방범-384",
        "address": "광나루로24길 53 (화양동)",
        "purpose": "생활방범",
        "managingAgency": "서울특별시 광진구",
        "sourceDatasetId": "gwangjin-cctv-installations",
        "sourceRecordId": "생활방범-384",
        "sourceUpdatedAt": "2025-09-25T00:00:00+09:00",
        "collectedAt": "2026-09-13T15:06:53.138Z"
      }
    },
    {
      "type": "Feature",
      "id": "gwangjin:cctv:생활방범-396",
      "geometry": {
        "type": "Point",
        "coordinates": [
          127.08364638735,
          37.5431711279877
        ]
      },
      "properties": {
        "id": "gwangjin:cctv:생활방범-396",
        "type": "cctv",
        "name": "생활방범 CCTV · 생활방범-396",
        "address": "자양로23길 65 (구의동)",
        "purpose": "생활방범",
        "managingAgency": "서울특별시 광진구",
        "sourceDatasetId": "gwangjin-cctv-installations",
        "sourceRecordId": "생활방범-396",
        "sourceUpdatedAt": "2025-09-25T00:00:00+09:00",
        "collectedAt": "2026-09-13T15:06:53.138Z"
      }
    },
    {
      "type": "Feature",
      "id": "gwangjin:cctv:생활방범-406",
      "geometry": {
        "type": "Point",
        "coordinates": [
          127.069656176279,
          37.5498659650083
        ]
      },
      "properties": {
        "id": "gwangjin:cctv:생활방범-406",
        "type": "cctv",
        "name": "생활방범 CCTV · 생활방범-406",
        "address": "동일로34길 19 (군자동)",
        "purpose": "생활방범",
        "managingAgency": "서울특별시 광진구",
        "sourceDatasetId": "gwangjin-cctv-installations",
        "sourceRecordId": "생활방범-406",
        "sourceUpdatedAt": "2025-09-25T00:00:00+09:00",
        "collectedAt": "2026-09-13T15:06:53.138Z"
      }
    },
    {
      "type": "Feature",
      "id": "gwangjin:cctv:생활방범-407",
      "geometry": {
        "type": "Point",
        "coordinates": [
          127.068801025151,
          37.549464776722
        ]
      },
      "properties": {
        "id": "gwangjin:cctv:생활방범-407",
        "type": "cctv",
        "name": "생활방범 CCTV · 생활방범-407",
        "address": "광나루로13길 30 (군자동)",
        "purpose": "생활방범",
        "managingAgency": "서울특별시 광진구",
        "sourceDatasetId": "gwangjin-cctv-installations",
        "sourceRecordId": "생활방범-407",
        "sourceUpdatedAt": "2025-09-25T00:00:00+09:00",
        "collectedAt": "2026-09-13T15:06:53.138Z"
      }
    },
    {
      "type": "Feature",
      "id": "gwangjin:cctv:생활방범-409",
      "geometry": {
        "type": "Point",
        "coordinates": [
          127.078172347682,
          37.5363745868696
        ]
      },
      "properties": {
        "id": "gwangjin:cctv:생활방범-409",
        "type": "cctv",
        "name": "생활방범 CCTV · 생활방범-409",
        "address": "아차산로40길 28 (자양동)",
        "purpose": "생활방범",
        "managingAgency": "서울특별시 광진구",
        "sourceDatasetId": "gwangjin-cctv-installations",
        "sourceRecordId": "생활방범-409",
        "sourceUpdatedAt": "2025-09-25T00:00:00+09:00",
        "collectedAt": "2026-09-13T15:06:53.138Z"
      }
    },
    {
      "type": "Feature",
      "id": "gwangjin:cctv:생활방범-410",
      "geometry": {
        "type": "Point",
        "coordinates": [
          127.079721703147,
          37.5364988853113
        ]
      },
      "properties": {
        "id": "gwangjin:cctv:생활방범-410",
        "type": "cctv",
        "name": "생활방범 CCTV · 생활방범-410",
        "address": "아차산로44길 26 (자양동)",
        "purpose": "생활방범",
        "managingAgency": "서울특별시 광진구",
        "sourceDatasetId": "gwangjin-cctv-installations",
        "sourceRecordId": "생활방범-410",
        "sourceUpdatedAt": "2025-09-25T00:00:00+09:00",
        "collectedAt": "2026-09-13T15:06:53.138Z"
      }
    },
    {
      "type": "Feature",
      "id": "gwangjin:cctv:생활방범-411",
      "geometry": {
        "type": "Point",
        "coordinates": [
          127.077206158502,
          37.5385424198212
        ]
      },
      "properties": {
        "id": "gwangjin:cctv:생활방범-411",
        "type": "cctv",
        "name": "생활방범 CCTV · 생활방범-411",
        "address": "아차산로39길 11 (자양동)",
        "purpose": "생활방범",
        "managingAgency": "서울특별시 광진구",
        "sourceDatasetId": "gwangjin-cctv-installations",
        "sourceRecordId": "생활방범-411",
        "sourceUpdatedAt": "2025-09-25T00:00:00+09:00",
        "collectedAt": "2026-09-13T15:06:53.138Z"
      }
    },
    {
      "type": "Feature",
      "id": "gwangjin:cctv:생활방범-414",
      "geometry": {
        "type": "Point",
        "coordinates": [
          127.079019143998,
          37.5384713128525
        ]
      },
      "properties": {
        "id": "gwangjin:cctv:생활방범-414",
        "type": "cctv",
        "name": "생활방범 CCTV · 생활방범-414",
        "address": "아차산로41길 16 (자양동)",
        "purpose": "생활방범",
        "managingAgency": "서울특별시 광진구",
        "sourceDatasetId": "gwangjin-cctv-installations",
        "sourceRecordId": "생활방범-414",
        "sourceUpdatedAt": "2025-09-25T00:00:00+09:00",
        "collectedAt": "2026-09-13T15:06:53.138Z"
      }
    },
    {
      "type": "Feature",
      "id": "gwangjin:cctv:생활방범-420",
      "geometry": {
        "type": "Point",
        "coordinates": [
          127.06975868434,
          37.5340512236724
        ]
      },
      "properties": {
        "id": "gwangjin:cctv:생활방범-420",
        "type": "cctv",
        "name": "생활방범 CCTV · 생활방범-420",
        "address": "뚝섬로34길 13 (자양동)",
        "purpose": "생활방범",
        "managingAgency": "서울특별시 광진구",
        "sourceDatasetId": "gwangjin-cctv-installations",
        "sourceRecordId": "생활방범-420",
        "sourceUpdatedAt": "2025-09-25T00:00:00+09:00",
        "collectedAt": "2026-09-13T15:06:53.138Z"
      }
    },
    {
      "type": "Feature",
      "id": "gwangjin:cctv:생활방범-422",
      "geometry": {
        "type": "Point",
        "coordinates": [
          127.075558961065,
          37.5354043433008
        ]
      },
      "properties": {
        "id": "gwangjin:cctv:생활방범-422",
        "type": "cctv",
        "name": "생활방범 CCTV · 생활방범-422",
        "address": "뚝섬로37길 28 (자양동)",
        "purpose": "생활방범",
        "managingAgency": "서울특별시 광진구",
        "sourceDatasetId": "gwangjin-cctv-installations",
        "sourceRecordId": "생활방범-422",
        "sourceUpdatedAt": "2025-09-25T00:00:00+09:00",
        "collectedAt": "2026-09-13T15:06:53.138Z"
      }
    },
    {
      "type": "Feature",
      "id": "gwangjin:cctv:생활방범-424",
      "geometry": {
        "type": "Point",
        "coordinates": [
          127.064597390254,
          37.537062176667
        ]
      },
      "properties": {
        "id": "gwangjin:cctv:생활방범-424",
        "type": "cctv",
        "name": "생활방범 CCTV · 생활방범-424",
        "address": "뚝섬로25길 23 (자양동)",
        "purpose": "생활방범",
        "managingAgency": "서울특별시 광진구",
        "sourceDatasetId": "gwangjin-cctv-installations",
        "sourceRecordId": "생활방범-424",
        "sourceUpdatedAt": "2025-09-25T00:00:00+09:00",
        "collectedAt": "2026-09-13T15:06:53.138Z"
      }
    },
    {
      "type": "Feature",
      "id": "gwangjin:cctv:생활방범-425",
      "geometry": {
        "type": "Point",
        "coordinates": [
          127.068071624373,
          37.5370146621108
        ]
      },
      "properties": {
        "id": "gwangjin:cctv:생활방범-425",
        "type": "cctv",
        "name": "생활방범 CCTV · 생활방범-425",
        "address": "능동로5길 7 (자양동)",
        "purpose": "생활방범",
        "managingAgency": "서울특별시 광진구",
        "sourceDatasetId": "gwangjin-cctv-installations",
        "sourceRecordId": "생활방범-425",
        "sourceUpdatedAt": "2025-09-25T00:00:00+09:00",
        "collectedAt": "2026-09-13T15:06:53.138Z"
      }
    },
    {
      "type": "Feature",
      "id": "gwangjin:cctv:생활방범-426",
      "geometry": {
        "type": "Point",
        "coordinates": [
          127.066215176471,
          37.5376878765497
        ]
      },
      "properties": {
        "id": "gwangjin:cctv:생활방범-426",
        "type": "cctv",
        "name": "생활방범 CCTV · 생활방범-426",
        "address": "뚝섬로27길 43 (자양동)",
        "purpose": "생활방범",
        "managingAgency": "서울특별시 광진구",
        "sourceDatasetId": "gwangjin-cctv-installations",
        "sourceRecordId": "생활방범-426",
        "sourceUpdatedAt": "2025-09-25T00:00:00+09:00",
        "collectedAt": "2026-09-13T15:06:53.138Z"
      }
    },
    {
      "type": "Feature",
      "id": "gwangjin:cctv:생활방범-432",
      "geometry": {
        "type": "Point",
        "coordinates": [
          127.072118258927,
          37.5451436941153
        ]
      },
      "properties": {
        "id": "gwangjin:cctv:생활방범-432",
        "type": "cctv",
        "name": "생활방범 CCTV · 생활방범-432",
        "address": "능동로15길 11 (화양동)",
        "purpose": "생활방범",
        "managingAgency": "서울특별시 광진구",
        "sourceDatasetId": "gwangjin-cctv-installations",
        "sourceRecordId": "생활방범-432",
        "sourceUpdatedAt": "2025-09-25T00:00:00+09:00",
        "collectedAt": "2026-09-13T15:06:53.138Z"
      }
    },
    {
      "type": "Feature",
      "id": "gwangjin:cctv:생활방범-433",
      "geometry": {
        "type": "Point",
        "coordinates": [
          127.069759,
          37.54419601
        ]
      },
      "properties": {
        "id": "gwangjin:cctv:생활방범-433",
        "type": "cctv",
        "name": "생활방범 CCTV · 생활방범-433",
        "address": "능동로13길 39 (화양동)",
        "purpose": "생활방범",
        "managingAgency": "서울특별시 광진구",
        "sourceDatasetId": "gwangjin-cctv-installations",
        "sourceRecordId": "생활방범-433",
        "sourceUpdatedAt": "2025-09-25T00:00:00+09:00",
        "collectedAt": "2026-09-13T15:06:53.138Z"
      }
    },
    {
      "type": "Feature",
      "id": "gwangjin:cctv:생활방범-434",
      "geometry": {
        "type": "Point",
        "coordinates": [
          127.071695288139,
          37.544285750036
        ]
      },
      "properties": {
        "id": "gwangjin:cctv:생활방범-434",
        "type": "cctv",
        "name": "생활방범 CCTV · 생활방범-434",
        "address": "군자로2길 4 (화양동)",
        "purpose": "생활방범",
        "managingAgency": "서울특별시 광진구",
        "sourceDatasetId": "gwangjin-cctv-installations",
        "sourceRecordId": "생활방범-434",
        "sourceUpdatedAt": "2025-09-25T00:00:00+09:00",
        "collectedAt": "2026-09-13T15:06:53.138Z"
      }
    },
    {
      "type": "Feature",
      "id": "gwangjin:cctv:생활방범-443",
      "geometry": {
        "type": "Point",
        "coordinates": [
          127.070345417397,
          37.5409833185576
        ]
      },
      "properties": {
        "id": "gwangjin:cctv:생활방범-443",
        "type": "cctv",
        "name": "생활방범 CCTV · 생활방범-443",
        "address": "아차산로33길 16-8 (화양동)",
        "purpose": "생활방범",
        "managingAgency": "서울특별시 광진구",
        "sourceDatasetId": "gwangjin-cctv-installations",
        "sourceRecordId": "생활방범-443",
        "sourceUpdatedAt": "2025-09-25T00:00:00+09:00",
        "collectedAt": "2026-09-13T15:06:53.138Z"
      }
    },
    {
      "type": "Feature",
      "id": "gwangjin:cctv:생활방범-444",
      "geometry": {
        "type": "Point",
        "coordinates": [
          127.0681544,
          37.54462904
        ]
      },
      "properties": {
        "id": "gwangjin:cctv:생활방범-444",
        "type": "cctv",
        "name": "생활방범 CCTV · 생활방범-444",
        "address": "아차산로25길 76 (화양동)",
        "purpose": "생활방범",
        "managingAgency": "서울특별시 광진구",
        "sourceDatasetId": "gwangjin-cctv-installations",
        "sourceRecordId": "생활방범-444",
        "sourceUpdatedAt": "2025-09-25T00:00:00+09:00",
        "collectedAt": "2026-09-13T15:06:53.138Z"
      }
    },
    {
      "type": "Feature",
      "id": "gwangjin:cctv:생활방범-448",
      "geometry": {
        "type": "Point",
        "coordinates": [
          127.079962633001,
          37.5381622891846
        ]
      },
      "properties": {
        "id": "gwangjin:cctv:생활방범-448",
        "type": "cctv",
        "name": "생활방범 CCTV · 생활방범-448",
        "address": "아차산로45길 31 (자양동)",
        "purpose": "생활방범",
        "managingAgency": "서울특별시 광진구",
        "sourceDatasetId": "gwangjin-cctv-installations",
        "sourceRecordId": "생활방범-448",
        "sourceUpdatedAt": "2025-09-25T00:00:00+09:00",
        "collectedAt": "2026-09-13T15:06:53.138Z"
      }
    },
    {
      "type": "Feature",
      "id": "gwangjin:cctv:생활방범-451",
      "geometry": {
        "type": "Point",
        "coordinates": [
          127.07563637489,
          37.5364713260234
        ]
      },
      "properties": {
        "id": "gwangjin:cctv:생활방범-451",
        "type": "cctv",
        "name": "생활방범 CCTV · 생활방범-451",
        "address": "자양번영로9길 16-4 (자양동)",
        "purpose": "생활방범",
        "managingAgency": "서울특별시 광진구",
        "sourceDatasetId": "gwangjin-cctv-installations",
        "sourceRecordId": "생활방범-451",
        "sourceUpdatedAt": "2025-09-25T00:00:00+09:00",
        "collectedAt": "2026-09-13T15:06:53.138Z"
      }
    },
    {
      "type": "Feature",
      "id": "gwangjin:cctv:생활방범-453",
      "geometry": {
        "type": "Point",
        "coordinates": [
          127.065873935866,
          37.5368768026845
        ]
      },
      "properties": {
        "id": "gwangjin:cctv:생활방범-453",
        "type": "cctv",
        "name": "생활방범 CCTV · 생활방범-453",
        "address": "뚝섬로27길 19 (자양동)",
        "purpose": "생활방범",
        "managingAgency": "서울특별시 광진구",
        "sourceDatasetId": "gwangjin-cctv-installations",
        "sourceRecordId": "생활방범-453",
        "sourceUpdatedAt": "2025-09-25T00:00:00+09:00",
        "collectedAt": "2026-09-13T15:06:53.138Z"
      }
    },
    {
      "type": "Feature",
      "id": "gwangjin:cctv:생활방범-490",
      "geometry": {
        "type": "Point",
        "coordinates": [
          127.063921588483,
          37.5386649443727
        ]
      },
      "properties": {
        "id": "gwangjin:cctv:생활방범-490",
        "type": "cctv",
        "name": "생활방범 CCTV · 생활방범-490",
        "address": "동일로10가길23 (자양동)",
        "purpose": "생활방범",
        "managingAgency": "서울특별시 광진구",
        "sourceDatasetId": "gwangjin-cctv-installations",
        "sourceRecordId": "생활방범-490",
        "sourceUpdatedAt": "2025-09-25T00:00:00+09:00",
        "collectedAt": "2026-09-13T15:06:53.138Z"
      }
    },
    {
      "type": "Feature",
      "id": "gwangjin:cctv:생활방범-494",
      "geometry": {
        "type": "Point",
        "coordinates": [
          127.067406459596,
          37.5420853729757
        ]
      },
      "properties": {
        "id": "gwangjin:cctv:생활방범-494",
        "type": "cctv",
        "name": "생활방범 CCTV · 생활방범-494",
        "address": "아차산로25길 20-9 (화양동)",
        "purpose": "생활방범",
        "managingAgency": "서울특별시 광진구",
        "sourceDatasetId": "gwangjin-cctv-installations",
        "sourceRecordId": "생활방범-494",
        "sourceUpdatedAt": "2025-09-25T00:00:00+09:00",
        "collectedAt": "2026-09-13T15:06:53.138Z"
      }
    },
    {
      "type": "Feature",
      "id": "gwangjin:cctv:생활방범-495",
      "geometry": {
        "type": "Point",
        "coordinates": [
          127.068791840022,
          37.5475192029928
        ]
      },
      "properties": {
        "id": "gwangjin:cctv:생활방범-495",
        "type": "cctv",
        "name": "생활방범 CCTV · 생활방범-495",
        "address": "동일로 30길 28 (화양동)",
        "purpose": "생활방범",
        "managingAgency": "서울특별시 광진구",
        "sourceDatasetId": "gwangjin-cctv-installations",
        "sourceRecordId": "생활방범-495",
        "sourceUpdatedAt": "2025-09-25T00:00:00+09:00",
        "collectedAt": "2026-09-13T15:06:53.138Z"
      }
    },
    {
      "type": "Feature",
      "id": "gwangjin:cctv:생활방범-502",
      "geometry": {
        "type": "Point",
        "coordinates": [
          127.06918452167,
          37.5411238541279
        ]
      },
      "properties": {
        "id": "gwangjin:cctv:생활방범-502",
        "type": "cctv",
        "name": "생활방범 CCTV · 생활방범-502",
        "address": "동일로22길 89 (화양동)",
        "purpose": "생활방범",
        "managingAgency": "서울특별시 광진구",
        "sourceDatasetId": "gwangjin-cctv-installations",
        "sourceRecordId": "생활방범-502",
        "sourceUpdatedAt": "2025-09-25T00:00:00+09:00",
        "collectedAt": "2026-09-13T15:06:53.138Z"
      }
    },
    {
      "type": "Feature",
      "id": "gwangjin:cctv:생활방범-536",
      "geometry": {
        "type": "Point",
        "coordinates": [
          127.0830124,
          37.54175688
        ]
      },
      "properties": {
        "id": "gwangjin:cctv:생활방범-536",
        "type": "cctv",
        "name": "생활방범 CCTV · 생활방범-536",
        "address": "자양로25길 14-1",
        "purpose": "생활방범",
        "managingAgency": "서울특별시 광진구",
        "sourceDatasetId": "gwangjin-cctv-installations",
        "sourceRecordId": "생활방범-536",
        "sourceUpdatedAt": "2025-09-25T00:00:00+09:00",
        "collectedAt": "2026-09-13T15:06:53.138Z"
      }
    },
    {
      "type": "Feature",
      "id": "gwangjin:cctv:생활방범-546",
      "geometry": {
        "type": "Point",
        "coordinates": [
          127.082347705373,
          37.5389680577255
        ]
      },
      "properties": {
        "id": "gwangjin:cctv:생활방범-546",
        "type": "cctv",
        "name": "생활방범 CCTV · 생활방범-546",
        "address": "자양로 117",
        "purpose": "생활방범",
        "managingAgency": "서울특별시 광진구",
        "sourceDatasetId": "gwangjin-cctv-installations",
        "sourceRecordId": "생활방범-546",
        "sourceUpdatedAt": "2025-09-25T00:00:00+09:00",
        "collectedAt": "2026-09-13T15:06:53.138Z"
      }
    },
    {
      "type": "Feature",
      "id": "gwangjin:cctv:생활방범-554",
      "geometry": {
        "type": "Point",
        "coordinates": [
          127.076345008878,
          37.5356339434254
        ]
      },
      "properties": {
        "id": "gwangjin:cctv:생활방범-554",
        "type": "cctv",
        "name": "생활방범 CCTV · 생활방범-554",
        "address": "자양번영로 7길 3",
        "purpose": "생활방범",
        "managingAgency": "서울특별시 광진구",
        "sourceDatasetId": "gwangjin-cctv-installations",
        "sourceRecordId": "생활방범-554",
        "sourceUpdatedAt": "2025-09-25T00:00:00+09:00",
        "collectedAt": "2026-09-13T15:06:53.138Z"
      }
    },
    {
      "type": "Feature",
      "id": "gwangjin:cctv:생활방범-556",
      "geometry": {
        "type": "Point",
        "coordinates": [
          127.066029723008,
          37.5363969183654
        ]
      },
      "properties": {
        "id": "gwangjin:cctv:생활방범-556",
        "type": "cctv",
        "name": "생활방범 CCTV · 생활방범-556",
        "address": "뚝섬로27길3",
        "purpose": "생활방범",
        "managingAgency": "서울특별시 광진구",
        "sourceDatasetId": "gwangjin-cctv-installations",
        "sourceRecordId": "생활방범-556",
        "sourceUpdatedAt": "2025-09-25T00:00:00+09:00",
        "collectedAt": "2026-09-13T15:06:53.138Z"
      }
    },
    {
      "type": "Feature",
      "id": "gwangjin:cctv:생활방범-557",
      "geometry": {
        "type": "Point",
        "coordinates": [
          127.0648593,
          37.54025349
        ]
      },
      "properties": {
        "id": "gwangjin:cctv:생활방범-557",
        "type": "cctv",
        "name": "생활방범 CCTV · 생활방범-557",
        "address": "아차산로24길 17",
        "purpose": "생활방범",
        "managingAgency": "서울특별시 광진구",
        "sourceDatasetId": "gwangjin-cctv-installations",
        "sourceRecordId": "생활방범-557",
        "sourceUpdatedAt": "2025-09-25T00:00:00+09:00",
        "collectedAt": "2026-09-13T15:06:53.138Z"
      }
    },
    {
      "type": "Feature",
      "id": "gwangjin:cctv:생활방범-558",
      "geometry": {
        "type": "Point",
        "coordinates": [
          127.064502,
          37.54137606
        ]
      },
      "properties": {
        "id": "gwangjin:cctv:생활방범-558",
        "type": "cctv",
        "name": "생활방범 CCTV · 생활방범-558",
        "address": "아차산로192",
        "purpose": "생활방범",
        "managingAgency": "서울특별시 광진구",
        "sourceDatasetId": "gwangjin-cctv-installations",
        "sourceRecordId": "생활방범-558",
        "sourceUpdatedAt": "2025-09-25T00:00:00+09:00",
        "collectedAt": "2026-09-13T15:06:53.138Z"
      }
    },
    {
      "type": "Feature",
      "id": "gwangjin:cctv:생활방범-560",
      "geometry": {
        "type": "Point",
        "coordinates": [
          127.068615,
          37.544717
        ]
      },
      "properties": {
        "id": "gwangjin:cctv:생활방범-560",
        "type": "cctv",
        "name": "생활방범 CCTV · 생활방범-560",
        "address": "동일로26길 47",
        "purpose": "생활방범",
        "managingAgency": "서울특별시 광진구",
        "sourceDatasetId": "gwangjin-cctv-installations",
        "sourceRecordId": "생활방범-560",
        "sourceUpdatedAt": "2025-09-25T00:00:00+09:00",
        "collectedAt": "2026-09-13T15:06:53.138Z"
      }
    },
    {
      "type": "Feature",
      "id": "gwangjin:cctv:생활방범-561",
      "geometry": {
        "type": "Point",
        "coordinates": [
          127.06949995586,
          37.5460319541049
        ]
      },
      "properties": {
        "id": "gwangjin:cctv:생활방범-561",
        "type": "cctv",
        "name": "생활방범 CCTV · 생활방범-561",
        "address": "동일로28길54",
        "purpose": "생활방범",
        "managingAgency": "서울특별시 광진구",
        "sourceDatasetId": "gwangjin-cctv-installations",
        "sourceRecordId": "생활방범-561",
        "sourceUpdatedAt": "2025-09-25T00:00:00+09:00",
        "collectedAt": "2026-09-13T15:06:53.138Z"
      }
    },
    {
      "type": "Feature",
      "id": "gwangjin:cctv:생활방범-562",
      "geometry": {
        "type": "Point",
        "coordinates": [
          127.0668723,
          37.54400535
        ]
      },
      "properties": {
        "id": "gwangjin:cctv:생활방범-562",
        "type": "cctv",
        "name": "생활방범 CCTV · 생활방범-562",
        "address": "아차산로 23길 45",
        "purpose": "생활방범",
        "managingAgency": "서울특별시 광진구",
        "sourceDatasetId": "gwangjin-cctv-installations",
        "sourceRecordId": "생활방범-562",
        "sourceUpdatedAt": "2025-09-25T00:00:00+09:00",
        "collectedAt": "2026-09-13T15:06:53.138Z"
      }
    },
    {
      "type": "Feature",
      "id": "gwangjin:cctv:생활방범-563",
      "geometry": {
        "type": "Point",
        "coordinates": [
          127.0673908,
          37.54663895
        ]
      },
      "properties": {
        "id": "gwangjin:cctv:생활방범-563",
        "type": "cctv",
        "name": "생활방범 CCTV · 생활방범-563",
        "address": "아차산로 21길 109",
        "purpose": "생활방범",
        "managingAgency": "서울특별시 광진구",
        "sourceDatasetId": "gwangjin-cctv-installations",
        "sourceRecordId": "생활방범-563",
        "sourceUpdatedAt": "2025-09-25T00:00:00+09:00",
        "collectedAt": "2026-09-13T15:06:53.138Z"
      }
    },
    {
      "type": "Feature",
      "id": "gwangjin:cctv:생활방범-564",
      "geometry": {
        "type": "Point",
        "coordinates": [
          127.0683673,
          37.54691267
        ]
      },
      "properties": {
        "id": "gwangjin:cctv:생활방범-564",
        "type": "cctv",
        "name": "생활방범 CCTV · 생활방범-564",
        "address": "광나루로 14길 26",
        "purpose": "생활방범",
        "managingAgency": "서울특별시 광진구",
        "sourceDatasetId": "gwangjin-cctv-installations",
        "sourceRecordId": "생활방범-564",
        "sourceUpdatedAt": "2025-09-25T00:00:00+09:00",
        "collectedAt": "2026-09-13T15:06:53.138Z"
      }
    },
    {
      "type": "Feature",
      "id": "gwangjin:cctv:생활방범-565",
      "geometry": {
        "type": "Point",
        "coordinates": [
          127.07375728256,
          37.5448992017272
        ]
      },
      "properties": {
        "id": "gwangjin:cctv:생활방범-565",
        "type": "cctv",
        "name": "생활방범 CCTV · 생활방범-565",
        "address": "능동로 16길 14",
        "purpose": "생활방범",
        "managingAgency": "서울특별시 광진구",
        "sourceDatasetId": "gwangjin-cctv-installations",
        "sourceRecordId": "생활방범-565",
        "sourceUpdatedAt": "2025-09-25T00:00:00+09:00",
        "collectedAt": "2026-09-13T15:06:53.138Z"
      }
    },
    {
      "type": "Feature",
      "id": "gwangjin:cctv:생활방범-578",
      "geometry": {
        "type": "Point",
        "coordinates": [
          127.07189,
          37.54895
        ]
      },
      "properties": {
        "id": "gwangjin:cctv:생활방범-578",
        "type": "cctv",
        "name": "생활방범 CCTV · 생활방범-578",
        "address": "군자로10길22",
        "purpose": "생활방범",
        "managingAgency": "서울특별시 광진구",
        "sourceDatasetId": "gwangjin-cctv-installations",
        "sourceRecordId": "생활방범-578",
        "sourceUpdatedAt": "2025-09-25T00:00:00+09:00",
        "collectedAt": "2026-09-13T15:06:53.138Z"
      }
    },
    {
      "type": "Feature",
      "id": "gwangjin:cctv:생활방범-580",
      "geometry": {
        "type": "Point",
        "coordinates": [
          127.07265,
          37.54984
        ]
      },
      "properties": {
        "id": "gwangjin:cctv:생활방범-580",
        "type": "cctv",
        "name": "생활방범 CCTV · 생활방범-580",
        "address": "광나루로 19길51",
        "purpose": "생활방범",
        "managingAgency": "서울특별시 광진구",
        "sourceDatasetId": "gwangjin-cctv-installations",
        "sourceRecordId": "생활방범-580",
        "sourceUpdatedAt": "2025-09-25T00:00:00+09:00",
        "collectedAt": "2026-09-13T15:06:53.138Z"
      }
    },
    {
      "type": "Feature",
      "id": "gwangjin:cctv:생활방범-581",
      "geometry": {
        "type": "Point",
        "coordinates": [
          127.0733,
          37.54905
        ]
      },
      "properties": {
        "id": "gwangjin:cctv:생활방범-581",
        "type": "cctv",
        "name": "생활방범 CCTV · 생활방범-581",
        "address": "광나루로19길 31",
        "purpose": "생활방범",
        "managingAgency": "서울특별시 광진구",
        "sourceDatasetId": "gwangjin-cctv-installations",
        "sourceRecordId": "생활방범-581",
        "sourceUpdatedAt": "2025-09-25T00:00:00+09:00",
        "collectedAt": "2026-09-13T15:06:53.138Z"
      }
    },
    {
      "type": "Feature",
      "id": "gwangjin:cctv:생활방범-582",
      "geometry": {
        "type": "Point",
        "coordinates": [
          127.069196853912,
          37.5468954647253
        ]
      },
      "properties": {
        "id": "gwangjin:cctv:생활방범-582",
        "type": "cctv",
        "name": "생활방범 CCTV · 생활방범-582",
        "address": "광나루로 16길 18",
        "purpose": "생활방범",
        "managingAgency": "서울특별시 광진구",
        "sourceDatasetId": "gwangjin-cctv-installations",
        "sourceRecordId": "생활방범-582",
        "sourceUpdatedAt": "2025-09-25T00:00:00+09:00",
        "collectedAt": "2026-09-13T15:06:53.138Z"
      }
    },
    {
      "type": "Feature",
      "id": "gwangjin:cctv:생활방범-583",
      "geometry": {
        "type": "Point",
        "coordinates": [
          127.07027,
          37.54714
        ]
      },
      "properties": {
        "id": "gwangjin:cctv:생활방범-583",
        "type": "cctv",
        "name": "생활방범 CCTV · 생활방범-583",
        "address": "군자로 43",
        "purpose": "생활방범",
        "managingAgency": "서울특별시 광진구",
        "sourceDatasetId": "gwangjin-cctv-installations",
        "sourceRecordId": "생활방범-583",
        "sourceUpdatedAt": "2025-09-25T00:00:00+09:00",
        "collectedAt": "2026-09-13T15:06:53.138Z"
      }
    },
    {
      "type": "Feature",
      "id": "gwangjin:cctv:생활방범-584",
      "geometry": {
        "type": "Point",
        "coordinates": [
          127.07297,
          37.54619
        ]
      },
      "properties": {
        "id": "gwangjin:cctv:생활방범-584",
        "type": "cctv",
        "name": "생활방범 CCTV · 생활방범-584",
        "address": "능동로 17길 6",
        "purpose": "생활방범",
        "managingAgency": "서울특별시 광진구",
        "sourceDatasetId": "gwangjin-cctv-installations",
        "sourceRecordId": "생활방범-584",
        "sourceUpdatedAt": "2025-09-25T00:00:00+09:00",
        "collectedAt": "2026-09-13T15:06:53.138Z"
      }
    },
    {
      "type": "Feature",
      "id": "gwangjin:cctv:생활방범-585",
      "geometry": {
        "type": "Point",
        "coordinates": [
          127.069511490727,
          37.5448887201148
        ]
      },
      "properties": {
        "id": "gwangjin:cctv:생활방범-585",
        "type": "cctv",
        "name": "생활방범 CCTV · 생활방범-585",
        "address": "군자로 5길 29",
        "purpose": "생활방범",
        "managingAgency": "서울특별시 광진구",
        "sourceDatasetId": "gwangjin-cctv-installations",
        "sourceRecordId": "생활방범-585",
        "sourceUpdatedAt": "2025-09-25T00:00:00+09:00",
        "collectedAt": "2026-09-13T15:06:53.138Z"
      }
    },
    {
      "type": "Feature",
      "id": "gwangjin:cctv:생활방범-586",
      "geometry": {
        "type": "Point",
        "coordinates": [
          127.0704,
          37.54341
        ]
      },
      "properties": {
        "id": "gwangjin:cctv:생활방범-586",
        "type": "cctv",
        "name": "생활방범 CCTV · 생활방범-586",
        "address": "능동로 13길 39",
        "purpose": "생활방범",
        "managingAgency": "서울특별시 광진구",
        "sourceDatasetId": "gwangjin-cctv-installations",
        "sourceRecordId": "생활방범-586",
        "sourceUpdatedAt": "2025-09-25T00:00:00+09:00",
        "collectedAt": "2026-09-13T15:06:53.138Z"
      }
    },
    {
      "type": "Feature",
      "id": "gwangjin:cctv:생활방범-587",
      "geometry": {
        "type": "Point",
        "coordinates": [
          127.06813,
          37.54642
        ]
      },
      "properties": {
        "id": "gwangjin:cctv:생활방범-587",
        "type": "cctv",
        "name": "생활방범 CCTV · 생활방범-587",
        "address": "광나루로 14길 31",
        "purpose": "생활방범",
        "managingAgency": "서울특별시 광진구",
        "sourceDatasetId": "gwangjin-cctv-installations",
        "sourceRecordId": "생활방범-587",
        "sourceUpdatedAt": "2025-09-25T00:00:00+09:00",
        "collectedAt": "2026-09-13T15:06:53.138Z"
      }
    },
    {
      "type": "Feature",
      "id": "gwangjin:cctv:생활방범-588",
      "geometry": {
        "type": "Point",
        "coordinates": [
          127.07568773072,
          37.5390386571399
        ]
      },
      "properties": {
        "id": "gwangjin:cctv:생활방범-588",
        "type": "cctv",
        "name": "생활방범 CCTV · 생활방범-588",
        "address": "아차산로39길 36",
        "purpose": "생활방범",
        "managingAgency": "서울특별시 광진구",
        "sourceDatasetId": "gwangjin-cctv-installations",
        "sourceRecordId": "생활방범-588",
        "sourceUpdatedAt": "2025-09-25T00:00:00+09:00",
        "collectedAt": "2026-09-13T15:06:53.138Z"
      }
    },
    {
      "type": "Feature",
      "id": "gwangjin:cctv:생활방범-594",
      "geometry": {
        "type": "Point",
        "coordinates": [
          127.066689,
          37.545392
        ]
      },
      "properties": {
        "id": "gwangjin:cctv:생활방범-594",
        "type": "cctv",
        "name": "생활방범 CCTV · 생활방범-594",
        "address": "동일로 26길 9",
        "purpose": "생활방범",
        "managingAgency": "서울특별시 광진구",
        "sourceDatasetId": "gwangjin-cctv-installations",
        "sourceRecordId": "생활방범-594",
        "sourceUpdatedAt": "2025-09-25T00:00:00+09:00",
        "collectedAt": "2026-09-13T15:06:53.138Z"
      }
    },
    {
      "type": "Feature",
      "id": "gwangjin:cctv:생활방범-610",
      "geometry": {
        "type": "Point",
        "coordinates": [
          127.079754,
          37.535732
        ]
      },
      "properties": {
        "id": "gwangjin:cctv:생활방범-610",
        "type": "cctv",
        "name": "생활방범 CCTV · 생활방범-610",
        "address": "아차산로44가길 16",
        "purpose": "생활방범",
        "managingAgency": "서울특별시 광진구",
        "sourceDatasetId": "gwangjin-cctv-installations",
        "sourceRecordId": "생활방범-610",
        "sourceUpdatedAt": "2025-09-25T00:00:00+09:00",
        "collectedAt": "2026-09-13T15:06:53.138Z"
      }
    },
    {
      "type": "Feature",
      "id": "gwangjin:cctv:생활방범-612",
      "geometry": {
        "type": "Point",
        "coordinates": [
          127.069929,
          37.536428
        ]
      },
      "properties": {
        "id": "gwangjin:cctv:생활방범-612",
        "type": "cctv",
        "name": "생활방범 CCTV · 생활방범-612",
        "address": "뚝섬로33길 34",
        "purpose": "생활방범",
        "managingAgency": "서울특별시 광진구",
        "sourceDatasetId": "gwangjin-cctv-installations",
        "sourceRecordId": "생활방범-612",
        "sourceUpdatedAt": "2025-09-25T00:00:00+09:00",
        "collectedAt": "2026-09-13T15:06:53.138Z"
      }
    },
    {
      "type": "Feature",
      "id": "gwangjin:cctv:생활방범-613",
      "geometry": {
        "type": "Point",
        "coordinates": [
          127.066225,
          37.544548
        ]
      },
      "properties": {
        "id": "gwangjin:cctv:생활방범-613",
        "type": "cctv",
        "name": "생활방범 CCTV · 생활방범-613",
        "address": "아차산로21길 62",
        "purpose": "생활방범",
        "managingAgency": "서울특별시 광진구",
        "sourceDatasetId": "gwangjin-cctv-installations",
        "sourceRecordId": "생활방범-613",
        "sourceUpdatedAt": "2025-09-25T00:00:00+09:00",
        "collectedAt": "2026-09-13T15:06:53.138Z"
      }
    },
    {
      "type": "Feature",
      "id": "gwangjin:cctv:생활방범-616",
      "geometry": {
        "type": "Point",
        "coordinates": [
          127.0751861,
          37.54922824
        ]
      },
      "properties": {
        "id": "gwangjin:cctv:생활방범-616",
        "type": "cctv",
        "name": "생활방범 CCTV · 생활방범-616",
        "address": "군자로 114",
        "purpose": "생활방범",
        "managingAgency": "서울특별시 광진구",
        "sourceDatasetId": "gwangjin-cctv-installations",
        "sourceRecordId": "생활방범-616",
        "sourceUpdatedAt": "2025-09-25T00:00:00+09:00",
        "collectedAt": "2026-09-13T15:06:53.138Z"
      }
    },
    {
      "type": "Feature",
      "id": "gwangjin:cctv:생활방범-617",
      "geometry": {
        "type": "Point",
        "coordinates": [
          127.075242367697,
          37.5393643435026
        ]
      },
      "properties": {
        "id": "gwangjin:cctv:생활방범-617",
        "type": "cctv",
        "name": "생활방범 CCTV · 생활방범-617",
        "address": "아차산로39길 38-7",
        "purpose": "생활방범",
        "managingAgency": "서울특별시 광진구",
        "sourceDatasetId": "gwangjin-cctv-installations",
        "sourceRecordId": "생활방범-617",
        "sourceUpdatedAt": "2025-09-25T00:00:00+09:00",
        "collectedAt": "2026-09-13T15:06:53.138Z"
      }
    },
    {
      "type": "Feature",
      "id": "gwangjin:cctv:생활방범-618",
      "geometry": {
        "type": "Point",
        "coordinates": [
          127.0767517,
          37.5392374
        ]
      },
      "properties": {
        "id": "gwangjin:cctv:생활방범-618",
        "type": "cctv",
        "name": "생활방범 CCTV · 생활방범-618",
        "address": "아차산로39가길 8",
        "purpose": "생활방범",
        "managingAgency": "서울특별시 광진구",
        "sourceDatasetId": "gwangjin-cctv-installations",
        "sourceRecordId": "생활방범-618",
        "sourceUpdatedAt": "2025-09-25T00:00:00+09:00",
        "collectedAt": "2026-09-13T15:06:53.138Z"
      }
    },
    {
      "type": "Feature",
      "id": "gwangjin:cctv:생활방범-631",
      "geometry": {
        "type": "Point",
        "coordinates": [
          127.0725319,
          37.53405481
        ]
      },
      "properties": {
        "id": "gwangjin:cctv:생활방범-631",
        "type": "cctv",
        "name": "생활방범 CCTV · 생활방범-631",
        "address": "뚝섬로 561",
        "purpose": "생활방범",
        "managingAgency": "서울특별시 광진구",
        "sourceDatasetId": "gwangjin-cctv-installations",
        "sourceRecordId": "생활방범-631",
        "sourceUpdatedAt": "2025-09-25T00:00:00+09:00",
        "collectedAt": "2026-09-13T15:06:53.138Z"
      }
    },
    {
      "type": "Feature",
      "id": "gwangjin:cctv:생활방범-637",
      "geometry": {
        "type": "Point",
        "coordinates": [
          127.0743948,
          37.53583538
        ]
      },
      "properties": {
        "id": "gwangjin:cctv:생활방범-637",
        "type": "cctv",
        "name": "생활방범 CCTV · 생활방범-637",
        "address": "자양동 783-2",
        "purpose": "생활방범",
        "managingAgency": "서울특별시 광진구",
        "sourceDatasetId": "gwangjin-cctv-installations",
        "sourceRecordId": "생활방범-637",
        "sourceUpdatedAt": "2025-09-25T00:00:00+09:00",
        "collectedAt": "2026-09-13T15:06:53.138Z"
      }
    },
    {
      "type": "Feature",
      "id": "gwangjin:cctv:생활방범-640",
      "geometry": {
        "type": "Point",
        "coordinates": [
          127.080371,
          37.54314984
        ]
      },
      "properties": {
        "id": "gwangjin:cctv:생활방범-640",
        "type": "cctv",
        "name": "생활방범 CCTV · 생활방범-640",
        "address": "광나루로30길 80",
        "purpose": "생활방범",
        "managingAgency": "서울특별시 광진구",
        "sourceDatasetId": "gwangjin-cctv-installations",
        "sourceRecordId": "생활방범-640",
        "sourceUpdatedAt": "2025-09-25T00:00:00+09:00",
        "collectedAt": "2026-09-13T15:06:53.138Z"
      }
    },
    {
      "type": "Feature",
      "id": "gwangjin:cctv:생활방범-643",
      "geometry": {
        "type": "Point",
        "coordinates": [
          127.07084159,
          37.54127961
        ]
      },
      "properties": {
        "id": "gwangjin:cctv:생활방범-643",
        "type": "cctv",
        "name": "생활방범 CCTV · 생활방범-643",
        "address": "동일로22길 117-20",
        "purpose": "생활방범",
        "managingAgency": "서울특별시 광진구",
        "sourceDatasetId": "gwangjin-cctv-installations",
        "sourceRecordId": "생활방범-643",
        "sourceUpdatedAt": "2025-09-25T00:00:00+09:00",
        "collectedAt": "2026-09-13T15:06:53.138Z"
      }
    },
    {
      "type": "Feature",
      "id": "gwangjin:cctv:생활방범-644",
      "geometry": {
        "type": "Point",
        "coordinates": [
          127.06899413,
          37.5440693
        ]
      },
      "properties": {
        "id": "gwangjin:cctv:생활방범-644",
        "type": "cctv",
        "name": "생활방범 CCTV · 생활방범-644",
        "address": "아차산로27길 60",
        "purpose": "생활방범",
        "managingAgency": "서울특별시 광진구",
        "sourceDatasetId": "gwangjin-cctv-installations",
        "sourceRecordId": "생활방범-644",
        "sourceUpdatedAt": "2025-09-25T00:00:00+09:00",
        "collectedAt": "2026-09-13T15:06:53.138Z"
      }
    },
    {
      "type": "Feature",
      "id": "gwangjin:cctv:생활방범-645",
      "geometry": {
        "type": "Point",
        "coordinates": [
          127.07055484,
          37.54017155
        ]
      },
      "properties": {
        "id": "gwangjin:cctv:생활방범-645",
        "type": "cctv",
        "name": "생활방범 CCTV · 생활방범-645",
        "address": "능동로103",
        "purpose": "생활방범",
        "managingAgency": "서울특별시 광진구",
        "sourceDatasetId": "gwangjin-cctv-installations",
        "sourceRecordId": "생활방범-645",
        "sourceUpdatedAt": "2025-09-25T00:00:00+09:00",
        "collectedAt": "2026-09-13T15:06:53.138Z"
      }
    },
    {
      "type": "Feature",
      "id": "gwangjin:cctv:생활방범-646",
      "geometry": {
        "type": "Point",
        "coordinates": [
          127.06802815,
          37.542617
        ]
      },
      "properties": {
        "id": "gwangjin:cctv:생활방범-646",
        "type": "cctv",
        "name": "생활방범 CCTV · 생활방범-646",
        "address": "아차산로27길 20",
        "purpose": "생활방범",
        "managingAgency": "서울특별시 광진구",
        "sourceDatasetId": "gwangjin-cctv-installations",
        "sourceRecordId": "생활방범-646",
        "sourceUpdatedAt": "2025-09-25T00:00:00+09:00",
        "collectedAt": "2026-09-13T15:06:53.138Z"
      }
    },
    {
      "type": "Feature",
      "id": "gwangjin:cctv:생활방범-647",
      "geometry": {
        "type": "Point",
        "coordinates": [
          127.07553647,
          37.54597091
        ]
      },
      "properties": {
        "id": "gwangjin:cctv:생활방범-647",
        "type": "cctv",
        "name": "생활방범 CCTV · 생활방범-647",
        "address": "광나루로22가길 12",
        "purpose": "생활방범",
        "managingAgency": "서울특별시 광진구",
        "sourceDatasetId": "gwangjin-cctv-installations",
        "sourceRecordId": "생활방범-647",
        "sourceUpdatedAt": "2025-09-25T00:00:00+09:00",
        "collectedAt": "2026-09-13T15:06:53.138Z"
      }
    },
    {
      "type": "Feature",
      "id": "gwangjin:cctv:생활방범-648",
      "geometry": {
        "type": "Point",
        "coordinates": [
          127.06614472,
          37.54327579
        ]
      },
      "properties": {
        "id": "gwangjin:cctv:생활방범-648",
        "type": "cctv",
        "name": "생활방범 CCTV · 생활방범-648",
        "address": "아차산로23길 23-5",
        "purpose": "생활방범",
        "managingAgency": "서울특별시 광진구",
        "sourceDatasetId": "gwangjin-cctv-installations",
        "sourceRecordId": "생활방범-648",
        "sourceUpdatedAt": "2025-09-25T00:00:00+09:00",
        "collectedAt": "2026-09-13T15:06:53.138Z"
      }
    },
    {
      "type": "Feature",
      "id": "gwangjin:cctv:생활방범-649",
      "geometry": {
        "type": "Point",
        "coordinates": [
          127.07174844,
          37.54593948
        ]
      },
      "properties": {
        "id": "gwangjin:cctv:생활방범-649",
        "type": "cctv",
        "name": "생활방범 CCTV · 생활방범-649",
        "address": "군자로6길 20",
        "purpose": "생활방범",
        "managingAgency": "서울특별시 광진구",
        "sourceDatasetId": "gwangjin-cctv-installations",
        "sourceRecordId": "생활방범-649",
        "sourceUpdatedAt": "2025-09-25T00:00:00+09:00",
        "collectedAt": "2026-09-13T15:06:53.138Z"
      }
    },
    {
      "type": "Feature",
      "id": "gwangjin:cctv:생활방범-650",
      "geometry": {
        "type": "Point",
        "coordinates": [
          127.07230563,
          37.54581075
        ]
      },
      "properties": {
        "id": "gwangjin:cctv:생활방범-650",
        "type": "cctv",
        "name": "생활방범 CCTV · 생활방범-650",
        "address": "군자로6길 51",
        "purpose": "생활방범",
        "managingAgency": "서울특별시 광진구",
        "sourceDatasetId": "gwangjin-cctv-installations",
        "sourceRecordId": "생활방범-650",
        "sourceUpdatedAt": "2025-09-25T00:00:00+09:00",
        "collectedAt": "2026-09-13T15:06:53.138Z"
      }
    },
    {
      "type": "Feature",
      "id": "gwangjin:cctv:생활방범-672",
      "geometry": {
        "type": "Point",
        "coordinates": [
          127.067335,
          37.536127
        ]
      },
      "properties": {
        "id": "gwangjin:cctv:생활방범-672",
        "type": "cctv",
        "name": "생활방범 CCTV · 생활방범-672",
        "address": "뚝섬로31가길 12",
        "purpose": "생활방범",
        "managingAgency": "서울특별시 광진구",
        "sourceDatasetId": "gwangjin-cctv-installations",
        "sourceRecordId": "생활방범-672",
        "sourceUpdatedAt": "2025-09-25T00:00:00+09:00",
        "collectedAt": "2026-09-13T15:06:53.138Z"
      }
    },
    {
      "type": "Feature",
      "id": "gwangjin:cctv:생활방범-673",
      "geometry": {
        "type": "Point",
        "coordinates": [
          127.079736426984,
          37.5350574252968
        ]
      },
      "properties": {
        "id": "gwangjin:cctv:생활방범-673",
        "type": "cctv",
        "name": "생활방범 CCTV · 생활방범-673",
        "address": "자양로15길 72",
        "purpose": "생활방범",
        "managingAgency": "서울특별시 광진구",
        "sourceDatasetId": "gwangjin-cctv-installations",
        "sourceRecordId": "생활방범-673",
        "sourceUpdatedAt": "2025-09-25T00:00:00+09:00",
        "collectedAt": "2026-09-13T15:06:53.138Z"
      }
    },
    {
      "type": "Feature",
      "id": "gwangjin:cctv:생활방범-675",
      "geometry": {
        "type": "Point",
        "coordinates": [
          127.071518639256,
          37.5444844214641
        ]
      },
      "properties": {
        "id": "gwangjin:cctv:생활방범-675",
        "type": "cctv",
        "name": "생활방범 CCTV · 생활방범-675",
        "address": "군자로2길 4",
        "purpose": "생활방범",
        "managingAgency": "서울특별시 광진구",
        "sourceDatasetId": "gwangjin-cctv-installations",
        "sourceRecordId": "생활방범-675",
        "sourceUpdatedAt": "2025-09-25T00:00:00+09:00",
        "collectedAt": "2026-09-13T15:06:53.138Z"
      }
    },
    {
      "type": "Feature",
      "id": "gwangjin:cctv:생활방범-684",
      "geometry": {
        "type": "Point",
        "coordinates": [
          127.068920885793,
          37.5491004808719
        ]
      },
      "properties": {
        "id": "gwangjin:cctv:생활방범-684",
        "type": "cctv",
        "name": "생활방범 CCTV · 생활방범-684",
        "address": "동일로32길 14-6",
        "purpose": "생활방범",
        "managingAgency": "서울특별시 광진구",
        "sourceDatasetId": "gwangjin-cctv-installations",
        "sourceRecordId": "생활방범-684",
        "sourceUpdatedAt": "2025-09-25T00:00:00+09:00",
        "collectedAt": "2026-09-13T15:06:53.138Z"
      }
    },
    {
      "type": "Feature",
      "id": "gwangjin:cctv:생활방범-686",
      "geometry": {
        "type": "Point",
        "coordinates": [
          127.0702113,
          37.54029476
        ]
      },
      "properties": {
        "id": "gwangjin:cctv:생활방범-686",
        "type": "cctv",
        "name": "생활방범 CCTV · 생활방범-686",
        "address": "아차산로 241",
        "purpose": "생활방범",
        "managingAgency": "서울특별시 광진구",
        "sourceDatasetId": "gwangjin-cctv-installations",
        "sourceRecordId": "생활방범-686",
        "sourceUpdatedAt": "2025-09-25T00:00:00+09:00",
        "collectedAt": "2026-09-13T15:06:53.138Z"
      }
    },
    {
      "type": "Feature",
      "id": "gwangjin:cctv:생활방범-690",
      "geometry": {
        "type": "Point",
        "coordinates": [
          127.083400040597,
          37.5394982452134
        ]
      },
      "properties": {
        "id": "gwangjin:cctv:생활방범-690",
        "type": "cctv",
        "name": "생활방범 CCTV · 생활방범-690",
        "address": "자양로 130",
        "purpose": "생활방범",
        "managingAgency": "서울특별시 광진구",
        "sourceDatasetId": "gwangjin-cctv-installations",
        "sourceRecordId": "생활방범-690",
        "sourceUpdatedAt": "2025-09-25T00:00:00+09:00",
        "collectedAt": "2026-09-13T15:06:53.138Z"
      }
    },
    {
      "type": "Feature",
      "id": "gwangjin:cctv:생활방범-691",
      "geometry": {
        "type": "Point",
        "coordinates": [
          127.0659059,
          37.53866957
        ]
      },
      "properties": {
        "id": "gwangjin:cctv:생활방범-691",
        "type": "cctv",
        "name": "생활방범 CCTV · 생활방범-691",
        "address": "뚝섬로23가길 35",
        "purpose": "생활방범",
        "managingAgency": "서울특별시 광진구",
        "sourceDatasetId": "gwangjin-cctv-installations",
        "sourceRecordId": "생활방범-691",
        "sourceUpdatedAt": "2025-09-25T00:00:00+09:00",
        "collectedAt": "2026-09-13T15:06:53.138Z"
      }
    },
    {
      "type": "Feature",
      "id": "gwangjin:cctv:생활방범-692",
      "geometry": {
        "type": "Point",
        "coordinates": [
          127.0675551,
          37.53564578
        ]
      },
      "properties": {
        "id": "gwangjin:cctv:생활방범-692",
        "type": "cctv",
        "name": "생활방범 CCTV · 생활방범-692",
        "address": "뚝섬로 515",
        "purpose": "생활방범",
        "managingAgency": "서울특별시 광진구",
        "sourceDatasetId": "gwangjin-cctv-installations",
        "sourceRecordId": "생활방범-692",
        "sourceUpdatedAt": "2025-09-25T00:00:00+09:00",
        "collectedAt": "2026-09-13T15:06:53.138Z"
      }
    },
    {
      "type": "Feature",
      "id": "gwangjin:cctv:생활방범-693",
      "geometry": {
        "type": "Point",
        "coordinates": [
          127.0686083,
          37.54900474
        ]
      },
      "properties": {
        "id": "gwangjin:cctv:생활방범-693",
        "type": "cctv",
        "name": "생활방범 CCTV · 생활방범-693",
        "address": "광나루로13길 16",
        "purpose": "생활방범",
        "managingAgency": "서울특별시 광진구",
        "sourceDatasetId": "gwangjin-cctv-installations",
        "sourceRecordId": "생활방범-693",
        "sourceUpdatedAt": "2025-09-25T00:00:00+09:00",
        "collectedAt": "2026-09-13T15:06:53.138Z"
      }
    },
    {
      "type": "Feature",
      "id": "gwangjin:cctv:생활방범-694",
      "geometry": {
        "type": "Point",
        "coordinates": [
          127.0731336,
          37.5448732
        ]
      },
      "properties": {
        "id": "gwangjin:cctv:생활방범-694",
        "type": "cctv",
        "name": "생활방범 CCTV · 생활방범-694",
        "address": "능동로 160",
        "purpose": "생활방범",
        "managingAgency": "서울특별시 광진구",
        "sourceDatasetId": "gwangjin-cctv-installations",
        "sourceRecordId": "생활방범-694",
        "sourceUpdatedAt": "2025-09-25T00:00:00+09:00",
        "collectedAt": "2026-09-13T15:06:53.138Z"
      }
    },
    {
      "type": "Feature",
      "id": "gwangjin:cctv:생활방범-695",
      "geometry": {
        "type": "Point",
        "coordinates": [
          127.07328,
          37.54705353
        ]
      },
      "properties": {
        "id": "gwangjin:cctv:생활방범-695",
        "type": "cctv",
        "name": "생활방범 CCTV · 생활방범-695",
        "address": "능동로19길 10",
        "purpose": "생활방범",
        "managingAgency": "서울특별시 광진구",
        "sourceDatasetId": "gwangjin-cctv-installations",
        "sourceRecordId": "생활방범-695",
        "sourceUpdatedAt": "2025-09-25T00:00:00+09:00",
        "collectedAt": "2026-09-13T15:06:53.138Z"
      }
    },
    {
      "type": "Feature",
      "id": "gwangjin:cctv:생활방범-696",
      "geometry": {
        "type": "Point",
        "coordinates": [
          127.076286930659,
          37.5461282197714
        ]
      },
      "properties": {
        "id": "gwangjin:cctv:생활방범-696",
        "type": "cctv",
        "name": "생활방범 CCTV · 생활방범-696",
        "address": "광나루로 424",
        "purpose": "생활방범",
        "managingAgency": "서울특별시 광진구",
        "sourceDatasetId": "gwangjin-cctv-installations",
        "sourceRecordId": "생활방범-696",
        "sourceUpdatedAt": "2025-09-25T00:00:00+09:00",
        "collectedAt": "2026-09-13T15:06:53.138Z"
      }
    },
    {
      "type": "Feature",
      "id": "gwangjin:cctv:생활방범-698",
      "geometry": {
        "type": "Point",
        "coordinates": [
          127.0770389,
          37.53800059
        ]
      },
      "properties": {
        "id": "gwangjin:cctv:생활방범-698",
        "type": "cctv",
        "name": "생활방범 CCTV · 생활방범-698",
        "address": "아차산로 306",
        "purpose": "생활방범",
        "managingAgency": "서울특별시 광진구",
        "sourceDatasetId": "gwangjin-cctv-installations",
        "sourceRecordId": "생활방범-698",
        "sourceUpdatedAt": "2025-09-25T00:00:00+09:00",
        "collectedAt": "2026-09-13T15:06:53.138Z"
      }
    },
    {
      "type": "Feature",
      "id": "gwangjin:cctv:생활방범-699",
      "geometry": {
        "type": "Point",
        "coordinates": [
          127.0826359,
          37.5422225
        ]
      },
      "properties": {
        "id": "gwangjin:cctv:생활방범-699",
        "type": "cctv",
        "name": "생활방범 CCTV · 생활방범-699",
        "address": "자양로23나길 7",
        "purpose": "생활방범",
        "managingAgency": "서울특별시 광진구",
        "sourceDatasetId": "gwangjin-cctv-installations",
        "sourceRecordId": "생활방범-699",
        "sourceUpdatedAt": "2025-09-25T00:00:00+09:00",
        "collectedAt": "2026-09-13T15:06:53.138Z"
      }
    },
    {
      "type": "Feature",
      "id": "gwangjin:cctv:생활방범-711",
      "geometry": {
        "type": "Point",
        "coordinates": [
          127.0645488,
          37.53615653
        ]
      },
      "properties": {
        "id": "gwangjin:cctv:생활방범-711",
        "type": "cctv",
        "name": "생활방범 CCTV · 생활방범-711",
        "address": "뚝섬로26길 5",
        "purpose": "생활방범",
        "managingAgency": "서울특별시 광진구",
        "sourceDatasetId": "gwangjin-cctv-installations",
        "sourceRecordId": "생활방범-711",
        "sourceUpdatedAt": "2025-09-25T00:00:00+09:00",
        "collectedAt": "2026-09-13T15:06:53.138Z"
      }
    },
    {
      "type": "Feature",
      "id": "gwangjin:cctv:생활방범-721",
      "geometry": {
        "type": "Point",
        "coordinates": [
          127.078024367531,
          37.5384959231147
        ]
      },
      "properties": {
        "id": "gwangjin:cctv:생활방범-721",
        "type": "cctv",
        "name": "생활방범 CCTV · 생활방범-721",
        "address": "아차산로41가길 10",
        "purpose": "생활방범",
        "managingAgency": "서울특별시 광진구",
        "sourceDatasetId": "gwangjin-cctv-installations",
        "sourceRecordId": "생활방범-721",
        "sourceUpdatedAt": "2025-09-25T00:00:00+09:00",
        "collectedAt": "2026-09-13T15:06:53.138Z"
      }
    },
    {
      "type": "Feature",
      "id": "gwangjin:cctv:생활방범-724",
      "geometry": {
        "type": "Point",
        "coordinates": [
          127.079434839653,
          37.5381611743708
        ]
      },
      "properties": {
        "id": "gwangjin:cctv:생활방범-724",
        "type": "cctv",
        "name": "생활방범 CCTV · 생활방범-724",
        "address": "아차산로 327-12",
        "purpose": "생활방범",
        "managingAgency": "서울특별시 광진구",
        "sourceDatasetId": "gwangjin-cctv-installations",
        "sourceRecordId": "생활방범-724",
        "sourceUpdatedAt": "2025-09-25T00:00:00+09:00",
        "collectedAt": "2026-09-13T15:06:53.138Z"
      }
    },
    {
      "type": "Feature",
      "id": "gwangjin:cctv:생활방범-730",
      "geometry": {
        "type": "Point",
        "coordinates": [
          127.069911,
          37.549273
        ]
      },
      "properties": {
        "id": "gwangjin:cctv:생활방범-730",
        "type": "cctv",
        "name": "생활방범 CCTV · 생활방범-730",
        "address": "군자로9길 14",
        "purpose": "생활방범",
        "managingAgency": "서울특별시 광진구",
        "sourceDatasetId": "gwangjin-cctv-installations",
        "sourceRecordId": "생활방범-730",
        "sourceUpdatedAt": "2025-09-25T00:00:00+09:00",
        "collectedAt": "2026-09-13T15:06:53.138Z"
      }
    },
    {
      "type": "Feature",
      "id": "gwangjin:cctv:어린이-027",
      "geometry": {
        "type": "Point",
        "coordinates": [
          127.081486444431,
          37.5433591127113
        ]
      },
      "properties": {
        "id": "gwangjin:cctv:어린이-027",
        "type": "cctv",
        "name": "어린이보호 CCTV · 어린이-027",
        "address": "광나루로30다길 3 (구의동)",
        "purpose": "어린이보호",
        "managingAgency": "서울특별시 광진구",
        "sourceDatasetId": "gwangjin-cctv-installations",
        "sourceRecordId": "어린이-027",
        "sourceUpdatedAt": "2025-09-25T00:00:00+09:00",
        "collectedAt": "2026-09-13T15:06:53.138Z"
      }
    },
    {
      "type": "Feature",
      "id": "gwangjin:cctv:어린이-028",
      "geometry": {
        "type": "Point",
        "coordinates": [
          127.081639895468,
          37.5419991143074
        ]
      },
      "properties": {
        "id": "gwangjin:cctv:어린이-028",
        "type": "cctv",
        "name": "어린이보호 CCTV · 어린이-028",
        "address": "자양로23가길 16 (구의동)",
        "purpose": "어린이보호",
        "managingAgency": "서울특별시 광진구",
        "sourceDatasetId": "gwangjin-cctv-installations",
        "sourceRecordId": "어린이-028",
        "sourceUpdatedAt": "2025-09-25T00:00:00+09:00",
        "collectedAt": "2026-09-13T15:06:53.138Z"
      }
    },
    {
      "type": "Feature",
      "id": "gwangjin:cctv:어린이-029",
      "geometry": {
        "type": "Point",
        "coordinates": [
          127.08242536086,
          37.5415650476903
        ]
      },
      "properties": {
        "id": "gwangjin:cctv:어린이-029",
        "type": "cctv",
        "name": "어린이보호 CCTV · 어린이-029",
        "address": "자양로23길 21 (구의동)",
        "purpose": "어린이보호",
        "managingAgency": "서울특별시 광진구",
        "sourceDatasetId": "gwangjin-cctv-installations",
        "sourceRecordId": "어린이-029",
        "sourceUpdatedAt": "2025-09-25T00:00:00+09:00",
        "collectedAt": "2026-09-13T15:06:53.138Z"
      }
    },
    {
      "type": "Feature",
      "id": "gwangjin:cctv:어린이-080",
      "geometry": {
        "type": "Point",
        "coordinates": [
          127.0709338,
          37.54979879
        ]
      },
      "properties": {
        "id": "gwangjin:cctv:어린이-080",
        "type": "cctv",
        "name": "어린이보호 CCTV · 어린이-080",
        "address": "군자로 70 화양슈퍼 코너",
        "purpose": "어린이보호",
        "managingAgency": "서울특별시 광진구",
        "sourceDatasetId": "gwangjin-cctv-installations",
        "sourceRecordId": "어린이-080",
        "sourceUpdatedAt": "2025-09-25T00:00:00+09:00",
        "collectedAt": "2026-09-13T15:06:53.138Z"
      }
    },
    {
      "type": "Feature",
      "id": "gwangjin:cctv:어린이-087",
      "geometry": {
        "type": "Point",
        "coordinates": [
          127.083168295863,
          37.5413117147583
        ]
      },
      "properties": {
        "id": "gwangjin:cctv:어린이-087",
        "type": "cctv",
        "name": "어린이보호 CCTV · 어린이-087",
        "address": "자양로23길 7 (자양동)",
        "purpose": "어린이보호",
        "managingAgency": "서울특별시 광진구",
        "sourceDatasetId": "gwangjin-cctv-installations",
        "sourceRecordId": "어린이-087",
        "sourceUpdatedAt": "2025-09-25T00:00:00+09:00",
        "collectedAt": "2026-09-13T15:06:53.138Z"
      }
    },
    {
      "type": "Feature",
      "id": "gwangjin:cctv:어린이-089",
      "geometry": {
        "type": "Point",
        "coordinates": [
          127.0807511097,
          37.537094791241
        ]
      },
      "properties": {
        "id": "gwangjin:cctv:어린이-089",
        "type": "cctv",
        "name": "어린이보호 CCTV · 어린이-089",
        "address": "아차산로 344 (자양동)",
        "purpose": "어린이보호",
        "managingAgency": "서울특별시 광진구",
        "sourceDatasetId": "gwangjin-cctv-installations",
        "sourceRecordId": "어린이-089",
        "sourceUpdatedAt": "2025-09-25T00:00:00+09:00",
        "collectedAt": "2026-09-13T15:06:53.138Z"
      }
    },
    {
      "type": "Feature",
      "id": "gwangjin:cctv:어린이-090",
      "geometry": {
        "type": "Point",
        "coordinates": [
          127.078934678327,
          37.5364518544109
        ]
      },
      "properties": {
        "id": "gwangjin:cctv:어린이-090",
        "type": "cctv",
        "name": "어린이보호 CCTV · 어린이-090",
        "address": "아차산로44길 36 (자양동)",
        "purpose": "어린이보호",
        "managingAgency": "서울특별시 광진구",
        "sourceDatasetId": "gwangjin-cctv-installations",
        "sourceRecordId": "어린이-090",
        "sourceUpdatedAt": "2025-09-25T00:00:00+09:00",
        "collectedAt": "2026-09-13T15:06:53.138Z"
      }
    },
    {
      "type": "Feature",
      "id": "gwangjin:cctv:어린이-120",
      "geometry": {
        "type": "Point",
        "coordinates": [
          127.072988106429,
          37.533536160995
        ]
      },
      "properties": {
        "id": "gwangjin:cctv:어린이-120",
        "type": "cctv",
        "name": "어린이보호 CCTV · 어린이-120",
        "address": "뚝섬로40길 12 (자양동)",
        "purpose": "어린이보호",
        "managingAgency": "서울특별시 광진구",
        "sourceDatasetId": "gwangjin-cctv-installations",
        "sourceRecordId": "어린이-120",
        "sourceUpdatedAt": "2025-09-25T00:00:00+09:00",
        "collectedAt": "2026-09-13T15:06:53.138Z"
      }
    },
    {
      "type": "Feature",
      "id": "gwangjin:cctv:어린이-122",
      "geometry": {
        "type": "Point",
        "coordinates": [
          127.068280436224,
          37.5344529809944
        ]
      },
      "properties": {
        "id": "gwangjin:cctv:어린이-122",
        "type": "cctv",
        "name": "어린이보호 CCTV · 어린이-122",
        "address": "능동로 42 (자양동)",
        "purpose": "어린이보호",
        "managingAgency": "서울특별시 광진구",
        "sourceDatasetId": "gwangjin-cctv-installations",
        "sourceRecordId": "어린이-122",
        "sourceUpdatedAt": "2025-09-25T00:00:00+09:00",
        "collectedAt": "2026-09-13T15:06:53.138Z"
      }
    },
    {
      "type": "Feature",
      "id": "gwangjin:cctv:어린이-124",
      "geometry": {
        "type": "Point",
        "coordinates": [
          127.074844924707,
          37.5335382100672
        ]
      },
      "properties": {
        "id": "gwangjin:cctv:어린이-124",
        "type": "cctv",
        "name": "어린이보호 CCTV · 어린이-124",
        "address": "뚝섬로 585 (자양동)",
        "purpose": "어린이보호",
        "managingAgency": "서울특별시 광진구",
        "sourceDatasetId": "gwangjin-cctv-installations",
        "sourceRecordId": "어린이-124",
        "sourceUpdatedAt": "2025-09-25T00:00:00+09:00",
        "collectedAt": "2026-09-13T15:06:53.138Z"
      }
    },
    {
      "type": "Feature",
      "id": "gwangjin:cctv:어린이-126",
      "geometry": {
        "type": "Point",
        "coordinates": [
          127.071337373133,
          37.5352886146762
        ]
      },
      "properties": {
        "id": "gwangjin:cctv:어린이-126",
        "type": "cctv",
        "name": "어린이보호 CCTV · 어린이-126",
        "address": "뚝섬로35길 16-20 (자양동)",
        "purpose": "어린이보호",
        "managingAgency": "서울특별시 광진구",
        "sourceDatasetId": "gwangjin-cctv-installations",
        "sourceRecordId": "어린이-126",
        "sourceUpdatedAt": "2025-09-25T00:00:00+09:00",
        "collectedAt": "2026-09-13T15:06:53.138Z"
      }
    },
    {
      "type": "Feature",
      "id": "gwangjin:cctv:어린이-128",
      "geometry": {
        "type": "Point",
        "coordinates": [
          127.071726556206,
          37.5344577307823
        ]
      },
      "properties": {
        "id": "gwangjin:cctv:어린이-128",
        "type": "cctv",
        "name": "어린이보호 CCTV · 어린이-128",
        "address": "뚝섬로 561 (자양동)",
        "purpose": "어린이보호",
        "managingAgency": "서울특별시 광진구",
        "sourceDatasetId": "gwangjin-cctv-installations",
        "sourceRecordId": "어린이-128",
        "sourceUpdatedAt": "2025-09-25T00:00:00+09:00",
        "collectedAt": "2026-09-13T15:06:53.138Z"
      }
    },
    {
      "type": "Feature",
      "id": "gwangjin:cctv:어린이-132",
      "geometry": {
        "type": "Point",
        "coordinates": [
          127.070093568755,
          37.5347356971135
        ]
      },
      "properties": {
        "id": "gwangjin:cctv:어린이-132",
        "type": "cctv",
        "name": "어린이보호 CCTV · 어린이-132",
        "address": "능동로 42 신양초교 후문입구",
        "purpose": "어린이보호",
        "managingAgency": "서울특별시 광진구",
        "sourceDatasetId": "gwangjin-cctv-installations",
        "sourceRecordId": "어린이-132",
        "sourceUpdatedAt": "2025-09-25T00:00:00+09:00",
        "collectedAt": "2026-09-13T15:06:53.138Z"
      }
    },
    {
      "type": "Feature",
      "id": "gwangjin:cctv:어린이-138",
      "geometry": {
        "type": "Point",
        "coordinates": [
          127.065893198055,
          37.5370788271808
        ]
      },
      "properties": {
        "id": "gwangjin:cctv:어린이-138",
        "type": "cctv",
        "name": "어린이보호 CCTV · 어린이-138",
        "address": "뚝섬로23길 44 (자양동)",
        "purpose": "어린이보호",
        "managingAgency": "서울특별시 광진구",
        "sourceDatasetId": "gwangjin-cctv-installations",
        "sourceRecordId": "어린이-138",
        "sourceUpdatedAt": "2025-09-25T00:00:00+09:00",
        "collectedAt": "2026-09-13T15:06:53.138Z"
      }
    },
    {
      "type": "Feature",
      "id": "gwangjin:cctv:어린이-140",
      "geometry": {
        "type": "Point",
        "coordinates": [
          127.066810635978,
          37.5367028884347
        ]
      },
      "properties": {
        "id": "gwangjin:cctv:어린이-140",
        "type": "cctv",
        "name": "어린이보호 CCTV · 어린이-140",
        "address": "능동로5길 17 (자양동)",
        "purpose": "어린이보호",
        "managingAgency": "서울특별시 광진구",
        "sourceDatasetId": "gwangjin-cctv-installations",
        "sourceRecordId": "어린이-140",
        "sourceUpdatedAt": "2025-09-25T00:00:00+09:00",
        "collectedAt": "2026-09-13T15:06:53.138Z"
      }
    },
    {
      "type": "Feature",
      "id": "gwangjin:cctv:어린이-144",
      "geometry": {
        "type": "Point",
        "coordinates": [
          127.0792,
          37.53756912
        ]
      },
      "properties": {
        "id": "gwangjin:cctv:어린이-144",
        "type": "cctv",
        "name": "어린이보호 CCTV · 어린이-144",
        "address": "아차산로 326 (자양동)",
        "purpose": "어린이보호",
        "managingAgency": "서울특별시 광진구",
        "sourceDatasetId": "gwangjin-cctv-installations",
        "sourceRecordId": "어린이-144",
        "sourceUpdatedAt": "2025-09-25T00:00:00+09:00",
        "collectedAt": "2026-09-13T15:06:53.138Z"
      }
    },
    {
      "type": "Feature",
      "id": "gwangjin:cctv:어린이-192",
      "geometry": {
        "type": "Point",
        "coordinates": [
          127.065897145528,
          37.5439318732198
        ]
      },
      "properties": {
        "id": "gwangjin:cctv:어린이-192",
        "type": "cctv",
        "name": "어린이보호 CCTV · 어린이-192",
        "address": "아차산로21길 47 (화양동)",
        "purpose": "어린이보호",
        "managingAgency": "서울특별시 광진구",
        "sourceDatasetId": "gwangjin-cctv-installations",
        "sourceRecordId": "어린이-192",
        "sourceUpdatedAt": "2025-09-25T00:00:00+09:00",
        "collectedAt": "2026-09-13T15:06:53.138Z"
      }
    },
    {
      "type": "Feature",
      "id": "gwangjin:cctv:어린이-193",
      "geometry": {
        "type": "Point",
        "coordinates": [
          127.071197205338,
          37.544961483502
        ]
      },
      "properties": {
        "id": "gwangjin:cctv:어린이-193",
        "type": "cctv",
        "name": "어린이보호 CCTV · 어린이-193",
        "address": "군자로 18 (화양동)",
        "purpose": "어린이보호",
        "managingAgency": "서울특별시 광진구",
        "sourceDatasetId": "gwangjin-cctv-installations",
        "sourceRecordId": "어린이-193",
        "sourceUpdatedAt": "2025-09-25T00:00:00+09:00",
        "collectedAt": "2026-09-13T15:06:53.138Z"
      }
    },
    {
      "type": "Feature",
      "id": "gwangjin:cctv:어린이-195",
      "geometry": {
        "type": "Point",
        "coordinates": [
          127.0813509,
          37.54319453
        ]
      },
      "properties": {
        "id": "gwangjin:cctv:어린이-195",
        "type": "cctv",
        "name": "어린이보호 CCTV · 어린이-195",
        "address": "광나루로30길 49 (화양동)",
        "purpose": "어린이보호",
        "managingAgency": "서울특별시 광진구",
        "sourceDatasetId": "gwangjin-cctv-installations",
        "sourceRecordId": "어린이-195",
        "sourceUpdatedAt": "2025-09-25T00:00:00+09:00",
        "collectedAt": "2026-09-13T15:06:53.138Z"
      }
    },
    {
      "type": "Feature",
      "id": "gwangjin:cctv:어린이-197",
      "geometry": {
        "type": "Point",
        "coordinates": [
          127.070999935723,
          37.5428330790474
        ]
      },
      "properties": {
        "id": "gwangjin:cctv:어린이-197",
        "type": "cctv",
        "name": "어린이보호 CCTV · 어린이-197",
        "address": "능동로13길 15 (화양동)",
        "purpose": "어린이보호",
        "managingAgency": "서울특별시 광진구",
        "sourceDatasetId": "gwangjin-cctv-installations",
        "sourceRecordId": "어린이-197",
        "sourceUpdatedAt": "2025-09-25T00:00:00+09:00",
        "collectedAt": "2026-09-13T15:06:53.138Z"
      }
    },
    {
      "type": "Feature",
      "id": "gwangjin:cctv:어린이-198",
      "geometry": {
        "type": "Point",
        "coordinates": [
          127.070651731837,
          37.5455992768907
        ]
      },
      "properties": {
        "id": "gwangjin:cctv:어린이-198",
        "type": "cctv",
        "name": "어린이보호 CCTV · 어린이-198",
        "address": "군자로 27 (화양동)",
        "purpose": "어린이보호",
        "managingAgency": "서울특별시 광진구",
        "sourceDatasetId": "gwangjin-cctv-installations",
        "sourceRecordId": "어린이-198",
        "sourceUpdatedAt": "2025-09-25T00:00:00+09:00",
        "collectedAt": "2026-09-13T15:06:53.138Z"
      }
    },
    {
      "type": "Feature",
      "id": "gwangjin:cctv:어린이-199",
      "geometry": {
        "type": "Point",
        "coordinates": [
          127.079157828102,
          37.5453738947008
        ]
      },
      "properties": {
        "id": "gwangjin:cctv:어린이-199",
        "type": "cctv",
        "name": "어린이보호 CCTV · 어린이-199",
        "address": "광나루로 448 (화양동)",
        "purpose": "어린이보호",
        "managingAgency": "서울특별시 광진구",
        "sourceDatasetId": "gwangjin-cctv-installations",
        "sourceRecordId": "어린이-199",
        "sourceUpdatedAt": "2025-09-25T00:00:00+09:00",
        "collectedAt": "2026-09-13T15:06:53.138Z"
      }
    },
    {
      "type": "Feature",
      "id": "gwangjin:cctv:어린이-201",
      "geometry": {
        "type": "Point",
        "coordinates": [
          127.0722219,
          37.5437027
        ]
      },
      "properties": {
        "id": "gwangjin:cctv:어린이-201",
        "type": "cctv",
        "name": "어린이보호 CCTV · 어린이-201",
        "address": "능동로 145 (화양동)",
        "purpose": "어린이보호",
        "managingAgency": "서울특별시 광진구",
        "sourceDatasetId": "gwangjin-cctv-installations",
        "sourceRecordId": "어린이-201",
        "sourceUpdatedAt": "2025-09-25T00:00:00+09:00",
        "collectedAt": "2026-09-13T15:06:53.138Z"
      }
    },
    {
      "type": "Feature",
      "id": "gwangjin:cctv:어린이-202",
      "geometry": {
        "type": "Point",
        "coordinates": [
          127.065636278278,
          37.5434796746314
        ]
      },
      "properties": {
        "id": "gwangjin:cctv:어린이-202",
        "type": "cctv",
        "name": "어린이보호 CCTV · 어린이-202",
        "address": "아차산로21길 15 (화양동)",
        "purpose": "어린이보호",
        "managingAgency": "서울특별시 광진구",
        "sourceDatasetId": "gwangjin-cctv-installations",
        "sourceRecordId": "어린이-202",
        "sourceUpdatedAt": "2025-09-25T00:00:00+09:00",
        "collectedAt": "2026-09-13T15:06:53.138Z"
      }
    },
    {
      "type": "Feature",
      "id": "gwangjin:cctv:어린이-203",
      "geometry": {
        "type": "Point",
        "coordinates": [
          127.065074049087,
          37.5424751743742
        ]
      },
      "properties": {
        "id": "gwangjin:cctv:어린이-203",
        "type": "cctv",
        "name": "어린이보호 CCTV · 어린이-203",
        "address": "아차산로 191 (화양동)",
        "purpose": "어린이보호",
        "managingAgency": "서울특별시 광진구",
        "sourceDatasetId": "gwangjin-cctv-installations",
        "sourceRecordId": "어린이-203",
        "sourceUpdatedAt": "2025-09-25T00:00:00+09:00",
        "collectedAt": "2026-09-13T15:06:53.138Z"
      }
    },
    {
      "type": "Feature",
      "id": "gwangjin:cctv:어린이-209",
      "geometry": {
        "type": "Point",
        "coordinates": [
          127.079723765634,
          37.536327243356
        ]
      },
      "properties": {
        "id": "gwangjin:cctv:어린이-209",
        "type": "cctv",
        "name": "어린이보호 CCTV · 어린이-209",
        "address": "아차산로 44가길 5",
        "purpose": "어린이보호",
        "managingAgency": "서울특별시 광진구",
        "sourceDatasetId": "gwangjin-cctv-installations",
        "sourceRecordId": "어린이-209",
        "sourceUpdatedAt": "2025-09-25T00:00:00+09:00",
        "collectedAt": "2026-09-13T15:06:53.138Z"
      }
    },
    {
      "type": "Feature",
      "id": "gwangjin:cctv:어린이-211",
      "geometry": {
        "type": "Point",
        "coordinates": [
          127.083830688352,
          37.5437674647984
        ]
      },
      "properties": {
        "id": "gwangjin:cctv:어린이-211",
        "type": "cctv",
        "name": "어린이보호 CCTV · 어린이-211",
        "address": "자양로23길 79",
        "purpose": "어린이보호",
        "managingAgency": "서울특별시 광진구",
        "sourceDatasetId": "gwangjin-cctv-installations",
        "sourceRecordId": "어린이-211",
        "sourceUpdatedAt": "2025-09-25T00:00:00+09:00",
        "collectedAt": "2026-09-13T15:06:53.138Z"
      }
    },
    {
      "type": "Feature",
      "id": "gwangjin:cctv:어린이-217",
      "geometry": {
        "type": "Point",
        "coordinates": [
          127.0695445,
          37.54916839
        ]
      },
      "properties": {
        "id": "gwangjin:cctv:어린이-217",
        "type": "cctv",
        "name": "어린이보호 CCTV · 어린이-217",
        "address": "광나루로15길 23",
        "purpose": "어린이보호",
        "managingAgency": "서울특별시 광진구",
        "sourceDatasetId": "gwangjin-cctv-installations",
        "sourceRecordId": "어린이-217",
        "sourceUpdatedAt": "2025-09-25T00:00:00+09:00",
        "collectedAt": "2026-09-13T15:06:53.138Z"
      }
    },
    {
      "type": "Feature",
      "id": "gwangjin:security_light:LA0564",
      "geometry": {
        "type": "Point",
        "coordinates": [
          127.0685205,
          37.53699604
        ]
      },
      "properties": {
        "id": "gwangjin:security_light:LA0564",
        "type": "security_light",
        "name": "스마트보안등 LA0564",
        "address": null,
        "purpose": null,
        "managingAgency": "서울특별시 광진구",
        "sourceDatasetId": "gwangjin-smart-security-light",
        "sourceRecordId": "LA0564",
        "sourceUpdatedAt": null,
        "collectedAt": "2026-09-13T15:06:54.013Z"
      }
    },
    {
      "type": "Feature",
      "id": "gwangjin:security_light:LA0612",
      "geometry": {
        "type": "Point",
        "coordinates": [
          127.0765643,
          37.53895594
        ]
      },
      "properties": {
        "id": "gwangjin:security_light:LA0612",
        "type": "security_light",
        "name": "스마트보안등 LA0612",
        "address": null,
        "purpose": null,
        "managingAgency": "서울특별시 광진구",
        "sourceDatasetId": "gwangjin-smart-security-light",
        "sourceRecordId": "LA0612",
        "sourceUpdatedAt": null,
        "collectedAt": "2026-09-13T15:06:54.013Z"
      }
    },
    {
      "type": "Feature",
      "id": "gwangjin:security_light:LA0616",
      "geometry": {
        "type": "Point",
        "coordinates": [
          127.0781392,
          37.53644154
        ]
      },
      "properties": {
        "id": "gwangjin:security_light:LA0616",
        "type": "security_light",
        "name": "스마트보안등 LA0616",
        "address": null,
        "purpose": null,
        "managingAgency": "서울특별시 광진구",
        "sourceDatasetId": "gwangjin-smart-security-light",
        "sourceRecordId": "LA0616",
        "sourceUpdatedAt": null,
        "collectedAt": "2026-09-13T15:06:54.013Z"
      }
    },
    {
      "type": "Feature",
      "id": "gwangjin:security_light:LA0625",
      "geometry": {
        "type": "Point",
        "coordinates": [
          127.0782633,
          37.53646954
        ]
      },
      "properties": {
        "id": "gwangjin:security_light:LA0625",
        "type": "security_light",
        "name": "스마트보안등 LA0625",
        "address": null,
        "purpose": null,
        "managingAgency": "서울특별시 광진구",
        "sourceDatasetId": "gwangjin-smart-security-light",
        "sourceRecordId": "LA0625",
        "sourceUpdatedAt": null,
        "collectedAt": "2026-09-13T15:06:54.013Z"
      }
    },
    {
      "type": "Feature",
      "id": "gwangjin:security_light:LA0643",
      "geometry": {
        "type": "Point",
        "coordinates": [
          127.0672083,
          37.53739204
        ]
      },
      "properties": {
        "id": "gwangjin:security_light:LA0643",
        "type": "security_light",
        "name": "스마트보안등 LA0643",
        "address": null,
        "purpose": null,
        "managingAgency": "서울특별시 광진구",
        "sourceDatasetId": "gwangjin-smart-security-light",
        "sourceRecordId": "LA0643",
        "sourceUpdatedAt": null,
        "collectedAt": "2026-09-13T15:06:54.013Z"
      }
    },
    {
      "type": "Feature",
      "id": "gwangjin:security_light:LA0670",
      "geometry": {
        "type": "Point",
        "coordinates": [
          127.0674435,
          37.53741114
        ]
      },
      "properties": {
        "id": "gwangjin:security_light:LA0670",
        "type": "security_light",
        "name": "스마트보안등 LA0670",
        "address": null,
        "purpose": null,
        "managingAgency": "서울특별시 광진구",
        "sourceDatasetId": "gwangjin-smart-security-light",
        "sourceRecordId": "LA0670",
        "sourceUpdatedAt": null,
        "collectedAt": "2026-09-13T15:06:54.013Z"
      }
    },
    {
      "type": "Feature",
      "id": "gwangjin:security_light:LA0673",
      "geometry": {
        "type": "Point",
        "coordinates": [
          127.0698481,
          37.53432834
        ]
      },
      "properties": {
        "id": "gwangjin:security_light:LA0673",
        "type": "security_light",
        "name": "스마트보안등 LA0673",
        "address": null,
        "purpose": null,
        "managingAgency": "서울특별시 광진구",
        "sourceDatasetId": "gwangjin-smart-security-light",
        "sourceRecordId": "LA0673",
        "sourceUpdatedAt": null,
        "collectedAt": "2026-09-13T15:06:54.013Z"
      }
    },
    {
      "type": "Feature",
      "id": "gwangjin:security_light:LA0704",
      "geometry": {
        "type": "Point",
        "coordinates": [
          127.0752348,
          37.53895664
        ]
      },
      "properties": {
        "id": "gwangjin:security_light:LA0704",
        "type": "security_light",
        "name": "스마트보안등 LA0704",
        "address": null,
        "purpose": null,
        "managingAgency": "서울특별시 광진구",
        "sourceDatasetId": "gwangjin-smart-security-light",
        "sourceRecordId": "LA0704",
        "sourceUpdatedAt": null,
        "collectedAt": "2026-09-13T15:06:54.013Z"
      }
    },
    {
      "type": "Feature",
      "id": "gwangjin:security_light:LA0720",
      "geometry": {
        "type": "Point",
        "coordinates": [
          127.0771861,
          37.53859344
        ]
      },
      "properties": {
        "id": "gwangjin:security_light:LA0720",
        "type": "security_light",
        "name": "스마트보안등 LA0720",
        "address": null,
        "purpose": null,
        "managingAgency": "서울특별시 광진구",
        "sourceDatasetId": "gwangjin-smart-security-light",
        "sourceRecordId": "LA0720",
        "sourceUpdatedAt": null,
        "collectedAt": "2026-09-13T15:06:54.013Z"
      }
    },
    {
      "type": "Feature",
      "id": "gwangjin:security_light:LA0743",
      "geometry": {
        "type": "Point",
        "coordinates": [
          127.0667001,
          37.53759214
        ]
      },
      "properties": {
        "id": "gwangjin:security_light:LA0743",
        "type": "security_light",
        "name": "스마트보안등 LA0743",
        "address": null,
        "purpose": null,
        "managingAgency": "서울특별시 광진구",
        "sourceDatasetId": "gwangjin-smart-security-light",
        "sourceRecordId": "LA0743",
        "sourceUpdatedAt": null,
        "collectedAt": "2026-09-13T15:06:54.013Z"
      }
    },
    {
      "type": "Feature",
      "id": "gwangjin:security_light:LA0746",
      "geometry": {
        "type": "Point",
        "coordinates": [
          127.0785129,
          37.53713144
        ]
      },
      "properties": {
        "id": "gwangjin:security_light:LA0746",
        "type": "security_light",
        "name": "스마트보안등 LA0746",
        "address": null,
        "purpose": null,
        "managingAgency": "서울특별시 광진구",
        "sourceDatasetId": "gwangjin-smart-security-light",
        "sourceRecordId": "LA0746",
        "sourceUpdatedAt": null,
        "collectedAt": "2026-09-13T15:06:54.013Z"
      }
    },
    {
      "type": "Feature",
      "id": "gwangjin:security_light:LA0776",
      "geometry": {
        "type": "Point",
        "coordinates": [
          127.0781652,
          37.53620994
        ]
      },
      "properties": {
        "id": "gwangjin:security_light:LA0776",
        "type": "security_light",
        "name": "스마트보안등 LA0776",
        "address": null,
        "purpose": null,
        "managingAgency": "서울특별시 광진구",
        "sourceDatasetId": "gwangjin-smart-security-light",
        "sourceRecordId": "LA0776",
        "sourceUpdatedAt": null,
        "collectedAt": "2026-09-13T15:06:54.013Z"
      }
    },
    {
      "type": "Feature",
      "id": "gwangjin:security_light:LA0782",
      "geometry": {
        "type": "Point",
        "coordinates": [
          127.0780392,
          37.53618124
        ]
      },
      "properties": {
        "id": "gwangjin:security_light:LA0782",
        "type": "security_light",
        "name": "스마트보안등 LA0782",
        "address": null,
        "purpose": null,
        "managingAgency": "서울특별시 광진구",
        "sourceDatasetId": "gwangjin-smart-security-light",
        "sourceRecordId": "LA0782",
        "sourceUpdatedAt": null,
        "collectedAt": "2026-09-13T15:06:54.013Z"
      }
    },
    {
      "type": "Feature",
      "id": "gwangjin:security_light:LA0821",
      "geometry": {
        "type": "Point",
        "coordinates": [
          127.0768841,
          37.53870614
        ]
      },
      "properties": {
        "id": "gwangjin:security_light:LA0821",
        "type": "security_light",
        "name": "스마트보안등 LA0821",
        "address": null,
        "purpose": null,
        "managingAgency": "서울특별시 광진구",
        "sourceDatasetId": "gwangjin-smart-security-light",
        "sourceRecordId": "LA0821",
        "sourceUpdatedAt": null,
        "collectedAt": "2026-09-13T15:06:54.013Z"
      }
    },
    {
      "type": "Feature",
      "id": "gwangjin:security_light:LA0825",
      "geometry": {
        "type": "Point",
        "coordinates": [
          127.0700217,
          37.53449094
        ]
      },
      "properties": {
        "id": "gwangjin:security_light:LA0825",
        "type": "security_light",
        "name": "스마트보안등 LA0825",
        "address": null,
        "purpose": null,
        "managingAgency": "서울특별시 광진구",
        "sourceDatasetId": "gwangjin-smart-security-light",
        "sourceRecordId": "LA0825",
        "sourceUpdatedAt": null,
        "collectedAt": "2026-09-13T15:06:54.013Z"
      }
    },
    {
      "type": "Feature",
      "id": "gwangjin:security_light:LA0868",
      "geometry": {
        "type": "Point",
        "coordinates": [
          127.0687135,
          37.53694354
        ]
      },
      "properties": {
        "id": "gwangjin:security_light:LA0868",
        "type": "security_light",
        "name": "스마트보안등 LA0868",
        "address": null,
        "purpose": null,
        "managingAgency": "서울특별시 광진구",
        "sourceDatasetId": "gwangjin-smart-security-light",
        "sourceRecordId": "LA0868",
        "sourceUpdatedAt": null,
        "collectedAt": "2026-09-13T15:06:54.013Z"
      }
    },
    {
      "type": "Feature",
      "id": "gwangjin:security_light:LA0875",
      "geometry": {
        "type": "Point",
        "coordinates": [
          127.0786041,
          37.53735664
        ]
      },
      "properties": {
        "id": "gwangjin:security_light:LA0875",
        "type": "security_light",
        "name": "스마트보안등 LA0875",
        "address": null,
        "purpose": null,
        "managingAgency": "서울특별시 광진구",
        "sourceDatasetId": "gwangjin-smart-security-light",
        "sourceRecordId": "LA0875",
        "sourceUpdatedAt": null,
        "collectedAt": "2026-09-13T15:06:54.013Z"
      }
    },
    {
      "type": "Feature",
      "id": "gwangjin:security_light:LA0886",
      "geometry": {
        "type": "Point",
        "coordinates": [
          127.067698,
          37.53723764
        ]
      },
      "properties": {
        "id": "gwangjin:security_light:LA0886",
        "type": "security_light",
        "name": "스마트보안등 LA0886",
        "address": null,
        "purpose": null,
        "managingAgency": "서울특별시 광진구",
        "sourceDatasetId": "gwangjin-smart-security-light",
        "sourceRecordId": "LA0886",
        "sourceUpdatedAt": null,
        "collectedAt": "2026-09-13T15:06:54.013Z"
      }
    },
    {
      "type": "Feature",
      "id": "gwangjin:security_light:LA0941",
      "geometry": {
        "type": "Point",
        "coordinates": [
          127.0753249,
          37.53904104
        ]
      },
      "properties": {
        "id": "gwangjin:security_light:LA0941",
        "type": "security_light",
        "name": "스마트보안등 LA0941",
        "address": null,
        "purpose": null,
        "managingAgency": "서울특별시 광진구",
        "sourceDatasetId": "gwangjin-smart-security-light",
        "sourceRecordId": "LA0941",
        "sourceUpdatedAt": null,
        "collectedAt": "2026-09-13T15:06:54.013Z"
      }
    },
    {
      "type": "Feature",
      "id": "gwangjin:security_light:LA0945",
      "geometry": {
        "type": "Point",
        "coordinates": [
          127.0757543,
          37.53907424
        ]
      },
      "properties": {
        "id": "gwangjin:security_light:LA0945",
        "type": "security_light",
        "name": "스마트보안등 LA0945",
        "address": null,
        "purpose": null,
        "managingAgency": "서울특별시 광진구",
        "sourceDatasetId": "gwangjin-smart-security-light",
        "sourceRecordId": "LA0945",
        "sourceUpdatedAt": null,
        "collectedAt": "2026-09-13T15:06:54.013Z"
      }
    },
    {
      "type": "Feature",
      "id": "gwangjin:security_light:LA0951",
      "geometry": {
        "type": "Point",
        "coordinates": [
          127.06822,
          37.53706384
        ]
      },
      "properties": {
        "id": "gwangjin:security_light:LA0951",
        "type": "security_light",
        "name": "스마트보안등 LA0951",
        "address": null,
        "purpose": null,
        "managingAgency": "서울특별시 광진구",
        "sourceDatasetId": "gwangjin-smart-security-light",
        "sourceRecordId": "LA0951",
        "sourceUpdatedAt": null,
        "collectedAt": "2026-09-13T15:06:54.013Z"
      }
    },
    {
      "type": "Feature",
      "id": "gwangjin:security_light:LA1332",
      "geometry": {
        "type": "Point",
        "coordinates": [
          127.0756907,
          37.53913834
        ]
      },
      "properties": {
        "id": "gwangjin:security_light:LA1332",
        "type": "security_light",
        "name": "스마트보안등 LA1332",
        "address": null,
        "purpose": null,
        "managingAgency": "서울특별시 광진구",
        "sourceDatasetId": "gwangjin-smart-security-light",
        "sourceRecordId": "LA1332",
        "sourceUpdatedAt": null,
        "collectedAt": "2026-09-13T15:06:54.013Z"
      }
    },
    {
      "type": "Feature",
      "id": "gwangjin:security_light:LA1343",
      "geometry": {
        "type": "Point",
        "coordinates": [
          127.0767318,
          37.53885074
        ]
      },
      "properties": {
        "id": "gwangjin:security_light:LA1343",
        "type": "security_light",
        "name": "스마트보안등 LA1343",
        "address": null,
        "purpose": null,
        "managingAgency": "서울특별시 광진구",
        "sourceDatasetId": "gwangjin-smart-security-light",
        "sourceRecordId": "LA1343",
        "sourceUpdatedAt": null,
        "collectedAt": "2026-09-13T15:06:54.013Z"
      }
    },
    {
      "type": "Feature",
      "id": "gwangjin:security_light:LA1347",
      "geometry": {
        "type": "Point",
        "coordinates": [
          127.0760759,
          37.53909854
        ]
      },
      "properties": {
        "id": "gwangjin:security_light:LA1347",
        "type": "security_light",
        "name": "스마트보안등 LA1347",
        "address": null,
        "purpose": null,
        "managingAgency": "서울특별시 광진구",
        "sourceDatasetId": "gwangjin-smart-security-light",
        "sourceRecordId": "LA1347",
        "sourceUpdatedAt": null,
        "collectedAt": "2026-09-13T15:06:54.013Z"
      }
    },
    {
      "type": "Feature",
      "id": "gwangjin:security_light:LA1350",
      "geometry": {
        "type": "Point",
        "coordinates": [
          127.0784495,
          37.53697554
        ]
      },
      "properties": {
        "id": "gwangjin:security_light:LA1350",
        "type": "security_light",
        "name": "스마트보안등 LA1350",
        "address": null,
        "purpose": null,
        "managingAgency": "서울특별시 광진구",
        "sourceDatasetId": "gwangjin-smart-security-light",
        "sourceRecordId": "LA1350",
        "sourceUpdatedAt": null,
        "collectedAt": "2026-09-13T15:06:54.013Z"
      }
    },
    {
      "type": "Feature",
      "id": "gwangjin:security_light:LA1389",
      "geometry": {
        "type": "Point",
        "coordinates": [
          127.0773501,
          37.53860404
        ]
      },
      "properties": {
        "id": "gwangjin:security_light:LA1389",
        "type": "security_light",
        "name": "스마트보안등 LA1389",
        "address": null,
        "purpose": null,
        "managingAgency": "서울특별시 광진구",
        "sourceDatasetId": "gwangjin-smart-security-light",
        "sourceRecordId": "LA1389",
        "sourceUpdatedAt": null,
        "collectedAt": "2026-09-13T15:06:54.013Z"
      }
    },
    {
      "type": "Feature",
      "id": "gwangjin:security_light:LA1393",
      "geometry": {
        "type": "Point",
        "coordinates": [
          127.0664808,
          37.53765664
        ]
      },
      "properties": {
        "id": "gwangjin:security_light:LA1393",
        "type": "security_light",
        "name": "스마트보안등 LA1393",
        "address": null,
        "purpose": null,
        "managingAgency": "서울특별시 광진구",
        "sourceDatasetId": "gwangjin-smart-security-light",
        "sourceRecordId": "LA1393",
        "sourceUpdatedAt": null,
        "collectedAt": "2026-09-13T15:06:54.013Z"
      }
    },
    {
      "type": "Feature",
      "id": "gwangjin:security_light:LA1463",
      "geometry": {
        "type": "Point",
        "coordinates": [
          127.0819485,
          37.53886084
        ]
      },
      "properties": {
        "id": "gwangjin:security_light:LA1463",
        "type": "security_light",
        "name": "스마트보안등 LA1463",
        "address": null,
        "purpose": null,
        "managingAgency": "서울특별시 광진구",
        "sourceDatasetId": "gwangjin-smart-security-light",
        "sourceRecordId": "LA1463",
        "sourceUpdatedAt": null,
        "collectedAt": "2026-09-13T15:06:54.013Z"
      }
    },
    {
      "type": "Feature",
      "id": "gwangjin:security_light:LA1465",
      "geometry": {
        "type": "Point",
        "coordinates": [
          127.0681444,
          37.53701344
        ]
      },
      "properties": {
        "id": "gwangjin:security_light:LA1465",
        "type": "security_light",
        "name": "스마트보안등 LA1465",
        "address": null,
        "purpose": null,
        "managingAgency": "서울특별시 광진구",
        "sourceDatasetId": "gwangjin-smart-security-light",
        "sourceRecordId": "LA1465",
        "sourceUpdatedAt": null,
        "collectedAt": "2026-09-13T15:06:54.013Z"
      }
    },
    {
      "type": "Feature",
      "id": "gwangjin:security_light:LA1822",
      "geometry": {
        "type": "Point",
        "coordinates": [
          127.0828911,
          37.53922074
        ]
      },
      "properties": {
        "id": "gwangjin:security_light:LA1822",
        "type": "security_light",
        "name": "스마트보안등 LA1822",
        "address": null,
        "purpose": null,
        "managingAgency": "서울특별시 광진구",
        "sourceDatasetId": "gwangjin-smart-security-light",
        "sourceRecordId": "LA1822",
        "sourceUpdatedAt": null,
        "collectedAt": "2026-09-13T15:06:54.013Z"
      }
    },
    {
      "type": "Feature",
      "id": "gwangjin:security_light:LA1971",
      "geometry": {
        "type": "Point",
        "coordinates": [
          127.0711166,
          37.53343234
        ]
      },
      "properties": {
        "id": "gwangjin:security_light:LA1971",
        "type": "security_light",
        "name": "스마트보안등 LA1971",
        "address": null,
        "purpose": null,
        "managingAgency": "서울특별시 광진구",
        "sourceDatasetId": "gwangjin-smart-security-light",
        "sourceRecordId": "LA1971",
        "sourceUpdatedAt": null,
        "collectedAt": "2026-09-13T15:06:54.013Z"
      }
    },
    {
      "type": "Feature",
      "id": "gwangjin:security_light:LA2133",
      "geometry": {
        "type": "Point",
        "coordinates": [
          127.0744556,
          37.54678874
        ]
      },
      "properties": {
        "id": "gwangjin:security_light:LA2133",
        "type": "security_light",
        "name": "스마트보안등 LA2133",
        "address": null,
        "purpose": null,
        "managingAgency": "서울특별시 광진구",
        "sourceDatasetId": "gwangjin-smart-security-light",
        "sourceRecordId": "LA2133",
        "sourceUpdatedAt": null,
        "collectedAt": "2026-09-13T15:06:54.013Z"
      }
    },
    {
      "type": "Feature",
      "id": "gwangjin:security_light:LA2263",
      "geometry": {
        "type": "Point",
        "coordinates": [
          127.067182,
          37.53472834
        ]
      },
      "properties": {
        "id": "gwangjin:security_light:LA2263",
        "type": "security_light",
        "name": "스마트보안등 LA2263",
        "address": null,
        "purpose": null,
        "managingAgency": "서울특별시 광진구",
        "sourceDatasetId": "gwangjin-smart-security-light",
        "sourceRecordId": "LA2263",
        "sourceUpdatedAt": null,
        "collectedAt": "2026-09-13T15:06:54.013Z"
      }
    },
    {
      "type": "Feature",
      "id": "gwangjin:security_light:LA2398",
      "geometry": {
        "type": "Point",
        "coordinates": [
          127.0637333,
          37.54004014
        ]
      },
      "properties": {
        "id": "gwangjin:security_light:LA2398",
        "type": "security_light",
        "name": "스마트보안등 LA2398",
        "address": null,
        "purpose": null,
        "managingAgency": "서울특별시 광진구",
        "sourceDatasetId": "gwangjin-smart-security-light",
        "sourceRecordId": "LA2398",
        "sourceUpdatedAt": null,
        "collectedAt": "2026-09-13T15:06:54.013Z"
      }
    },
    {
      "type": "Feature",
      "id": "gwangjin:security_light:LA2439",
      "geometry": {
        "type": "Point",
        "coordinates": [
          127.0634172,
          37.54014634
        ]
      },
      "properties": {
        "id": "gwangjin:security_light:LA2439",
        "type": "security_light",
        "name": "스마트보안등 LA2439",
        "address": null,
        "purpose": null,
        "managingAgency": "서울특별시 광진구",
        "sourceDatasetId": "gwangjin-smart-security-light",
        "sourceRecordId": "LA2439",
        "sourceUpdatedAt": null,
        "collectedAt": "2026-09-13T15:06:54.013Z"
      }
    },
    {
      "type": "Feature",
      "id": "gwangjin:security_light:LA2490",
      "geometry": {
        "type": "Point",
        "coordinates": [
          127.0685527,
          37.53828934
        ]
      },
      "properties": {
        "id": "gwangjin:security_light:LA2490",
        "type": "security_light",
        "name": "스마트보안등 LA2490",
        "address": null,
        "purpose": null,
        "managingAgency": "서울특별시 광진구",
        "sourceDatasetId": "gwangjin-smart-security-light",
        "sourceRecordId": "LA2490",
        "sourceUpdatedAt": null,
        "collectedAt": "2026-09-13T15:06:54.013Z"
      }
    },
    {
      "type": "Feature",
      "id": "gwangjin:security_light:LA2493",
      "geometry": {
        "type": "Point",
        "coordinates": [
          127.068375,
          37.53846984
        ]
      },
      "properties": {
        "id": "gwangjin:security_light:LA2493",
        "type": "security_light",
        "name": "스마트보안등 LA2493",
        "address": null,
        "purpose": null,
        "managingAgency": "서울특별시 광진구",
        "sourceDatasetId": "gwangjin-smart-security-light",
        "sourceRecordId": "LA2493",
        "sourceUpdatedAt": null,
        "collectedAt": "2026-09-13T15:06:54.013Z"
      }
    },
    {
      "type": "Feature",
      "id": "gwangjin:security_light:LA2498",
      "geometry": {
        "type": "Point",
        "coordinates": [
          127.0685427,
          37.53841074
        ]
      },
      "properties": {
        "id": "gwangjin:security_light:LA2498",
        "type": "security_light",
        "name": "스마트보안등 LA2498",
        "address": null,
        "purpose": null,
        "managingAgency": "서울특별시 광진구",
        "sourceDatasetId": "gwangjin-smart-security-light",
        "sourceRecordId": "LA2498",
        "sourceUpdatedAt": null,
        "collectedAt": "2026-09-13T15:06:54.013Z"
      }
    },
    {
      "type": "Feature",
      "id": "gwangjin:security_light:LA2500",
      "geometry": {
        "type": "Point",
        "coordinates": [
          127.0660959,
          37.53925214
        ]
      },
      "properties": {
        "id": "gwangjin:security_light:LA2500",
        "type": "security_light",
        "name": "스마트보안등 LA2500",
        "address": null,
        "purpose": null,
        "managingAgency": "서울특별시 광진구",
        "sourceDatasetId": "gwangjin-smart-security-light",
        "sourceRecordId": "LA2500",
        "sourceUpdatedAt": null,
        "collectedAt": "2026-09-13T15:06:54.013Z"
      }
    },
    {
      "type": "Feature",
      "id": "gwangjin:security_light:LA2506",
      "geometry": {
        "type": "Point",
        "coordinates": [
          127.0779236,
          37.53558154
        ]
      },
      "properties": {
        "id": "gwangjin:security_light:LA2506",
        "type": "security_light",
        "name": "스마트보안등 LA2506",
        "address": null,
        "purpose": null,
        "managingAgency": "서울특별시 광진구",
        "sourceDatasetId": "gwangjin-smart-security-light",
        "sourceRecordId": "LA2506",
        "sourceUpdatedAt": null,
        "collectedAt": "2026-09-13T15:06:54.013Z"
      }
    },
    {
      "type": "Feature",
      "id": "gwangjin:security_light:LA2511",
      "geometry": {
        "type": "Point",
        "coordinates": [
          127.0777717,
          37.53858634
        ]
      },
      "properties": {
        "id": "gwangjin:security_light:LA2511",
        "type": "security_light",
        "name": "스마트보안등 LA2511",
        "address": null,
        "purpose": null,
        "managingAgency": "서울특별시 광진구",
        "sourceDatasetId": "gwangjin-smart-security-light",
        "sourceRecordId": "LA2511",
        "sourceUpdatedAt": null,
        "collectedAt": "2026-09-13T15:06:54.013Z"
      }
    },
    {
      "type": "Feature",
      "id": "gwangjin:security_light:LA2512",
      "geometry": {
        "type": "Point",
        "coordinates": [
          127.0674322,
          37.53878554
        ]
      },
      "properties": {
        "id": "gwangjin:security_light:LA2512",
        "type": "security_light",
        "name": "스마트보안등 LA2512",
        "address": null,
        "purpose": null,
        "managingAgency": "서울특별시 광진구",
        "sourceDatasetId": "gwangjin-smart-security-light",
        "sourceRecordId": "LA2512",
        "sourceUpdatedAt": null,
        "collectedAt": "2026-09-13T15:06:54.013Z"
      }
    },
    {
      "type": "Feature",
      "id": "gwangjin:security_light:LA2527",
      "geometry": {
        "type": "Point",
        "coordinates": [
          127.0776997,
          37.53566184
        ]
      },
      "properties": {
        "id": "gwangjin:security_light:LA2527",
        "type": "security_light",
        "name": "스마트보안등 LA2527",
        "address": null,
        "purpose": null,
        "managingAgency": "서울특별시 광진구",
        "sourceDatasetId": "gwangjin-smart-security-light",
        "sourceRecordId": "LA2527",
        "sourceUpdatedAt": null,
        "collectedAt": "2026-09-13T15:06:54.013Z"
      }
    },
    {
      "type": "Feature",
      "id": "gwangjin:security_light:LA2529",
      "geometry": {
        "type": "Point",
        "coordinates": [
          127.0786368,
          37.53861304
        ]
      },
      "properties": {
        "id": "gwangjin:security_light:LA2529",
        "type": "security_light",
        "name": "스마트보안등 LA2529",
        "address": null,
        "purpose": null,
        "managingAgency": "서울특별시 광진구",
        "sourceDatasetId": "gwangjin-smart-security-light",
        "sourceRecordId": "LA2529",
        "sourceUpdatedAt": null,
        "collectedAt": "2026-09-13T15:06:54.013Z"
      }
    },
    {
      "type": "Feature",
      "id": "gwangjin:security_light:LA2745",
      "geometry": {
        "type": "Point",
        "coordinates": [
          127.0670374,
          37.53482864
        ]
      },
      "properties": {
        "id": "gwangjin:security_light:LA2745",
        "type": "security_light",
        "name": "스마트보안등 LA2745",
        "address": null,
        "purpose": null,
        "managingAgency": "서울특별시 광진구",
        "sourceDatasetId": "gwangjin-smart-security-light",
        "sourceRecordId": "LA2745",
        "sourceUpdatedAt": null,
        "collectedAt": "2026-09-13T15:06:54.013Z"
      }
    },
    {
      "type": "Feature",
      "id": "gwangjin:security_light:LA2747",
      "geometry": {
        "type": "Point",
        "coordinates": [
          127.078934,
          37.53859984
        ]
      },
      "properties": {
        "id": "gwangjin:security_light:LA2747",
        "type": "security_light",
        "name": "스마트보안등 LA2747",
        "address": null,
        "purpose": null,
        "managingAgency": "서울특별시 광진구",
        "sourceDatasetId": "gwangjin-smart-security-light",
        "sourceRecordId": "LA2747",
        "sourceUpdatedAt": null,
        "collectedAt": "2026-09-13T15:06:54.013Z"
      }
    },
    {
      "type": "Feature",
      "id": "gwangjin:security_light:LA2755",
      "geometry": {
        "type": "Point",
        "coordinates": [
          127.0675726,
          37.53863314
        ]
      },
      "properties": {
        "id": "gwangjin:security_light:LA2755",
        "type": "security_light",
        "name": "스마트보안등 LA2755",
        "address": null,
        "purpose": null,
        "managingAgency": "서울특별시 광진구",
        "sourceDatasetId": "gwangjin-smart-security-light",
        "sourceRecordId": "LA2755",
        "sourceUpdatedAt": null,
        "collectedAt": "2026-09-13T15:06:54.013Z"
      }
    },
    {
      "type": "Feature",
      "id": "gwangjin:security_light:LA2759",
      "geometry": {
        "type": "Point",
        "coordinates": [
          127.0680511,
          37.53857334
        ]
      },
      "properties": {
        "id": "gwangjin:security_light:LA2759",
        "type": "security_light",
        "name": "스마트보안등 LA2759",
        "address": null,
        "purpose": null,
        "managingAgency": "서울특별시 광진구",
        "sourceDatasetId": "gwangjin-smart-security-light",
        "sourceRecordId": "LA2759",
        "sourceUpdatedAt": null,
        "collectedAt": "2026-09-13T15:06:54.013Z"
      }
    },
    {
      "type": "Feature",
      "id": "gwangjin:security_light:LA2803",
      "geometry": {
        "type": "Point",
        "coordinates": [
          127.0734287,
          37.53305284
        ]
      },
      "properties": {
        "id": "gwangjin:security_light:LA2803",
        "type": "security_light",
        "name": "스마트보안등 LA2803",
        "address": null,
        "purpose": null,
        "managingAgency": "서울특별시 광진구",
        "sourceDatasetId": "gwangjin-smart-security-light",
        "sourceRecordId": "LA2803",
        "sourceUpdatedAt": null,
        "collectedAt": "2026-09-13T15:06:54.013Z"
      }
    },
    {
      "type": "Feature",
      "id": "gwangjin:security_light:LA2821",
      "geometry": {
        "type": "Point",
        "coordinates": [
          127.0783941,
          37.53414954
        ]
      },
      "properties": {
        "id": "gwangjin:security_light:LA2821",
        "type": "security_light",
        "name": "스마트보안등 LA2821",
        "address": null,
        "purpose": null,
        "managingAgency": "서울특별시 광진구",
        "sourceDatasetId": "gwangjin-smart-security-light",
        "sourceRecordId": "LA2821",
        "sourceUpdatedAt": null,
        "collectedAt": "2026-09-13T15:06:54.013Z"
      }
    },
    {
      "type": "Feature",
      "id": "gwangjin:security_light:LA2825",
      "geometry": {
        "type": "Point",
        "coordinates": [
          127.0645543,
          37.53976044
        ]
      },
      "properties": {
        "id": "gwangjin:security_light:LA2825",
        "type": "security_light",
        "name": "스마트보안등 LA2825",
        "address": null,
        "purpose": null,
        "managingAgency": "서울특별시 광진구",
        "sourceDatasetId": "gwangjin-smart-security-light",
        "sourceRecordId": "LA2825",
        "sourceUpdatedAt": null,
        "collectedAt": "2026-09-13T15:06:54.013Z"
      }
    },
    {
      "type": "Feature",
      "id": "gwangjin:security_light:LA2827",
      "geometry": {
        "type": "Point",
        "coordinates": [
          127.0794361,
          37.53849524
        ]
      },
      "properties": {
        "id": "gwangjin:security_light:LA2827",
        "type": "security_light",
        "name": "스마트보안등 LA2827",
        "address": null,
        "purpose": null,
        "managingAgency": "서울특별시 광진구",
        "sourceDatasetId": "gwangjin-smart-security-light",
        "sourceRecordId": "LA2827",
        "sourceUpdatedAt": null,
        "collectedAt": "2026-09-13T15:06:54.013Z"
      }
    },
    {
      "type": "Feature",
      "id": "gwangjin:security_light:LA2830",
      "geometry": {
        "type": "Point",
        "coordinates": [
          127.0672338,
          37.53495624
        ]
      },
      "properties": {
        "id": "gwangjin:security_light:LA2830",
        "type": "security_light",
        "name": "스마트보안등 LA2830",
        "address": null,
        "purpose": null,
        "managingAgency": "서울특별시 광진구",
        "sourceDatasetId": "gwangjin-smart-security-light",
        "sourceRecordId": "LA2830",
        "sourceUpdatedAt": null,
        "collectedAt": "2026-09-13T15:06:54.013Z"
      }
    },
    {
      "type": "Feature",
      "id": "gwangjin:security_light:LA2843",
      "geometry": {
        "type": "Point",
        "coordinates": [
          127.0670457,
          37.53456744
        ]
      },
      "properties": {
        "id": "gwangjin:security_light:LA2843",
        "type": "security_light",
        "name": "스마트보안등 LA2843",
        "address": null,
        "purpose": null,
        "managingAgency": "서울특별시 광진구",
        "sourceDatasetId": "gwangjin-smart-security-light",
        "sourceRecordId": "LA2843",
        "sourceUpdatedAt": null,
        "collectedAt": "2026-09-13T15:06:54.013Z"
      }
    },
    {
      "type": "Feature",
      "id": "gwangjin:security_light:LA2854",
      "geometry": {
        "type": "Point",
        "coordinates": [
          127.0752848,
          37.53503214
        ]
      },
      "properties": {
        "id": "gwangjin:security_light:LA2854",
        "type": "security_light",
        "name": "스마트보안등 LA2854",
        "address": null,
        "purpose": null,
        "managingAgency": "서울특별시 광진구",
        "sourceDatasetId": "gwangjin-smart-security-light",
        "sourceRecordId": "LA2854",
        "sourceUpdatedAt": null,
        "collectedAt": "2026-09-13T15:06:54.013Z"
      }
    },
    {
      "type": "Feature",
      "id": "gwangjin:security_light:LA2898",
      "geometry": {
        "type": "Point",
        "coordinates": [
          127.0632368,
          37.54009984
        ]
      },
      "properties": {
        "id": "gwangjin:security_light:LA2898",
        "type": "security_light",
        "name": "스마트보안등 LA2898",
        "address": null,
        "purpose": null,
        "managingAgency": "서울특별시 광진구",
        "sourceDatasetId": "gwangjin-smart-security-light",
        "sourceRecordId": "LA2898",
        "sourceUpdatedAt": null,
        "collectedAt": "2026-09-13T15:06:54.013Z"
      }
    },
    {
      "type": "Feature",
      "id": "gwangjin:security_light:LA2935",
      "geometry": {
        "type": "Point",
        "coordinates": [
          127.0776384,
          37.53488014
        ]
      },
      "properties": {
        "id": "gwangjin:security_light:LA2935",
        "type": "security_light",
        "name": "스마트보안등 LA2935",
        "address": null,
        "purpose": null,
        "managingAgency": "서울특별시 광진구",
        "sourceDatasetId": "gwangjin-smart-security-light",
        "sourceRecordId": "LA2935",
        "sourceUpdatedAt": null,
        "collectedAt": "2026-09-13T15:06:54.013Z"
      }
    },
    {
      "type": "Feature",
      "id": "gwangjin:security_light:LA2969",
      "geometry": {
        "type": "Point",
        "coordinates": [
          127.0737473,
          37.53616174
        ]
      },
      "properties": {
        "id": "gwangjin:security_light:LA2969",
        "type": "security_light",
        "name": "스마트보안등 LA2969",
        "address": null,
        "purpose": null,
        "managingAgency": "서울특별시 광진구",
        "sourceDatasetId": "gwangjin-smart-security-light",
        "sourceRecordId": "LA2969",
        "sourceUpdatedAt": null,
        "collectedAt": "2026-09-13T15:06:54.013Z"
      }
    },
    {
      "type": "Feature",
      "id": "gwangjin:security_light:LA2997",
      "geometry": {
        "type": "Point",
        "coordinates": [
          127.0821189,
          37.53894684
        ]
      },
      "properties": {
        "id": "gwangjin:security_light:LA2997",
        "type": "security_light",
        "name": "스마트보안등 LA2997",
        "address": null,
        "purpose": null,
        "managingAgency": "서울특별시 광진구",
        "sourceDatasetId": "gwangjin-smart-security-light",
        "sourceRecordId": "LA2997",
        "sourceUpdatedAt": null,
        "collectedAt": "2026-09-13T15:06:54.013Z"
      }
    },
    {
      "type": "Feature",
      "id": "gwangjin:security_light:LA3023",
      "geometry": {
        "type": "Point",
        "coordinates": [
          127.0804495,
          37.53822184
        ]
      },
      "properties": {
        "id": "gwangjin:security_light:LA3023",
        "type": "security_light",
        "name": "스마트보안등 LA3023",
        "address": null,
        "purpose": null,
        "managingAgency": "서울특별시 광진구",
        "sourceDatasetId": "gwangjin-smart-security-light",
        "sourceRecordId": "LA3023",
        "sourceUpdatedAt": null,
        "collectedAt": "2026-09-13T15:06:54.013Z"
      }
    },
    {
      "type": "Feature",
      "id": "gwangjin:security_light:LA3034",
      "geometry": {
        "type": "Point",
        "coordinates": [
          127.0669166,
          37.53901164
        ]
      },
      "properties": {
        "id": "gwangjin:security_light:LA3034",
        "type": "security_light",
        "name": "스마트보안등 LA3034",
        "address": null,
        "purpose": null,
        "managingAgency": "서울특별시 광진구",
        "sourceDatasetId": "gwangjin-smart-security-light",
        "sourceRecordId": "LA3034",
        "sourceUpdatedAt": null,
        "collectedAt": "2026-09-13T15:06:54.013Z"
      }
    },
    {
      "type": "Feature",
      "id": "gwangjin:security_light:LA3037",
      "geometry": {
        "type": "Point",
        "coordinates": [
          127.0763937,
          37.53443104
        ]
      },
      "properties": {
        "id": "gwangjin:security_light:LA3037",
        "type": "security_light",
        "name": "스마트보안등 LA3037",
        "address": null,
        "purpose": null,
        "managingAgency": "서울특별시 광진구",
        "sourceDatasetId": "gwangjin-smart-security-light",
        "sourceRecordId": "LA3037",
        "sourceUpdatedAt": null,
        "collectedAt": "2026-09-13T15:06:54.013Z"
      }
    },
    {
      "type": "Feature",
      "id": "gwangjin:security_light:LA3057",
      "geometry": {
        "type": "Point",
        "coordinates": [
          127.0664554,
          37.53913114
        ]
      },
      "properties": {
        "id": "gwangjin:security_light:LA3057",
        "type": "security_light",
        "name": "스마트보안등 LA3057",
        "address": null,
        "purpose": null,
        "managingAgency": "서울특별시 광진구",
        "sourceDatasetId": "gwangjin-smart-security-light",
        "sourceRecordId": "LA3057",
        "sourceUpdatedAt": null,
        "collectedAt": "2026-09-13T15:06:54.013Z"
      }
    },
    {
      "type": "Feature",
      "id": "gwangjin:security_light:LA3085",
      "geometry": {
        "type": "Point",
        "coordinates": [
          127.0801445,
          37.53835524
        ]
      },
      "properties": {
        "id": "gwangjin:security_light:LA3085",
        "type": "security_light",
        "name": "스마트보안등 LA3085",
        "address": null,
        "purpose": null,
        "managingAgency": "서울특별시 광진구",
        "sourceDatasetId": "gwangjin-smart-security-light",
        "sourceRecordId": "LA3085",
        "sourceUpdatedAt": null,
        "collectedAt": "2026-09-13T15:06:54.013Z"
      }
    },
    {
      "type": "Feature",
      "id": "gwangjin:security_light:LA3142",
      "geometry": {
        "type": "Point",
        "coordinates": [
          127.0748911,
          37.53402224
        ]
      },
      "properties": {
        "id": "gwangjin:security_light:LA3142",
        "type": "security_light",
        "name": "스마트보안등 LA3142",
        "address": null,
        "purpose": null,
        "managingAgency": "서울특별시 광진구",
        "sourceDatasetId": "gwangjin-smart-security-light",
        "sourceRecordId": "LA3142",
        "sourceUpdatedAt": null,
        "collectedAt": "2026-09-13T15:06:54.013Z"
      }
    },
    {
      "type": "Feature",
      "id": "gwangjin:security_light:LA3154",
      "geometry": {
        "type": "Point",
        "coordinates": [
          127.0686971,
          37.53391144
        ]
      },
      "properties": {
        "id": "gwangjin:security_light:LA3154",
        "type": "security_light",
        "name": "스마트보안등 LA3154",
        "address": null,
        "purpose": null,
        "managingAgency": "서울특별시 광진구",
        "sourceDatasetId": "gwangjin-smart-security-light",
        "sourceRecordId": "LA3154",
        "sourceUpdatedAt": null,
        "collectedAt": "2026-09-13T15:06:54.013Z"
      }
    },
    {
      "type": "Feature",
      "id": "gwangjin:security_light:LA3155",
      "geometry": {
        "type": "Point",
        "coordinates": [
          127.0725612,
          37.53641594
        ]
      },
      "properties": {
        "id": "gwangjin:security_light:LA3155",
        "type": "security_light",
        "name": "스마트보안등 LA3155",
        "address": null,
        "purpose": null,
        "managingAgency": "서울특별시 광진구",
        "sourceDatasetId": "gwangjin-smart-security-light",
        "sourceRecordId": "LA3155",
        "sourceUpdatedAt": null,
        "collectedAt": "2026-09-13T15:06:54.013Z"
      }
    },
    {
      "type": "Feature",
      "id": "gwangjin:security_light:LA3302",
      "geometry": {
        "type": "Point",
        "coordinates": [
          127.0780564,
          37.53857634
        ]
      },
      "properties": {
        "id": "gwangjin:security_light:LA3302",
        "type": "security_light",
        "name": "스마트보안등 LA3302",
        "address": null,
        "purpose": null,
        "managingAgency": "서울특별시 광진구",
        "sourceDatasetId": "gwangjin-smart-security-light",
        "sourceRecordId": "LA3302",
        "sourceUpdatedAt": null,
        "collectedAt": "2026-09-13T15:06:54.013Z"
      }
    },
    {
      "type": "Feature",
      "id": "gwangjin:security_light:LA3307",
      "geometry": {
        "type": "Point",
        "coordinates": [
          127.0711974,
          37.53324254
        ]
      },
      "properties": {
        "id": "gwangjin:security_light:LA3307",
        "type": "security_light",
        "name": "스마트보안등 LA3307",
        "address": null,
        "purpose": null,
        "managingAgency": "서울특별시 광진구",
        "sourceDatasetId": "gwangjin-smart-security-light",
        "sourceRecordId": "LA3307",
        "sourceUpdatedAt": null,
        "collectedAt": "2026-09-13T15:06:54.013Z"
      }
    },
    {
      "type": "Feature",
      "id": "gwangjin:security_light:LA3340",
      "geometry": {
        "type": "Point",
        "coordinates": [
          127.0722536,
          37.53566564
        ]
      },
      "properties": {
        "id": "gwangjin:security_light:LA3340",
        "type": "security_light",
        "name": "스마트보안등 LA3340",
        "address": null,
        "purpose": null,
        "managingAgency": "서울특별시 광진구",
        "sourceDatasetId": "gwangjin-smart-security-light",
        "sourceRecordId": "LA3340",
        "sourceUpdatedAt": null,
        "collectedAt": "2026-09-13T15:06:54.013Z"
      }
    },
    {
      "type": "Feature",
      "id": "gwangjin:security_light:LA3367",
      "geometry": {
        "type": "Point",
        "coordinates": [
          127.067903,
          37.53862844
        ]
      },
      "properties": {
        "id": "gwangjin:security_light:LA3367",
        "type": "security_light",
        "name": "스마트보안등 LA3367",
        "address": null,
        "purpose": null,
        "managingAgency": "서울특별시 광진구",
        "sourceDatasetId": "gwangjin-smart-security-light",
        "sourceRecordId": "LA3367",
        "sourceUpdatedAt": null,
        "collectedAt": "2026-09-13T15:06:54.013Z"
      }
    },
    {
      "type": "Feature",
      "id": "gwangjin:security_light:LA3402",
      "geometry": {
        "type": "Point",
        "coordinates": [
          127.0652843,
          37.53951604
        ]
      },
      "properties": {
        "id": "gwangjin:security_light:LA3402",
        "type": "security_light",
        "name": "스마트보안등 LA3402",
        "address": null,
        "purpose": null,
        "managingAgency": "서울특별시 광진구",
        "sourceDatasetId": "gwangjin-smart-security-light",
        "sourceRecordId": "LA3402",
        "sourceUpdatedAt": null,
        "collectedAt": "2026-09-13T15:06:54.013Z"
      }
    },
    {
      "type": "Feature",
      "id": "gwangjin:security_light:LA3491",
      "geometry": {
        "type": "Point",
        "coordinates": [
          127.0754676,
          37.53545584
        ]
      },
      "properties": {
        "id": "gwangjin:security_light:LA3491",
        "type": "security_light",
        "name": "스마트보안등 LA3491",
        "address": null,
        "purpose": null,
        "managingAgency": "서울특별시 광진구",
        "sourceDatasetId": "gwangjin-smart-security-light",
        "sourceRecordId": "LA3491",
        "sourceUpdatedAt": null,
        "collectedAt": "2026-09-13T15:06:54.013Z"
      }
    },
    {
      "type": "Feature",
      "id": "gwangjin:security_light:LA3544",
      "geometry": {
        "type": "Point",
        "coordinates": [
          127.0751289,
          37.53462614
        ]
      },
      "properties": {
        "id": "gwangjin:security_light:LA3544",
        "type": "security_light",
        "name": "스마트보안등 LA3544",
        "address": null,
        "purpose": null,
        "managingAgency": "서울특별시 광진구",
        "sourceDatasetId": "gwangjin-smart-security-light",
        "sourceRecordId": "LA3544",
        "sourceUpdatedAt": null,
        "collectedAt": "2026-09-13T15:06:54.013Z"
      }
    },
    {
      "type": "Feature",
      "id": "gwangjin:security_light:LA3556",
      "geometry": {
        "type": "Point",
        "coordinates": [
          127.0655797,
          37.53942624
        ]
      },
      "properties": {
        "id": "gwangjin:security_light:LA3556",
        "type": "security_light",
        "name": "스마트보안등 LA3556",
        "address": null,
        "purpose": null,
        "managingAgency": "서울특별시 광진구",
        "sourceDatasetId": "gwangjin-smart-security-light",
        "sourceRecordId": "LA3556",
        "sourceUpdatedAt": null,
        "collectedAt": "2026-09-13T15:06:54.013Z"
      }
    },
    {
      "type": "Feature",
      "id": "gwangjin:security_light:LA3581",
      "geometry": {
        "type": "Point",
        "coordinates": [
          127.0721877,
          37.53550294
        ]
      },
      "properties": {
        "id": "gwangjin:security_light:LA3581",
        "type": "security_light",
        "name": "스마트보안등 LA3581",
        "address": null,
        "purpose": null,
        "managingAgency": "서울특별시 광진구",
        "sourceDatasetId": "gwangjin-smart-security-light",
        "sourceRecordId": "LA3581",
        "sourceUpdatedAt": null,
        "collectedAt": "2026-09-13T15:06:54.013Z"
      }
    },
    {
      "type": "Feature",
      "id": "gwangjin:security_light:LA3681",
      "geometry": {
        "type": "Point",
        "coordinates": [
          127.0748384,
          37.53571164
        ]
      },
      "properties": {
        "id": "gwangjin:security_light:LA3681",
        "type": "security_light",
        "name": "스마트보안등 LA3681",
        "address": null,
        "purpose": null,
        "managingAgency": "서울특별시 광진구",
        "sourceDatasetId": "gwangjin-smart-security-light",
        "sourceRecordId": "LA3681",
        "sourceUpdatedAt": null,
        "collectedAt": "2026-09-13T15:06:54.013Z"
      }
    },
    {
      "type": "Feature",
      "id": "gwangjin:security_light:LA3738",
      "geometry": {
        "type": "Point",
        "coordinates": [
          127.0668492,
          37.53896604
        ]
      },
      "properties": {
        "id": "gwangjin:security_light:LA3738",
        "type": "security_light",
        "name": "스마트보안등 LA3738",
        "address": null,
        "purpose": null,
        "managingAgency": "서울특별시 광진구",
        "sourceDatasetId": "gwangjin-smart-security-light",
        "sourceRecordId": "LA3738",
        "sourceUpdatedAt": null,
        "collectedAt": "2026-09-13T15:06:54.013Z"
      }
    },
    {
      "type": "Feature",
      "id": "gwangjin:security_light:LA3750",
      "geometry": {
        "type": "Point",
        "coordinates": [
          127.0776049,
          37.53507384
        ]
      },
      "properties": {
        "id": "gwangjin:security_light:LA3750",
        "type": "security_light",
        "name": "스마트보안등 LA3750",
        "address": null,
        "purpose": null,
        "managingAgency": "서울특별시 광진구",
        "sourceDatasetId": "gwangjin-smart-security-light",
        "sourceRecordId": "LA3750",
        "sourceUpdatedAt": null,
        "collectedAt": "2026-09-13T15:06:54.013Z"
      }
    },
    {
      "type": "Feature",
      "id": "gwangjin:security_light:LA3831",
      "geometry": {
        "type": "Point",
        "coordinates": [
          127.0753803,
          37.53525444
        ]
      },
      "properties": {
        "id": "gwangjin:security_light:LA3831",
        "type": "security_light",
        "name": "스마트보안등 LA3831",
        "address": null,
        "purpose": null,
        "managingAgency": "서울특별시 광진구",
        "sourceDatasetId": "gwangjin-smart-security-light",
        "sourceRecordId": "LA3831",
        "sourceUpdatedAt": null,
        "collectedAt": "2026-09-13T15:06:54.013Z"
      }
    },
    {
      "type": "Feature",
      "id": "gwangjin:security_light:LA3840",
      "geometry": {
        "type": "Point",
        "coordinates": [
          127.063633,
          37.54008494
        ]
      },
      "properties": {
        "id": "gwangjin:security_light:LA3840",
        "type": "security_light",
        "name": "스마트보안등 LA3840",
        "address": null,
        "purpose": null,
        "managingAgency": "서울특별시 광진구",
        "sourceDatasetId": "gwangjin-smart-security-light",
        "sourceRecordId": "LA3840",
        "sourceUpdatedAt": null,
        "collectedAt": "2026-09-13T15:06:54.013Z"
      }
    },
    {
      "type": "Feature",
      "id": "gwangjin:security_light:LA3842",
      "geometry": {
        "type": "Point",
        "coordinates": [
          127.064171,
          37.53989754
        ]
      },
      "properties": {
        "id": "gwangjin:security_light:LA3842",
        "type": "security_light",
        "name": "스마트보안등 LA3842",
        "address": null,
        "purpose": null,
        "managingAgency": "서울특별시 광진구",
        "sourceDatasetId": "gwangjin-smart-security-light",
        "sourceRecordId": "LA3842",
        "sourceUpdatedAt": null,
        "collectedAt": "2026-09-13T15:06:54.013Z"
      }
    },
    {
      "type": "Feature",
      "id": "gwangjin:security_light:LA3847",
      "geometry": {
        "type": "Point",
        "coordinates": [
          127.0730609,
          37.53390644
        ]
      },
      "properties": {
        "id": "gwangjin:security_light:LA3847",
        "type": "security_light",
        "name": "스마트보안등 LA3847",
        "address": null,
        "purpose": null,
        "managingAgency": "서울특별시 광진구",
        "sourceDatasetId": "gwangjin-smart-security-light",
        "sourceRecordId": "LA3847",
        "sourceUpdatedAt": null,
        "collectedAt": "2026-09-13T15:06:54.013Z"
      }
    },
    {
      "type": "Feature",
      "id": "gwangjin:security_light:LA3899",
      "geometry": {
        "type": "Point",
        "coordinates": [
          127.063128,
          37.54026474
        ]
      },
      "properties": {
        "id": "gwangjin:security_light:LA3899",
        "type": "security_light",
        "name": "스마트보안등 LA3899",
        "address": null,
        "purpose": null,
        "managingAgency": "서울특별시 광진구",
        "sourceDatasetId": "gwangjin-smart-security-light",
        "sourceRecordId": "LA3899",
        "sourceUpdatedAt": null,
        "collectedAt": "2026-09-13T15:06:54.013Z"
      }
    },
    {
      "type": "Feature",
      "id": "gwangjin:security_light:LA3907",
      "geometry": {
        "type": "Point",
        "coordinates": [
          127.0778386,
          37.53541794
        ]
      },
      "properties": {
        "id": "gwangjin:security_light:LA3907",
        "type": "security_light",
        "name": "스마트보안등 LA3907",
        "address": null,
        "purpose": null,
        "managingAgency": "서울특별시 광진구",
        "sourceDatasetId": "gwangjin-smart-security-light",
        "sourceRecordId": "LA3907",
        "sourceUpdatedAt": null,
        "collectedAt": "2026-09-13T15:06:54.013Z"
      }
    },
    {
      "type": "Feature",
      "id": "gwangjin:security_light:LA3908",
      "geometry": {
        "type": "Point",
        "coordinates": [
          127.0752108,
          37.53481604
        ]
      },
      "properties": {
        "id": "gwangjin:security_light:LA3908",
        "type": "security_light",
        "name": "스마트보안등 LA3908",
        "address": null,
        "purpose": null,
        "managingAgency": "서울특별시 광진구",
        "sourceDatasetId": "gwangjin-smart-security-light",
        "sourceRecordId": "LA3908",
        "sourceUpdatedAt": null,
        "collectedAt": "2026-09-13T15:06:54.013Z"
      }
    },
    {
      "type": "Feature",
      "id": "gwangjin:security_light:LA3914",
      "geometry": {
        "type": "Point",
        "coordinates": [
          127.072894,
          37.53373444
        ]
      },
      "properties": {
        "id": "gwangjin:security_light:LA3914",
        "type": "security_light",
        "name": "스마트보안등 LA3914",
        "address": null,
        "purpose": null,
        "managingAgency": "서울특별시 광진구",
        "sourceDatasetId": "gwangjin-smart-security-light",
        "sourceRecordId": "LA3914",
        "sourceUpdatedAt": null,
        "collectedAt": "2026-09-13T15:06:54.013Z"
      }
    },
    {
      "type": "Feature",
      "id": "gwangjin:security_light:LA3920",
      "geometry": {
        "type": "Point",
        "coordinates": [
          127.0767508,
          37.53352234
        ]
      },
      "properties": {
        "id": "gwangjin:security_light:LA3920",
        "type": "security_light",
        "name": "스마트보안등 LA3920",
        "address": null,
        "purpose": null,
        "managingAgency": "서울특별시 광진구",
        "sourceDatasetId": "gwangjin-smart-security-light",
        "sourceRecordId": "LA3920",
        "sourceUpdatedAt": null,
        "collectedAt": "2026-09-13T15:06:54.013Z"
      }
    },
    {
      "type": "Feature",
      "id": "gwangjin:security_light:LA3926",
      "geometry": {
        "type": "Point",
        "coordinates": [
          127.0658042,
          37.53935124
        ]
      },
      "properties": {
        "id": "gwangjin:security_light:LA3926",
        "type": "security_light",
        "name": "스마트보안등 LA3926",
        "address": null,
        "purpose": null,
        "managingAgency": "서울특별시 광진구",
        "sourceDatasetId": "gwangjin-smart-security-light",
        "sourceRecordId": "LA3926",
        "sourceUpdatedAt": null,
        "collectedAt": "2026-09-13T15:06:54.013Z"
      }
    },
    {
      "type": "Feature",
      "id": "gwangjin:security_light:LA3935",
      "geometry": {
        "type": "Point",
        "coordinates": [
          127.0766063,
          37.53439464
        ]
      },
      "properties": {
        "id": "gwangjin:security_light:LA3935",
        "type": "security_light",
        "name": "스마트보안등 LA3935",
        "address": null,
        "purpose": null,
        "managingAgency": "서울특별시 광진구",
        "sourceDatasetId": "gwangjin-smart-security-light",
        "sourceRecordId": "LA3935",
        "sourceUpdatedAt": null,
        "collectedAt": "2026-09-13T15:06:54.013Z"
      }
    },
    {
      "type": "Feature",
      "id": "gwangjin:security_light:LA3942",
      "geometry": {
        "type": "Point",
        "coordinates": [
          127.0740382,
          37.53606264
        ]
      },
      "properties": {
        "id": "gwangjin:security_light:LA3942",
        "type": "security_light",
        "name": "스마트보안등 LA3942",
        "address": null,
        "purpose": null,
        "managingAgency": "서울특별시 광진구",
        "sourceDatasetId": "gwangjin-smart-security-light",
        "sourceRecordId": "LA3942",
        "sourceUpdatedAt": null,
        "collectedAt": "2026-09-13T15:06:54.013Z"
      }
    },
    {
      "type": "Feature",
      "id": "gwangjin:security_light:LA3947",
      "geometry": {
        "type": "Point",
        "coordinates": [
          127.0720813,
          37.53521744
        ]
      },
      "properties": {
        "id": "gwangjin:security_light:LA3947",
        "type": "security_light",
        "name": "스마트보안등 LA3947",
        "address": null,
        "purpose": null,
        "managingAgency": "서울특별시 광진구",
        "sourceDatasetId": "gwangjin-smart-security-light",
        "sourceRecordId": "LA3947",
        "sourceUpdatedAt": null,
        "collectedAt": "2026-09-13T15:06:54.013Z"
      }
    },
    {
      "type": "Feature",
      "id": "gwangjin:security_light:LA3983",
      "geometry": {
        "type": "Point",
        "coordinates": [
          127.071891,
          37.53479774
        ]
      },
      "properties": {
        "id": "gwangjin:security_light:LA3983",
        "type": "security_light",
        "name": "스마트보안등 LA3983",
        "address": null,
        "purpose": null,
        "managingAgency": "서울특별시 광진구",
        "sourceDatasetId": "gwangjin-smart-security-light",
        "sourceRecordId": "LA3983",
        "sourceUpdatedAt": null,
        "collectedAt": "2026-09-13T15:06:54.013Z"
      }
    },
    {
      "type": "Feature",
      "id": "gwangjin:security_light:LA3991",
      "geometry": {
        "type": "Point",
        "coordinates": [
          127.0806781,
          37.53821764
        ]
      },
      "properties": {
        "id": "gwangjin:security_light:LA3991",
        "type": "security_light",
        "name": "스마트보안등 LA3991",
        "address": null,
        "purpose": null,
        "managingAgency": "서울특별시 광진구",
        "sourceDatasetId": "gwangjin-smart-security-light",
        "sourceRecordId": "LA3991",
        "sourceUpdatedAt": null,
        "collectedAt": "2026-09-13T15:06:54.013Z"
      }
    },
    {
      "type": "Feature",
      "id": "gwangjin:security_light:LA4020",
      "geometry": {
        "type": "Point",
        "coordinates": [
          127.0742103,
          37.53599274
        ]
      },
      "properties": {
        "id": "gwangjin:security_light:LA4020",
        "type": "security_light",
        "name": "스마트보안등 LA4020",
        "address": null,
        "purpose": null,
        "managingAgency": "서울특별시 광진구",
        "sourceDatasetId": "gwangjin-smart-security-light",
        "sourceRecordId": "LA4020",
        "sourceUpdatedAt": null,
        "collectedAt": "2026-09-13T15:06:54.013Z"
      }
    },
    {
      "type": "Feature",
      "id": "gwangjin:security_light:LA4056",
      "geometry": {
        "type": "Point",
        "coordinates": [
          127.0724731,
          37.53621704
        ]
      },
      "properties": {
        "id": "gwangjin:security_light:LA4056",
        "type": "security_light",
        "name": "스마트보안등 LA4056",
        "address": null,
        "purpose": null,
        "managingAgency": "서울특별시 광진구",
        "sourceDatasetId": "gwangjin-smart-security-light",
        "sourceRecordId": "LA4056",
        "sourceUpdatedAt": null,
        "collectedAt": "2026-09-13T15:06:54.013Z"
      }
    },
    {
      "type": "Feature",
      "id": "gwangjin:security_light:LA4086",
      "geometry": {
        "type": "Point",
        "coordinates": [
          127.0755627,
          37.53548984
        ]
      },
      "properties": {
        "id": "gwangjin:security_light:LA4086",
        "type": "security_light",
        "name": "스마트보안등 LA4086",
        "address": null,
        "purpose": null,
        "managingAgency": "서울특별시 광진구",
        "sourceDatasetId": "gwangjin-smart-security-light",
        "sourceRecordId": "LA4086",
        "sourceUpdatedAt": null,
        "collectedAt": "2026-09-13T15:06:54.013Z"
      }
    },
    {
      "type": "Feature",
      "id": "gwangjin:security_light:LA4147",
      "geometry": {
        "type": "Point",
        "coordinates": [
          127.0720011,
          37.53504194
        ]
      },
      "properties": {
        "id": "gwangjin:security_light:LA4147",
        "type": "security_light",
        "name": "스마트보안등 LA4147",
        "address": null,
        "purpose": null,
        "managingAgency": "서울특별시 광진구",
        "sourceDatasetId": "gwangjin-smart-security-light",
        "sourceRecordId": "LA4147",
        "sourceUpdatedAt": null,
        "collectedAt": "2026-09-13T15:06:54.013Z"
      }
    },
    {
      "type": "Feature",
      "id": "gwangjin:security_light:LA4209",
      "geometry": {
        "type": "Point",
        "coordinates": [
          127.0748331,
          37.53385674
        ]
      },
      "properties": {
        "id": "gwangjin:security_light:LA4209",
        "type": "security_light",
        "name": "스마트보안등 LA4209",
        "address": null,
        "purpose": null,
        "managingAgency": "서울특별시 광진구",
        "sourceDatasetId": "gwangjin-smart-security-light",
        "sourceRecordId": "LA4209",
        "sourceUpdatedAt": null,
        "collectedAt": "2026-09-13T15:06:54.013Z"
      }
    },
    {
      "type": "Feature",
      "id": "gwangjin:security_light:LA4229",
      "geometry": {
        "type": "Point",
        "coordinates": [
          127.0773631,
          37.53426964
        ]
      },
      "properties": {
        "id": "gwangjin:security_light:LA4229",
        "type": "security_light",
        "name": "스마트보안등 LA4229",
        "address": null,
        "purpose": null,
        "managingAgency": "서울특별시 광진구",
        "sourceDatasetId": "gwangjin-smart-security-light",
        "sourceRecordId": "LA4229",
        "sourceUpdatedAt": null,
        "collectedAt": "2026-09-13T15:06:54.013Z"
      }
    },
    {
      "type": "Feature",
      "id": "gwangjin:security_light:LA4231",
      "geometry": {
        "type": "Point",
        "coordinates": [
          127.0699579,
          37.53335624
        ]
      },
      "properties": {
        "id": "gwangjin:security_light:LA4231",
        "type": "security_light",
        "name": "스마트보안등 LA4231",
        "address": null,
        "purpose": null,
        "managingAgency": "서울특별시 광진구",
        "sourceDatasetId": "gwangjin-smart-security-light",
        "sourceRecordId": "LA4231",
        "sourceUpdatedAt": null,
        "collectedAt": "2026-09-13T15:06:54.013Z"
      }
    },
    {
      "type": "Feature",
      "id": "gwangjin:security_light:LA4257",
      "geometry": {
        "type": "Point",
        "coordinates": [
          127.072352,
          37.53594574
        ]
      },
      "properties": {
        "id": "gwangjin:security_light:LA4257",
        "type": "security_light",
        "name": "스마트보안등 LA4257",
        "address": null,
        "purpose": null,
        "managingAgency": "서울특별시 광진구",
        "sourceDatasetId": "gwangjin-smart-security-light",
        "sourceRecordId": "LA4257",
        "sourceUpdatedAt": null,
        "collectedAt": "2026-09-13T15:06:54.013Z"
      }
    },
    {
      "type": "Feature",
      "id": "gwangjin:security_light:LA4299",
      "geometry": {
        "type": "Point",
        "coordinates": [
          127.0781629,
          37.53451344
        ]
      },
      "properties": {
        "id": "gwangjin:security_light:LA4299",
        "type": "security_light",
        "name": "스마트보안등 LA4299",
        "address": null,
        "purpose": null,
        "managingAgency": "서울특별시 광진구",
        "sourceDatasetId": "gwangjin-smart-security-light",
        "sourceRecordId": "LA4299",
        "sourceUpdatedAt": null,
        "collectedAt": "2026-09-13T15:06:54.013Z"
      }
    },
    {
      "type": "Feature",
      "id": "gwangjin:security_light:LA4347",
      "geometry": {
        "type": "Point",
        "coordinates": [
          127.0731372,
          37.53330664
        ]
      },
      "properties": {
        "id": "gwangjin:security_light:LA4347",
        "type": "security_light",
        "name": "스마트보안등 LA4347",
        "address": null,
        "purpose": null,
        "managingAgency": "서울특별시 광진구",
        "sourceDatasetId": "gwangjin-smart-security-light",
        "sourceRecordId": "LA4347",
        "sourceUpdatedAt": null,
        "collectedAt": "2026-09-13T15:06:54.013Z"
      }
    },
    {
      "type": "Feature",
      "id": "gwangjin:security_light:LA4351",
      "geometry": {
        "type": "Point",
        "coordinates": [
          127.0729934,
          37.53376954
        ]
      },
      "properties": {
        "id": "gwangjin:security_light:LA4351",
        "type": "security_light",
        "name": "스마트보안등 LA4351",
        "address": null,
        "purpose": null,
        "managingAgency": "서울특별시 광진구",
        "sourceDatasetId": "gwangjin-smart-security-light",
        "sourceRecordId": "LA4351",
        "sourceUpdatedAt": null,
        "collectedAt": "2026-09-13T15:06:54.013Z"
      }
    },
    {
      "type": "Feature",
      "id": "gwangjin:security_light:LA4379",
      "geometry": {
        "type": "Point",
        "coordinates": [
          127.0783396,
          37.53673144
        ]
      },
      "properties": {
        "id": "gwangjin:security_light:LA4379",
        "type": "security_light",
        "name": "스마트보안등 LA4379",
        "address": null,
        "purpose": null,
        "managingAgency": "서울특별시 광진구",
        "sourceDatasetId": "gwangjin-smart-security-light",
        "sourceRecordId": "LA4379",
        "sourceUpdatedAt": null,
        "collectedAt": "2026-09-13T15:06:54.013Z"
      }
    },
    {
      "type": "Feature",
      "id": "gwangjin:security_light:LA4381",
      "geometry": {
        "type": "Point",
        "coordinates": [
          127.0696836,
          37.53396044
        ]
      },
      "properties": {
        "id": "gwangjin:security_light:LA4381",
        "type": "security_light",
        "name": "스마트보안등 LA4381",
        "address": null,
        "purpose": null,
        "managingAgency": "서울특별시 광진구",
        "sourceDatasetId": "gwangjin-smart-security-light",
        "sourceRecordId": "LA4381",
        "sourceUpdatedAt": null,
        "collectedAt": "2026-09-13T15:06:54.013Z"
      }
    },
    {
      "type": "Feature",
      "id": "gwangjin:security_light:LA4383",
      "geometry": {
        "type": "Point",
        "coordinates": [
          127.076972,
          37.53433214
        ]
      },
      "properties": {
        "id": "gwangjin:security_light:LA4383",
        "type": "security_light",
        "name": "스마트보안등 LA4383",
        "address": null,
        "purpose": null,
        "managingAgency": "서울특별시 광진구",
        "sourceDatasetId": "gwangjin-smart-security-light",
        "sourceRecordId": "LA4383",
        "sourceUpdatedAt": null,
        "collectedAt": "2026-09-13T15:06:54.013Z"
      }
    },
    {
      "type": "Feature",
      "id": "gwangjin:security_light:LA4387",
      "geometry": {
        "type": "Point",
        "coordinates": [
          127.0776156,
          37.53421784
        ]
      },
      "properties": {
        "id": "gwangjin:security_light:LA4387",
        "type": "security_light",
        "name": "스마트보안등 LA4387",
        "address": null,
        "purpose": null,
        "managingAgency": "서울특별시 광진구",
        "sourceDatasetId": "gwangjin-smart-security-light",
        "sourceRecordId": "LA4387",
        "sourceUpdatedAt": null,
        "collectedAt": "2026-09-13T15:06:54.013Z"
      }
    },
    {
      "type": "Feature",
      "id": "gwangjin:security_light:LA4396",
      "geometry": {
        "type": "Point",
        "coordinates": [
          127.0697724,
          37.53414964
        ]
      },
      "properties": {
        "id": "gwangjin:security_light:LA4396",
        "type": "security_light",
        "name": "스마트보안등 LA4396",
        "address": null,
        "purpose": null,
        "managingAgency": "서울특별시 광진구",
        "sourceDatasetId": "gwangjin-smart-security-light",
        "sourceRecordId": "LA4396",
        "sourceUpdatedAt": null,
        "collectedAt": "2026-09-13T15:06:54.013Z"
      }
    },
    {
      "type": "Feature",
      "id": "gwangjin:security_light:LA4406",
      "geometry": {
        "type": "Point",
        "coordinates": [
          127.0779713,
          37.53444884
        ]
      },
      "properties": {
        "id": "gwangjin:security_light:LA4406",
        "type": "security_light",
        "name": "스마트보안등 LA4406",
        "address": null,
        "purpose": null,
        "managingAgency": "서울특별시 광진구",
        "sourceDatasetId": "gwangjin-smart-security-light",
        "sourceRecordId": "LA4406",
        "sourceUpdatedAt": null,
        "collectedAt": "2026-09-13T15:06:54.013Z"
      }
    },
    {
      "type": "Feature",
      "id": "gwangjin:security_light:LA4408",
      "geometry": {
        "type": "Point",
        "coordinates": [
          127.0781657,
          37.53432574
        ]
      },
      "properties": {
        "id": "gwangjin:security_light:LA4408",
        "type": "security_light",
        "name": "스마트보안등 LA4408",
        "address": null,
        "purpose": null,
        "managingAgency": "서울특별시 광진구",
        "sourceDatasetId": "gwangjin-smart-security-light",
        "sourceRecordId": "LA4408",
        "sourceUpdatedAt": null,
        "collectedAt": "2026-09-13T15:06:54.013Z"
      }
    },
    {
      "type": "Feature",
      "id": "gwangjin:security_light:LA4423",
      "geometry": {
        "type": "Point",
        "coordinates": [
          127.0784286,
          37.53726464
        ]
      },
      "properties": {
        "id": "gwangjin:security_light:LA4423",
        "type": "security_light",
        "name": "스마트보안등 LA4423",
        "address": null,
        "purpose": null,
        "managingAgency": "서울특별시 광진구",
        "sourceDatasetId": "gwangjin-smart-security-light",
        "sourceRecordId": "LA4423",
        "sourceUpdatedAt": null,
        "collectedAt": "2026-09-13T15:06:54.013Z"
      }
    },
    {
      "type": "Feature",
      "id": "gwangjin:security_light:LA4553",
      "geometry": {
        "type": "Point",
        "coordinates": [
          127.07731,
          37.53393914
        ]
      },
      "properties": {
        "id": "gwangjin:security_light:LA4553",
        "type": "security_light",
        "name": "스마트보안등 LA4553",
        "address": null,
        "purpose": null,
        "managingAgency": "서울특별시 광진구",
        "sourceDatasetId": "gwangjin-smart-security-light",
        "sourceRecordId": "LA4553",
        "sourceUpdatedAt": null,
        "collectedAt": "2026-09-13T15:06:54.013Z"
      }
    },
    {
      "type": "Feature",
      "id": "gwangjin:security_light:LA4584",
      "geometry": {
        "type": "Point",
        "coordinates": [
          127.074409,
          37.53592884
        ]
      },
      "properties": {
        "id": "gwangjin:security_light:LA4584",
        "type": "security_light",
        "name": "스마트보안등 LA4584",
        "address": null,
        "purpose": null,
        "managingAgency": "서울특별시 광진구",
        "sourceDatasetId": "gwangjin-smart-security-light",
        "sourceRecordId": "LA4584",
        "sourceUpdatedAt": null,
        "collectedAt": "2026-09-13T15:06:54.013Z"
      }
    },
    {
      "type": "Feature",
      "id": "gwangjin:security_light:LA4589",
      "geometry": {
        "type": "Point",
        "coordinates": [
          127.0718204,
          37.53459134
        ]
      },
      "properties": {
        "id": "gwangjin:security_light:LA4589",
        "type": "security_light",
        "name": "스마트보안등 LA4589",
        "address": null,
        "purpose": null,
        "managingAgency": "서울특별시 광진구",
        "sourceDatasetId": "gwangjin-smart-security-light",
        "sourceRecordId": "LA4589",
        "sourceUpdatedAt": null,
        "collectedAt": "2026-09-13T15:06:54.013Z"
      }
    },
    {
      "type": "Feature",
      "id": "gwangjin:security_light:LA4624",
      "geometry": {
        "type": "Point",
        "coordinates": [
          127.0752724,
          37.53561944
        ]
      },
      "properties": {
        "id": "gwangjin:security_light:LA4624",
        "type": "security_light",
        "name": "스마트보안등 LA4624",
        "address": null,
        "purpose": null,
        "managingAgency": "서울특별시 광진구",
        "sourceDatasetId": "gwangjin-smart-security-light",
        "sourceRecordId": "LA4624",
        "sourceUpdatedAt": null,
        "collectedAt": "2026-09-13T15:06:54.013Z"
      }
    },
    {
      "type": "Feature",
      "id": "gwangjin:security_light:LA4652",
      "geometry": {
        "type": "Point",
        "coordinates": [
          127.0811988,
          37.53839544
        ]
      },
      "properties": {
        "id": "gwangjin:security_light:LA4652",
        "type": "security_light",
        "name": "스마트보안등 LA4652",
        "address": null,
        "purpose": null,
        "managingAgency": "서울특별시 광진구",
        "sourceDatasetId": "gwangjin-smart-security-light",
        "sourceRecordId": "LA4652",
        "sourceUpdatedAt": null,
        "collectedAt": "2026-09-13T15:06:54.013Z"
      }
    },
    {
      "type": "Feature",
      "id": "gwangjin:security_light:LA4655",
      "geometry": {
        "type": "Point",
        "coordinates": [
          127.0770071,
          37.53372954
        ]
      },
      "properties": {
        "id": "gwangjin:security_light:LA4655",
        "type": "security_light",
        "name": "스마트보안등 LA4655",
        "address": null,
        "purpose": null,
        "managingAgency": "서울특별시 광진구",
        "sourceDatasetId": "gwangjin-smart-security-light",
        "sourceRecordId": "LA4655",
        "sourceUpdatedAt": null,
        "collectedAt": "2026-09-13T15:06:54.013Z"
      }
    },
    {
      "type": "Feature",
      "id": "gwangjin:security_light:LA4689",
      "geometry": {
        "type": "Point",
        "coordinates": [
          127.0661304,
          37.53926374
        ]
      },
      "properties": {
        "id": "gwangjin:security_light:LA4689",
        "type": "security_light",
        "name": "스마트보안등 LA4689",
        "address": null,
        "purpose": null,
        "managingAgency": "서울특별시 광진구",
        "sourceDatasetId": "gwangjin-smart-security-light",
        "sourceRecordId": "LA4689",
        "sourceUpdatedAt": null,
        "collectedAt": "2026-09-13T15:06:54.013Z"
      }
    },
    {
      "type": "Feature",
      "id": "gwangjin:security_light:LA4699",
      "geometry": {
        "type": "Point",
        "coordinates": [
          127.081637,
          37.53868464
        ]
      },
      "properties": {
        "id": "gwangjin:security_light:LA4699",
        "type": "security_light",
        "name": "스마트보안등 LA4699",
        "address": null,
        "purpose": null,
        "managingAgency": "서울특별시 광진구",
        "sourceDatasetId": "gwangjin-smart-security-light",
        "sourceRecordId": "LA4699",
        "sourceUpdatedAt": null,
        "collectedAt": "2026-09-13T15:06:54.013Z"
      }
    },
    {
      "type": "Feature",
      "id": "gwangjin:security_light:LA4703",
      "geometry": {
        "type": "Point",
        "coordinates": [
          127.0695843,
          37.53376144
        ]
      },
      "properties": {
        "id": "gwangjin:security_light:LA4703",
        "type": "security_light",
        "name": "스마트보안등 LA4703",
        "address": null,
        "purpose": null,
        "managingAgency": "서울특별시 광진구",
        "sourceDatasetId": "gwangjin-smart-security-light",
        "sourceRecordId": "LA4703",
        "sourceUpdatedAt": null,
        "collectedAt": "2026-09-13T15:06:54.013Z"
      }
    },
    {
      "type": "Feature",
      "id": "gwangjin:security_light:LA4716",
      "geometry": {
        "type": "Point",
        "coordinates": [
          127.0810016,
          37.53802594
        ]
      },
      "properties": {
        "id": "gwangjin:security_light:LA4716",
        "type": "security_light",
        "name": "스마트보안등 LA4716",
        "address": null,
        "purpose": null,
        "managingAgency": "서울특별시 광진구",
        "sourceDatasetId": "gwangjin-smart-security-light",
        "sourceRecordId": "LA4716",
        "sourceUpdatedAt": null,
        "collectedAt": "2026-09-13T15:06:54.013Z"
      }
    },
    {
      "type": "Feature",
      "id": "gwangjin:security_light:LA4767",
      "geometry": {
        "type": "Point",
        "coordinates": [
          127.0671166,
          37.53889754
        ]
      },
      "properties": {
        "id": "gwangjin:security_light:LA4767",
        "type": "security_light",
        "name": "스마트보안등 LA4767",
        "address": null,
        "purpose": null,
        "managingAgency": "서울특별시 광진구",
        "sourceDatasetId": "gwangjin-smart-security-light",
        "sourceRecordId": "LA4767",
        "sourceUpdatedAt": null,
        "collectedAt": "2026-09-13T15:06:54.013Z"
      }
    },
    {
      "type": "Feature",
      "id": "gwangjin:security_light:LA4768",
      "geometry": {
        "type": "Point",
        "coordinates": [
          127.0814,
          37.53863324
        ]
      },
      "properties": {
        "id": "gwangjin:security_light:LA4768",
        "type": "security_light",
        "name": "스마트보안등 LA4768",
        "address": null,
        "purpose": null,
        "managingAgency": "서울특별시 광진구",
        "sourceDatasetId": "gwangjin-smart-security-light",
        "sourceRecordId": "LA4768",
        "sourceUpdatedAt": null,
        "collectedAt": "2026-09-13T15:06:54.013Z"
      }
    },
    {
      "type": "Feature",
      "id": "gwangjin:security_light:LA4769",
      "geometry": {
        "type": "Point",
        "coordinates": [
          127.081415,
          37.53855024
        ]
      },
      "properties": {
        "id": "gwangjin:security_light:LA4769",
        "type": "security_light",
        "name": "스마트보안등 LA4769",
        "address": null,
        "purpose": null,
        "managingAgency": "서울특별시 광진구",
        "sourceDatasetId": "gwangjin-smart-security-light",
        "sourceRecordId": "LA4769",
        "sourceUpdatedAt": null,
        "collectedAt": "2026-09-13T15:06:54.013Z"
      }
    },
    {
      "type": "Feature",
      "id": "gwangjin:security_light:LA4773",
      "geometry": {
        "type": "Point",
        "coordinates": [
          127.0727427,
          37.53321554
        ]
      },
      "properties": {
        "id": "gwangjin:security_light:LA4773",
        "type": "security_light",
        "name": "스마트보안등 LA4773",
        "address": null,
        "purpose": null,
        "managingAgency": "서울특별시 광진구",
        "sourceDatasetId": "gwangjin-smart-security-light",
        "sourceRecordId": "LA4773",
        "sourceUpdatedAt": null,
        "collectedAt": "2026-09-13T15:06:54.013Z"
      }
    },
    {
      "type": "Feature",
      "id": "gwangjin:security_light:LA4781",
      "geometry": {
        "type": "Point",
        "coordinates": [
          127.0715054,
          37.53395674
        ]
      },
      "properties": {
        "id": "gwangjin:security_light:LA4781",
        "type": "security_light",
        "name": "스마트보안등 LA4781",
        "address": null,
        "purpose": null,
        "managingAgency": "서울특별시 광진구",
        "sourceDatasetId": "gwangjin-smart-security-light",
        "sourceRecordId": "LA4781",
        "sourceUpdatedAt": null,
        "collectedAt": "2026-09-13T15:06:54.013Z"
      }
    },
    {
      "type": "Feature",
      "id": "gwangjin:security_light:LA4786",
      "geometry": {
        "type": "Point",
        "coordinates": [
          127.0810703,
          37.53825244
        ]
      },
      "properties": {
        "id": "gwangjin:security_light:LA4786",
        "type": "security_light",
        "name": "스마트보안등 LA4786",
        "address": null,
        "purpose": null,
        "managingAgency": "서울특별시 광진구",
        "sourceDatasetId": "gwangjin-smart-security-light",
        "sourceRecordId": "LA4786",
        "sourceUpdatedAt": null,
        "collectedAt": "2026-09-13T15:06:54.013Z"
      }
    },
    {
      "type": "Feature",
      "id": "gwangjin:security_light:LA4820",
      "geometry": {
        "type": "Point",
        "coordinates": [
          127.0670662,
          37.53880554
        ]
      },
      "properties": {
        "id": "gwangjin:security_light:LA4820",
        "type": "security_light",
        "name": "스마트보안등 LA4820",
        "address": null,
        "purpose": null,
        "managingAgency": "서울특별시 광진구",
        "sourceDatasetId": "gwangjin-smart-security-light",
        "sourceRecordId": "LA4820",
        "sourceUpdatedAt": null,
        "collectedAt": "2026-09-13T15:06:54.013Z"
      }
    },
    {
      "type": "Feature",
      "id": "gwangjin:security_light:LA5015",
      "geometry": {
        "type": "Point",
        "coordinates": [
          127.082627,
          37.53915404
        ]
      },
      "properties": {
        "id": "gwangjin:security_light:LA5015",
        "type": "security_light",
        "name": "스마트보안등 LA5015",
        "address": null,
        "purpose": null,
        "managingAgency": "서울특별시 광진구",
        "sourceDatasetId": "gwangjin-smart-security-light",
        "sourceRecordId": "LA5015",
        "sourceUpdatedAt": null,
        "collectedAt": "2026-09-13T15:06:54.013Z"
      }
    },
    {
      "type": "Feature",
      "id": "gwangjin:security_light:LA5155",
      "geometry": {
        "type": "Point",
        "coordinates": [
          127.0713077,
          37.53346864
        ]
      },
      "properties": {
        "id": "gwangjin:security_light:LA5155",
        "type": "security_light",
        "name": "스마트보안등 LA5155",
        "address": null,
        "purpose": null,
        "managingAgency": "서울특별시 광진구",
        "sourceDatasetId": "gwangjin-smart-security-light",
        "sourceRecordId": "LA5155",
        "sourceUpdatedAt": null,
        "collectedAt": "2026-09-13T15:06:54.013Z"
      }
    },
    {
      "type": "Feature",
      "id": "gwangjin:security_light:LA5173",
      "geometry": {
        "type": "Point",
        "coordinates": [
          127.077579,
          37.53414844
        ]
      },
      "properties": {
        "id": "gwangjin:security_light:LA5173",
        "type": "security_light",
        "name": "스마트보안등 LA5173",
        "address": null,
        "purpose": null,
        "managingAgency": "서울특별시 광진구",
        "sourceDatasetId": "gwangjin-smart-security-light",
        "sourceRecordId": "LA5173",
        "sourceUpdatedAt": null,
        "collectedAt": "2026-09-13T15:06:54.013Z"
      }
    },
    {
      "type": "Feature",
      "id": "gwangjin:security_light:LA5695",
      "geometry": {
        "type": "Point",
        "coordinates": [
          127.0729981,
          37.53358474
        ]
      },
      "properties": {
        "id": "gwangjin:security_light:LA5695",
        "type": "security_light",
        "name": "스마트보안등 LA5695",
        "address": null,
        "purpose": null,
        "managingAgency": "서울특별시 광진구",
        "sourceDatasetId": "gwangjin-smart-security-light",
        "sourceRecordId": "LA5695",
        "sourceUpdatedAt": null,
        "collectedAt": "2026-09-13T15:06:54.013Z"
      }
    },
    {
      "type": "Feature",
      "id": "gwangjin:security_light:LA5867",
      "geometry": {
        "type": "Point",
        "coordinates": [
          127.0674254,
          37.53540244
        ]
      },
      "properties": {
        "id": "gwangjin:security_light:LA5867",
        "type": "security_light",
        "name": "스마트보안등 LA5867",
        "address": null,
        "purpose": null,
        "managingAgency": "서울특별시 광진구",
        "sourceDatasetId": "gwangjin-smart-security-light",
        "sourceRecordId": "LA5867",
        "sourceUpdatedAt": null,
        "collectedAt": "2026-09-13T15:06:54.013Z"
      }
    },
    {
      "type": "Feature",
      "id": "gwangjin:security_light:LA5868",
      "geometry": {
        "type": "Point",
        "coordinates": [
          127.0777706,
          37.53468774
        ]
      },
      "properties": {
        "id": "gwangjin:security_light:LA5868",
        "type": "security_light",
        "name": "스마트보안등 LA5868",
        "address": null,
        "purpose": null,
        "managingAgency": "서울특별시 광진구",
        "sourceDatasetId": "gwangjin-smart-security-light",
        "sourceRecordId": "LA5868",
        "sourceUpdatedAt": null,
        "collectedAt": "2026-09-13T15:06:54.013Z"
      }
    },
    {
      "type": "Feature",
      "id": "gwangjin:security_light:LA5873",
      "geometry": {
        "type": "Point",
        "coordinates": [
          127.0780659,
          37.53596344
        ]
      },
      "properties": {
        "id": "gwangjin:security_light:LA5873",
        "type": "security_light",
        "name": "스마트보안등 LA5873",
        "address": null,
        "purpose": null,
        "managingAgency": "서울특별시 광진구",
        "sourceDatasetId": "gwangjin-smart-security-light",
        "sourceRecordId": "LA5873",
        "sourceUpdatedAt": null,
        "collectedAt": "2026-09-13T15:06:54.013Z"
      }
    },
    {
      "type": "Feature",
      "id": "gwangjin:security_light:LA5886",
      "geometry": {
        "type": "Point",
        "coordinates": [
          127.0659628,
          37.53927444
        ]
      },
      "properties": {
        "id": "gwangjin:security_light:LA5886",
        "type": "security_light",
        "name": "스마트보안등 LA5886",
        "address": null,
        "purpose": null,
        "managingAgency": "서울특별시 광진구",
        "sourceDatasetId": "gwangjin-smart-security-light",
        "sourceRecordId": "LA5886",
        "sourceUpdatedAt": null,
        "collectedAt": "2026-09-13T15:06:54.013Z"
      }
    },
    {
      "type": "Feature",
      "id": "gwangjin:security_light:LA5888",
      "geometry": {
        "type": "Point",
        "coordinates": [
          127.0796311,
          37.53846174
        ]
      },
      "properties": {
        "id": "gwangjin:security_light:LA5888",
        "type": "security_light",
        "name": "스마트보안등 LA5888",
        "address": null,
        "purpose": null,
        "managingAgency": "서울특별시 광진구",
        "sourceDatasetId": "gwangjin-smart-security-light",
        "sourceRecordId": "LA5888",
        "sourceUpdatedAt": null,
        "collectedAt": "2026-09-13T15:06:54.013Z"
      }
    },
    {
      "type": "Feature",
      "id": "gwangjin:security_light:LA5891",
      "geometry": {
        "type": "Point",
        "coordinates": [
          127.0774872,
          37.53474174
        ]
      },
      "properties": {
        "id": "gwangjin:security_light:LA5891",
        "type": "security_light",
        "name": "스마트보안등 LA5891",
        "address": null,
        "purpose": null,
        "managingAgency": "서울특별시 광진구",
        "sourceDatasetId": "gwangjin-smart-security-light",
        "sourceRecordId": "LA5891",
        "sourceUpdatedAt": null,
        "collectedAt": "2026-09-13T15:06:54.013Z"
      }
    },
    {
      "type": "Feature",
      "id": "gwangjin:security_light:LA5894",
      "geometry": {
        "type": "Point",
        "coordinates": [
          127.0777806,
          37.53525924
        ]
      },
      "properties": {
        "id": "gwangjin:security_light:LA5894",
        "type": "security_light",
        "name": "스마트보안등 LA5894",
        "address": null,
        "purpose": null,
        "managingAgency": "서울특별시 광진구",
        "sourceDatasetId": "gwangjin-smart-security-light",
        "sourceRecordId": "LA5894",
        "sourceUpdatedAt": null,
        "collectedAt": "2026-09-13T15:06:54.013Z"
      }
    },
    {
      "type": "Feature",
      "id": "gwangjin:security_light:LA5897",
      "geometry": {
        "type": "Point",
        "coordinates": [
          127.0710412,
          37.53326084
        ]
      },
      "properties": {
        "id": "gwangjin:security_light:LA5897",
        "type": "security_light",
        "name": "스마트보안등 LA5897",
        "address": null,
        "purpose": null,
        "managingAgency": "서울특별시 광진구",
        "sourceDatasetId": "gwangjin-smart-security-light",
        "sourceRecordId": "LA5897",
        "sourceUpdatedAt": null,
        "collectedAt": "2026-09-13T15:06:54.013Z"
      }
    },
    {
      "type": "Feature",
      "id": "gwangjin:security_light:LA5901",
      "geometry": {
        "type": "Point",
        "coordinates": [
          127.0775863,
          37.53404424
        ]
      },
      "properties": {
        "id": "gwangjin:security_light:LA5901",
        "type": "security_light",
        "name": "스마트보안등 LA5901",
        "address": null,
        "purpose": null,
        "managingAgency": "서울특별시 광진구",
        "sourceDatasetId": "gwangjin-smart-security-light",
        "sourceRecordId": "LA5901",
        "sourceUpdatedAt": null,
        "collectedAt": "2026-09-13T15:06:54.013Z"
      }
    },
    {
      "type": "Feature",
      "id": "gwangjin:security_light:LA5907",
      "geometry": {
        "type": "Point",
        "coordinates": [
          127.0713869,
          37.53370394
        ]
      },
      "properties": {
        "id": "gwangjin:security_light:LA5907",
        "type": "security_light",
        "name": "스마트보안등 LA5907",
        "address": null,
        "purpose": null,
        "managingAgency": "서울특별시 광진구",
        "sourceDatasetId": "gwangjin-smart-security-light",
        "sourceRecordId": "LA5907",
        "sourceUpdatedAt": null,
        "collectedAt": "2026-09-13T15:06:54.013Z"
      }
    },
    {
      "type": "Feature",
      "id": "gwangjin:security_light:LA5908",
      "geometry": {
        "type": "Point",
        "coordinates": [
          127.0771773,
          37.53369484
        ]
      },
      "properties": {
        "id": "gwangjin:security_light:LA5908",
        "type": "security_light",
        "name": "스마트보안등 LA5908",
        "address": null,
        "purpose": null,
        "managingAgency": "서울특별시 광진구",
        "sourceDatasetId": "gwangjin-smart-security-light",
        "sourceRecordId": "LA5908",
        "sourceUpdatedAt": null,
        "collectedAt": "2026-09-13T15:06:54.013Z"
      }
    },
    {
      "type": "Feature",
      "id": "gwangjin:security_light:LA5909",
      "geometry": {
        "type": "Point",
        "coordinates": [
          127.0824047,
          37.53907994
        ]
      },
      "properties": {
        "id": "gwangjin:security_light:LA5909",
        "type": "security_light",
        "name": "스마트보안등 LA5909",
        "address": null,
        "purpose": null,
        "managingAgency": "서울특별시 광진구",
        "sourceDatasetId": "gwangjin-smart-security-light",
        "sourceRecordId": "LA5909",
        "sourceUpdatedAt": null,
        "collectedAt": "2026-09-13T15:06:54.013Z"
      }
    },
    {
      "type": "Feature",
      "id": "gwangjin:security_light:LA6240",
      "geometry": {
        "type": "Point",
        "coordinates": [
          127.0799097,
          37.53836694
        ]
      },
      "properties": {
        "id": "gwangjin:security_light:LA6240",
        "type": "security_light",
        "name": "스마트보안등 LA6240",
        "address": null,
        "purpose": null,
        "managingAgency": "서울특별시 광진구",
        "sourceDatasetId": "gwangjin-smart-security-light",
        "sourceRecordId": "LA6240",
        "sourceUpdatedAt": null,
        "collectedAt": "2026-09-13T15:06:54.013Z"
      }
    },
    {
      "type": "Feature",
      "id": "gwangjin:security_light:LA6242",
      "geometry": {
        "type": "Point",
        "coordinates": [
          127.0673041,
          37.53514914
        ]
      },
      "properties": {
        "id": "gwangjin:security_light:LA6242",
        "type": "security_light",
        "name": "스마트보안등 LA6242",
        "address": null,
        "purpose": null,
        "managingAgency": "서울특별시 광진구",
        "sourceDatasetId": "gwangjin-smart-security-light",
        "sourceRecordId": "LA6242",
        "sourceUpdatedAt": null,
        "collectedAt": "2026-09-13T15:06:54.013Z"
      }
    },
    {
      "type": "Feature",
      "id": "gwangjin:security_light:LA6244",
      "geometry": {
        "type": "Point",
        "coordinates": [
          127.0779171,
          37.53606874
        ]
      },
      "properties": {
        "id": "gwangjin:security_light:LA6244",
        "type": "security_light",
        "name": "스마트보안등 LA6244",
        "address": null,
        "purpose": null,
        "managingAgency": "서울특별시 광진구",
        "sourceDatasetId": "gwangjin-smart-security-light",
        "sourceRecordId": "LA6244",
        "sourceUpdatedAt": null,
        "collectedAt": "2026-09-13T15:06:54.013Z"
      }
    },
    {
      "type": "Feature",
      "id": "gwangjin:security_light:LA6253",
      "geometry": {
        "type": "Point",
        "coordinates": [
          127.0817799,
          37.53877614
        ]
      },
      "properties": {
        "id": "gwangjin:security_light:LA6253",
        "type": "security_light",
        "name": "스마트보안등 LA6253",
        "address": null,
        "purpose": null,
        "managingAgency": "서울특별시 광진구",
        "sourceDatasetId": "gwangjin-smart-security-light",
        "sourceRecordId": "LA6253",
        "sourceUpdatedAt": null,
        "collectedAt": "2026-09-13T15:06:54.013Z"
      }
    },
    {
      "type": "Feature",
      "id": "gwangjin:security_light:LA6282",
      "geometry": {
        "type": "Point",
        "coordinates": [
          127.0650741,
          37.53959564
        ]
      },
      "properties": {
        "id": "gwangjin:security_light:LA6282",
        "type": "security_light",
        "name": "스마트보안등 LA6282",
        "address": null,
        "purpose": null,
        "managingAgency": "서울특별시 광진구",
        "sourceDatasetId": "gwangjin-smart-security-light",
        "sourceRecordId": "LA6282",
        "sourceUpdatedAt": null,
        "collectedAt": "2026-09-13T15:06:54.013Z"
      }
    },
    {
      "type": "Feature",
      "id": "gwangjin:security_light:LA6531",
      "geometry": {
        "type": "Point",
        "coordinates": [
          127.0728514,
          37.53387544
        ]
      },
      "properties": {
        "id": "gwangjin:security_light:LA6531",
        "type": "security_light",
        "name": "스마트보안등 LA6531",
        "address": null,
        "purpose": null,
        "managingAgency": "서울특별시 광진구",
        "sourceDatasetId": "gwangjin-smart-security-light",
        "sourceRecordId": "LA6531",
        "sourceUpdatedAt": null,
        "collectedAt": "2026-09-13T15:06:54.013Z"
      }
    },
    {
      "type": "Feature",
      "id": "gwangjin:security_light:LA6638",
      "geometry": {
        "type": "Point",
        "coordinates": [
          127.0686246,
          37.54275521
        ]
      },
      "properties": {
        "id": "gwangjin:security_light:LA6638",
        "type": "security_light",
        "name": "스마트보안등 LA6638",
        "address": null,
        "purpose": null,
        "managingAgency": "서울특별시 광진구",
        "sourceDatasetId": "gwangjin-smart-security-light",
        "sourceRecordId": "LA6638",
        "sourceUpdatedAt": null,
        "collectedAt": "2026-09-13T15:06:54.013Z"
      }
    },
    {
      "type": "Feature",
      "id": "gwangjin:security_light:LA6808",
      "geometry": {
        "type": "Point",
        "coordinates": [
          127.0672806,
          37.53734121
        ]
      },
      "properties": {
        "id": "gwangjin:security_light:LA6808",
        "type": "security_light",
        "name": "스마트보안등 LA6808",
        "address": null,
        "purpose": null,
        "managingAgency": "서울특별시 광진구",
        "sourceDatasetId": "gwangjin-smart-security-light",
        "sourceRecordId": "LA6808",
        "sourceUpdatedAt": null,
        "collectedAt": "2026-09-13T15:06:54.013Z"
      }
    },
    {
      "type": "Feature",
      "id": "gwangjin:security_light:LA8901",
      "geometry": {
        "type": "Point",
        "coordinates": [
          127.0676427,
          37.54772994
        ]
      },
      "properties": {
        "id": "gwangjin:security_light:LA8901",
        "type": "security_light",
        "name": "스마트보안등 LA8901",
        "address": null,
        "purpose": null,
        "managingAgency": "서울특별시 광진구",
        "sourceDatasetId": "gwangjin-smart-security-light",
        "sourceRecordId": "LA8901",
        "sourceUpdatedAt": null,
        "collectedAt": "2026-09-13T15:06:54.013Z"
      }
    },
    {
      "type": "Feature",
      "id": "gwangjin:security_light:LA9093",
      "geometry": {
        "type": "Point",
        "coordinates": [
          127.0638906,
          37.54070721
        ]
      },
      "properties": {
        "id": "gwangjin:security_light:LA9093",
        "type": "security_light",
        "name": "스마트보안등 LA9093",
        "address": null,
        "purpose": null,
        "managingAgency": "서울특별시 광진구",
        "sourceDatasetId": "gwangjin-smart-security-light",
        "sourceRecordId": "LA9093",
        "sourceUpdatedAt": null,
        "collectedAt": "2026-09-13T15:06:54.013Z"
      }
    },
    {
      "type": "Feature",
      "id": "gwangjin:security_light:LA9094",
      "geometry": {
        "type": "Point",
        "coordinates": [
          127.0763796,
          37.53762821
        ]
      },
      "properties": {
        "id": "gwangjin:security_light:LA9094",
        "type": "security_light",
        "name": "스마트보안등 LA9094",
        "address": null,
        "purpose": null,
        "managingAgency": "서울특별시 광진구",
        "sourceDatasetId": "gwangjin-smart-security-light",
        "sourceRecordId": "LA9094",
        "sourceUpdatedAt": null,
        "collectedAt": "2026-09-13T15:06:54.013Z"
      }
    },
    {
      "type": "Feature",
      "id": "gwangjin:security_light:LA9663",
      "geometry": {
        "type": "Point",
        "coordinates": [
          127.0710375,
          37.54502714
        ]
      },
      "properties": {
        "id": "gwangjin:security_light:LA9663",
        "type": "security_light",
        "name": "스마트보안등 LA9663",
        "address": null,
        "purpose": null,
        "managingAgency": "서울특별시 광진구",
        "sourceDatasetId": "gwangjin-smart-security-light",
        "sourceRecordId": "LA9663",
        "sourceUpdatedAt": null,
        "collectedAt": "2026-09-13T15:06:54.013Z"
      }
    },
    {
      "type": "Feature",
      "id": "gwangjin:security_light:LA9881",
      "geometry": {
        "type": "Point",
        "coordinates": [
          127.0729346,
          37.54967221
        ]
      },
      "properties": {
        "id": "gwangjin:security_light:LA9881",
        "type": "security_light",
        "name": "스마트보안등 LA9881",
        "address": null,
        "purpose": null,
        "managingAgency": "서울특별시 광진구",
        "sourceDatasetId": "gwangjin-smart-security-light",
        "sourceRecordId": "LA9881",
        "sourceUpdatedAt": null,
        "collectedAt": "2026-09-13T15:06:54.013Z"
      }
    },
    {
      "type": "Feature",
      "id": "gwangjin:security_light:LB3875",
      "geometry": {
        "type": "Point",
        "coordinates": [
          127.0674292,
          37.54343864
        ]
      },
      "properties": {
        "id": "gwangjin:security_light:LB3875",
        "type": "security_light",
        "name": "스마트보안등 LB3875",
        "address": null,
        "purpose": null,
        "managingAgency": "서울특별시 광진구",
        "sourceDatasetId": "gwangjin-smart-security-light",
        "sourceRecordId": "LB3875",
        "sourceUpdatedAt": null,
        "collectedAt": "2026-09-13T15:06:54.013Z"
      }
    },
    {
      "type": "Feature",
      "id": "gwangjin:security_light:LB3876",
      "geometry": {
        "type": "Point",
        "coordinates": [
          127.067635,
          37.54341394
        ]
      },
      "properties": {
        "id": "gwangjin:security_light:LB3876",
        "type": "security_light",
        "name": "스마트보안등 LB3876",
        "address": null,
        "purpose": null,
        "managingAgency": "서울특별시 광진구",
        "sourceDatasetId": "gwangjin-smart-security-light",
        "sourceRecordId": "LB3876",
        "sourceUpdatedAt": null,
        "collectedAt": "2026-09-13T15:06:54.013Z"
      }
    },
    {
      "type": "Feature",
      "id": "gwangjin:security_light:LB3878",
      "geometry": {
        "type": "Point",
        "coordinates": [
          127.0678655,
          37.54510984
        ]
      },
      "properties": {
        "id": "gwangjin:security_light:LB3878",
        "type": "security_light",
        "name": "스마트보안등 LB3878",
        "address": null,
        "purpose": null,
        "managingAgency": "서울특별시 광진구",
        "sourceDatasetId": "gwangjin-smart-security-light",
        "sourceRecordId": "LB3878",
        "sourceUpdatedAt": null,
        "collectedAt": "2026-09-13T15:06:54.013Z"
      }
    },
    {
      "type": "Feature",
      "id": "gwangjin:security_light:LB3879",
      "geometry": {
        "type": "Point",
        "coordinates": [
          127.0682117,
          37.54553574
        ]
      },
      "properties": {
        "id": "gwangjin:security_light:LB3879",
        "type": "security_light",
        "name": "스마트보안등 LB3879",
        "address": null,
        "purpose": null,
        "managingAgency": "서울특별시 광진구",
        "sourceDatasetId": "gwangjin-smart-security-light",
        "sourceRecordId": "LB3879",
        "sourceUpdatedAt": null,
        "collectedAt": "2026-09-13T15:06:54.013Z"
      }
    },
    {
      "type": "Feature",
      "id": "gwangjin:security_light:LB3880",
      "geometry": {
        "type": "Point",
        "coordinates": [
          127.0674955,
          37.54411144
        ]
      },
      "properties": {
        "id": "gwangjin:security_light:LB3880",
        "type": "security_light",
        "name": "스마트보안등 LB3880",
        "address": null,
        "purpose": null,
        "managingAgency": "서울특별시 광진구",
        "sourceDatasetId": "gwangjin-smart-security-light",
        "sourceRecordId": "LB3880",
        "sourceUpdatedAt": null,
        "collectedAt": "2026-09-13T15:06:54.013Z"
      }
    },
    {
      "type": "Feature",
      "id": "gwangjin:security_light:LB3881",
      "geometry": {
        "type": "Point",
        "coordinates": [
          127.0682275,
          37.54437454
        ]
      },
      "properties": {
        "id": "gwangjin:security_light:LB3881",
        "type": "security_light",
        "name": "스마트보안등 LB3881",
        "address": null,
        "purpose": null,
        "managingAgency": "서울특별시 광진구",
        "sourceDatasetId": "gwangjin-smart-security-light",
        "sourceRecordId": "LB3881",
        "sourceUpdatedAt": null,
        "collectedAt": "2026-09-13T15:06:54.013Z"
      }
    },
    {
      "type": "Feature",
      "id": "gwangjin:security_light:LB3882",
      "geometry": {
        "type": "Point",
        "coordinates": [
          127.0681269,
          37.54347514
        ]
      },
      "properties": {
        "id": "gwangjin:security_light:LB3882",
        "type": "security_light",
        "name": "스마트보안등 LB3882",
        "address": null,
        "purpose": null,
        "managingAgency": "서울특별시 광진구",
        "sourceDatasetId": "gwangjin-smart-security-light",
        "sourceRecordId": "LB3882",
        "sourceUpdatedAt": null,
        "collectedAt": "2026-09-13T15:06:54.013Z"
      }
    },
    {
      "type": "Feature",
      "id": "gwangjin:security_light:LB3883",
      "geometry": {
        "type": "Point",
        "coordinates": [
          127.0686556,
          37.54484294
        ]
      },
      "properties": {
        "id": "gwangjin:security_light:LB3883",
        "type": "security_light",
        "name": "스마트보안등 LB3883",
        "address": null,
        "purpose": null,
        "managingAgency": "서울특별시 광진구",
        "sourceDatasetId": "gwangjin-smart-security-light",
        "sourceRecordId": "LB3883",
        "sourceUpdatedAt": null,
        "collectedAt": "2026-09-13T15:06:54.013Z"
      }
    },
    {
      "type": "Feature",
      "id": "gwangjin:security_light:LB3886",
      "geometry": {
        "type": "Point",
        "coordinates": [
          127.0674606,
          37.54280294
        ]
      },
      "properties": {
        "id": "gwangjin:security_light:LB3886",
        "type": "security_light",
        "name": "스마트보안등 LB3886",
        "address": null,
        "purpose": null,
        "managingAgency": "서울특별시 광진구",
        "sourceDatasetId": "gwangjin-smart-security-light",
        "sourceRecordId": "LB3886",
        "sourceUpdatedAt": null,
        "collectedAt": "2026-09-13T15:06:54.013Z"
      }
    },
    {
      "type": "Feature",
      "id": "gwangjin:security_light:LB3887",
      "geometry": {
        "type": "Point",
        "coordinates": [
          127.0683966,
          37.54493574
        ]
      },
      "properties": {
        "id": "gwangjin:security_light:LB3887",
        "type": "security_light",
        "name": "스마트보안등 LB3887",
        "address": null,
        "purpose": null,
        "managingAgency": "서울특별시 광진구",
        "sourceDatasetId": "gwangjin-smart-security-light",
        "sourceRecordId": "LB3887",
        "sourceUpdatedAt": null,
        "collectedAt": "2026-09-13T15:06:54.013Z"
      }
    },
    {
      "type": "Feature",
      "id": "gwangjin:security_light:LB3888",
      "geometry": {
        "type": "Point",
        "coordinates": [
          127.0670032,
          37.54263294
        ]
      },
      "properties": {
        "id": "gwangjin:security_light:LB3888",
        "type": "security_light",
        "name": "스마트보안등 LB3888",
        "address": null,
        "purpose": null,
        "managingAgency": "서울특별시 광진구",
        "sourceDatasetId": "gwangjin-smart-security-light",
        "sourceRecordId": "LB3888",
        "sourceUpdatedAt": null,
        "collectedAt": "2026-09-13T15:06:54.013Z"
      }
    },
    {
      "type": "Feature",
      "id": "gwangjin:security_light:LB3889",
      "geometry": {
        "type": "Point",
        "coordinates": [
          127.0680173,
          37.54327934
        ]
      },
      "properties": {
        "id": "gwangjin:security_light:LB3889",
        "type": "security_light",
        "name": "스마트보안등 LB3889",
        "address": null,
        "purpose": null,
        "managingAgency": "서울특별시 광진구",
        "sourceDatasetId": "gwangjin-smart-security-light",
        "sourceRecordId": "LB3889",
        "sourceUpdatedAt": null,
        "collectedAt": "2026-09-13T15:06:54.013Z"
      }
    },
    {
      "type": "Feature",
      "id": "gwangjin:security_light:LB3899",
      "geometry": {
        "type": "Point",
        "coordinates": [
          127.0664763,
          37.54265994
        ]
      },
      "properties": {
        "id": "gwangjin:security_light:LB3899",
        "type": "security_light",
        "name": "스마트보안등 LB3899",
        "address": null,
        "purpose": null,
        "managingAgency": "서울특별시 광진구",
        "sourceDatasetId": "gwangjin-smart-security-light",
        "sourceRecordId": "LB3899",
        "sourceUpdatedAt": null,
        "collectedAt": "2026-09-13T15:06:54.013Z"
      }
    },
    {
      "type": "Feature",
      "id": "gwangjin:security_light:LB3902",
      "geometry": {
        "type": "Point",
        "coordinates": [
          127.0669867,
          37.54318394
        ]
      },
      "properties": {
        "id": "gwangjin:security_light:LB3902",
        "type": "security_light",
        "name": "스마트보안등 LB3902",
        "address": null,
        "purpose": null,
        "managingAgency": "서울특별시 광진구",
        "sourceDatasetId": "gwangjin-smart-security-light",
        "sourceRecordId": "LB3902",
        "sourceUpdatedAt": null,
        "collectedAt": "2026-09-13T15:06:54.013Z"
      }
    },
    {
      "type": "Feature",
      "id": "gwangjin:security_light:LB3935",
      "geometry": {
        "type": "Point",
        "coordinates": [
          127.0672766,
          37.54374744
        ]
      },
      "properties": {
        "id": "gwangjin:security_light:LB3935",
        "type": "security_light",
        "name": "스마트보안등 LB3935",
        "address": null,
        "purpose": null,
        "managingAgency": "서울특별시 광진구",
        "sourceDatasetId": "gwangjin-smart-security-light",
        "sourceRecordId": "LB3935",
        "sourceUpdatedAt": null,
        "collectedAt": "2026-09-13T15:06:54.013Z"
      }
    },
    {
      "type": "Feature",
      "id": "gwangjin:security_light:LB3936",
      "geometry": {
        "type": "Point",
        "coordinates": [
          127.066921,
          37.54233774
        ]
      },
      "properties": {
        "id": "gwangjin:security_light:LB3936",
        "type": "security_light",
        "name": "스마트보안등 LB3936",
        "address": null,
        "purpose": null,
        "managingAgency": "서울특별시 광진구",
        "sourceDatasetId": "gwangjin-smart-security-light",
        "sourceRecordId": "LB3936",
        "sourceUpdatedAt": null,
        "collectedAt": "2026-09-13T15:06:54.013Z"
      }
    },
    {
      "type": "Feature",
      "id": "gwangjin:security_light:LB3937",
      "geometry": {
        "type": "Point",
        "coordinates": [
          127.0676225,
          37.54318164
        ]
      },
      "properties": {
        "id": "gwangjin:security_light:LB3937",
        "type": "security_light",
        "name": "스마트보안등 LB3937",
        "address": null,
        "purpose": null,
        "managingAgency": "서울특별시 광진구",
        "sourceDatasetId": "gwangjin-smart-security-light",
        "sourceRecordId": "LB3937",
        "sourceUpdatedAt": null,
        "collectedAt": "2026-09-13T15:06:54.013Z"
      }
    },
    {
      "type": "Feature",
      "id": "gwangjin:security_light:LB3938",
      "geometry": {
        "type": "Point",
        "coordinates": [
          127.0674196,
          37.54220684
        ]
      },
      "properties": {
        "id": "gwangjin:security_light:LB3938",
        "type": "security_light",
        "name": "스마트보안등 LB3938",
        "address": null,
        "purpose": null,
        "managingAgency": "서울특별시 광진구",
        "sourceDatasetId": "gwangjin-smart-security-light",
        "sourceRecordId": "LB3938",
        "sourceUpdatedAt": null,
        "collectedAt": "2026-09-13T15:06:54.013Z"
      }
    },
    {
      "type": "Feature",
      "id": "gwangjin:security_light:LB3939",
      "geometry": {
        "type": "Point",
        "coordinates": [
          127.0677692,
          37.54336664
        ]
      },
      "properties": {
        "id": "gwangjin:security_light:LB3939",
        "type": "security_light",
        "name": "스마트보안등 LB3939",
        "address": null,
        "purpose": null,
        "managingAgency": "서울특별시 광진구",
        "sourceDatasetId": "gwangjin-smart-security-light",
        "sourceRecordId": "LB3939",
        "sourceUpdatedAt": null,
        "collectedAt": "2026-09-13T15:06:54.013Z"
      }
    },
    {
      "type": "Feature",
      "id": "gwangjin:security_light:LB3942",
      "geometry": {
        "type": "Point",
        "coordinates": [
          127.0678229,
          37.54418184
        ]
      },
      "properties": {
        "id": "gwangjin:security_light:LB3942",
        "type": "security_light",
        "name": "스마트보안등 LB3942",
        "address": null,
        "purpose": null,
        "managingAgency": "서울특별시 광진구",
        "sourceDatasetId": "gwangjin-smart-security-light",
        "sourceRecordId": "LB3942",
        "sourceUpdatedAt": null,
        "collectedAt": "2026-09-13T15:06:54.013Z"
      }
    },
    {
      "type": "Feature",
      "id": "gwangjin:security_light:LB3944",
      "geometry": {
        "type": "Point",
        "coordinates": [
          127.0670589,
          37.54331824
        ]
      },
      "properties": {
        "id": "gwangjin:security_light:LB3944",
        "type": "security_light",
        "name": "스마트보안등 LB3944",
        "address": null,
        "purpose": null,
        "managingAgency": "서울특별시 광진구",
        "sourceDatasetId": "gwangjin-smart-security-light",
        "sourceRecordId": "LB3944",
        "sourceUpdatedAt": null,
        "collectedAt": "2026-09-13T15:06:54.013Z"
      }
    },
    {
      "type": "Feature",
      "id": "gwangjin:security_light:LB3945",
      "geometry": {
        "type": "Point",
        "coordinates": [
          127.0678122,
          37.54353114
        ]
      },
      "properties": {
        "id": "gwangjin:security_light:LB3945",
        "type": "security_light",
        "name": "스마트보안등 LB3945",
        "address": null,
        "purpose": null,
        "managingAgency": "서울특별시 광진구",
        "sourceDatasetId": "gwangjin-smart-security-light",
        "sourceRecordId": "LB3945",
        "sourceUpdatedAt": null,
        "collectedAt": "2026-09-13T15:06:54.013Z"
      }
    },
    {
      "type": "Feature",
      "id": "gwangjin:security_light:LB3946",
      "geometry": {
        "type": "Point",
        "coordinates": [
          127.0682546,
          37.54369294
        ]
      },
      "properties": {
        "id": "gwangjin:security_light:LB3946",
        "type": "security_light",
        "name": "스마트보안등 LB3946",
        "address": null,
        "purpose": null,
        "managingAgency": "서울특별시 광진구",
        "sourceDatasetId": "gwangjin-smart-security-light",
        "sourceRecordId": "LB3946",
        "sourceUpdatedAt": null,
        "collectedAt": "2026-09-13T15:06:54.013Z"
      }
    },
    {
      "type": "Feature",
      "id": "gwangjin:security_light:LB3947",
      "geometry": {
        "type": "Point",
        "coordinates": [
          127.0673711,
          37.54459224
        ]
      },
      "properties": {
        "id": "gwangjin:security_light:LB3947",
        "type": "security_light",
        "name": "스마트보안등 LB3947",
        "address": null,
        "purpose": null,
        "managingAgency": "서울특별시 광진구",
        "sourceDatasetId": "gwangjin-smart-security-light",
        "sourceRecordId": "LB3947",
        "sourceUpdatedAt": null,
        "collectedAt": "2026-09-13T15:06:54.013Z"
      }
    },
    {
      "type": "Feature",
      "id": "gwangjin:security_light:LB5226",
      "geometry": {
        "type": "Point",
        "coordinates": [
          127.0727946,
          37.54821321
        ]
      },
      "properties": {
        "id": "gwangjin:security_light:LB5226",
        "type": "security_light",
        "name": "스마트보안등 LB5226",
        "address": null,
        "purpose": null,
        "managingAgency": "서울특별시 광진구",
        "sourceDatasetId": "gwangjin-smart-security-light",
        "sourceRecordId": "LB5226",
        "sourceUpdatedAt": null,
        "collectedAt": "2026-09-13T15:06:54.013Z"
      }
    },
    {
      "type": "Feature",
      "id": "gwangjin:security_light:LB5239",
      "geometry": {
        "type": "Point",
        "coordinates": [
          127.0842916,
          37.54141221
        ]
      },
      "properties": {
        "id": "gwangjin:security_light:LB5239",
        "type": "security_light",
        "name": "스마트보안등 LB5239",
        "address": null,
        "purpose": null,
        "managingAgency": "서울특별시 광진구",
        "sourceDatasetId": "gwangjin-smart-security-light",
        "sourceRecordId": "LB5239",
        "sourceUpdatedAt": null,
        "collectedAt": "2026-09-13T15:06:54.013Z"
      }
    },
    {
      "type": "Feature",
      "id": "gwangjin:security_light:LB5240",
      "geometry": {
        "type": "Point",
        "coordinates": [
          127.0658858,
          37.53962814
        ]
      },
      "properties": {
        "id": "gwangjin:security_light:LB5240",
        "type": "security_light",
        "name": "스마트보안등 LB5240",
        "address": null,
        "purpose": null,
        "managingAgency": "서울특별시 광진구",
        "sourceDatasetId": "gwangjin-smart-security-light",
        "sourceRecordId": "LB5240",
        "sourceUpdatedAt": null,
        "collectedAt": "2026-09-13T15:06:54.013Z"
      }
    },
    {
      "type": "Feature",
      "id": "gwangjin:security_light:LB5253",
      "geometry": {
        "type": "Point",
        "coordinates": [
          127.0676075,
          37.54452444
        ]
      },
      "properties": {
        "id": "gwangjin:security_light:LB5253",
        "type": "security_light",
        "name": "스마트보안등 LB5253",
        "address": null,
        "purpose": null,
        "managingAgency": "서울특별시 광진구",
        "sourceDatasetId": "gwangjin-smart-security-light",
        "sourceRecordId": "LB5253",
        "sourceUpdatedAt": null,
        "collectedAt": "2026-09-13T15:06:54.013Z"
      }
    },
    {
      "type": "Feature",
      "id": "gwangjin:security_light:LB5257",
      "geometry": {
        "type": "Point",
        "coordinates": [
          127.0725806,
          37.54848121
        ]
      },
      "properties": {
        "id": "gwangjin:security_light:LB5257",
        "type": "security_light",
        "name": "스마트보안등 LB5257",
        "address": null,
        "purpose": null,
        "managingAgency": "서울특별시 광진구",
        "sourceDatasetId": "gwangjin-smart-security-light",
        "sourceRecordId": "LB5257",
        "sourceUpdatedAt": null,
        "collectedAt": "2026-09-13T15:06:54.013Z"
      }
    },
    {
      "type": "Feature",
      "id": "gwangjin:security_light:LB8403",
      "geometry": {
        "type": "Point",
        "coordinates": [
          127.0680529,
          37.54460704
        ]
      },
      "properties": {
        "id": "gwangjin:security_light:LB8403",
        "type": "security_light",
        "name": "스마트보안등 LB8403",
        "address": null,
        "purpose": null,
        "managingAgency": "서울특별시 광진구",
        "sourceDatasetId": "gwangjin-smart-security-light",
        "sourceRecordId": "LB8403",
        "sourceUpdatedAt": null,
        "collectedAt": "2026-09-13T15:06:54.013Z"
      }
    },
    {
      "type": "Feature",
      "id": "gwangjin:security_light:LB8404",
      "geometry": {
        "type": "Point",
        "coordinates": [
          127.0681699,
          37.54513314
        ]
      },
      "properties": {
        "id": "gwangjin:security_light:LB8404",
        "type": "security_light",
        "name": "스마트보안등 LB8404",
        "address": null,
        "purpose": null,
        "managingAgency": "서울특별시 광진구",
        "sourceDatasetId": "gwangjin-smart-security-light",
        "sourceRecordId": "LB8404",
        "sourceUpdatedAt": null,
        "collectedAt": "2026-09-13T15:06:54.013Z"
      }
    },
    {
      "type": "Feature",
      "id": "gwangjin:security_light:LB8406",
      "geometry": {
        "type": "Point",
        "coordinates": [
          127.0684706,
          37.54518254
        ]
      },
      "properties": {
        "id": "gwangjin:security_light:LB8406",
        "type": "security_light",
        "name": "스마트보안등 LB8406",
        "address": null,
        "purpose": null,
        "managingAgency": "서울특별시 광진구",
        "sourceDatasetId": "gwangjin-smart-security-light",
        "sourceRecordId": "LB8406",
        "sourceUpdatedAt": null,
        "collectedAt": "2026-09-13T15:06:54.013Z"
      }
    },
    {
      "type": "Feature",
      "id": "gwangjin:security_light:LB8407",
      "geometry": {
        "type": "Point",
        "coordinates": [
          127.0673141,
          37.54322264
        ]
      },
      "properties": {
        "id": "gwangjin:security_light:LB8407",
        "type": "security_light",
        "name": "스마트보안등 LB8407",
        "address": null,
        "purpose": null,
        "managingAgency": "서울특별시 광진구",
        "sourceDatasetId": "gwangjin-smart-security-light",
        "sourceRecordId": "LB8407",
        "sourceUpdatedAt": null,
        "collectedAt": "2026-09-13T15:06:54.013Z"
      }
    },
    {
      "type": "Feature",
      "id": "gwangjin:security_light:LB8408",
      "geometry": {
        "type": "Point",
        "coordinates": [
          127.0685782,
          37.54453784
        ]
      },
      "properties": {
        "id": "gwangjin:security_light:LB8408",
        "type": "security_light",
        "name": "스마트보안등 LB8408",
        "address": null,
        "purpose": null,
        "managingAgency": "서울특별시 광진구",
        "sourceDatasetId": "gwangjin-smart-security-light",
        "sourceRecordId": "LB8408",
        "sourceUpdatedAt": null,
        "collectedAt": "2026-09-13T15:06:54.013Z"
      }
    },
    {
      "type": "Feature",
      "id": "gwangjin:security_light:LB8409",
      "geometry": {
        "type": "Point",
        "coordinates": [
          127.0682658,
          37.54530694
        ]
      },
      "properties": {
        "id": "gwangjin:security_light:LB8409",
        "type": "security_light",
        "name": "스마트보안등 LB8409",
        "address": null,
        "purpose": null,
        "managingAgency": "서울특별시 광진구",
        "sourceDatasetId": "gwangjin-smart-security-light",
        "sourceRecordId": "LB8409",
        "sourceUpdatedAt": null,
        "collectedAt": "2026-09-13T15:06:54.013Z"
      }
    },
    {
      "type": "Feature",
      "id": "gwangjin:security_light:LB8410",
      "geometry": {
        "type": "Point",
        "coordinates": [
          127.066729,
          37.54261244
        ]
      },
      "properties": {
        "id": "gwangjin:security_light:LB8410",
        "type": "security_light",
        "name": "스마트보안등 LB8410",
        "address": null,
        "purpose": null,
        "managingAgency": "서울특별시 광진구",
        "sourceDatasetId": "gwangjin-smart-security-light",
        "sourceRecordId": "LB8410",
        "sourceUpdatedAt": null,
        "collectedAt": "2026-09-13T15:06:54.013Z"
      }
    },
    {
      "type": "Feature",
      "id": "gwangjin:security_light:LB8411",
      "geometry": {
        "type": "Point",
        "coordinates": [
          127.0672059,
          37.54287124
        ]
      },
      "properties": {
        "id": "gwangjin:security_light:LB8411",
        "type": "security_light",
        "name": "스마트보안등 LB8411",
        "address": null,
        "purpose": null,
        "managingAgency": "서울특별시 광진구",
        "sourceDatasetId": "gwangjin-smart-security-light",
        "sourceRecordId": "LB8411",
        "sourceUpdatedAt": null,
        "collectedAt": "2026-09-13T15:06:54.013Z"
      }
    },
    {
      "type": "Feature",
      "id": "gwangjin:security_light:LB8415",
      "geometry": {
        "type": "Point",
        "coordinates": [
          127.0678427,
          37.54467134
        ]
      },
      "properties": {
        "id": "gwangjin:security_light:LB8415",
        "type": "security_light",
        "name": "스마트보안등 LB8415",
        "address": null,
        "purpose": null,
        "managingAgency": "서울특별시 광진구",
        "sourceDatasetId": "gwangjin-smart-security-light",
        "sourceRecordId": "LB8415",
        "sourceUpdatedAt": null,
        "collectedAt": "2026-09-13T15:06:54.013Z"
      }
    },
    {
      "type": "Feature",
      "id": "gwangjin:security_light:LB8416",
      "geometry": {
        "type": "Point",
        "coordinates": [
          127.068244,
          37.54498364
        ]
      },
      "properties": {
        "id": "gwangjin:security_light:LB8416",
        "type": "security_light",
        "name": "스마트보안등 LB8416",
        "address": null,
        "purpose": null,
        "managingAgency": "서울특별시 광진구",
        "sourceDatasetId": "gwangjin-smart-security-light",
        "sourceRecordId": "LB8416",
        "sourceUpdatedAt": null,
        "collectedAt": "2026-09-13T15:06:54.013Z"
      }
    },
    {
      "type": "Feature",
      "id": "gwangjin:security_light:LB8417",
      "geometry": {
        "type": "Point",
        "coordinates": [
          127.0673692,
          37.54390974
        ]
      },
      "properties": {
        "id": "gwangjin:security_light:LB8417",
        "type": "security_light",
        "name": "스마트보안등 LB8417",
        "address": null,
        "purpose": null,
        "managingAgency": "서울특별시 광진구",
        "sourceDatasetId": "gwangjin-smart-security-light",
        "sourceRecordId": "LB8417",
        "sourceUpdatedAt": null,
        "collectedAt": "2026-09-13T15:06:54.013Z"
      }
    },
    {
      "type": "Feature",
      "id": "gwangjin:security_light:LB8427",
      "geometry": {
        "type": "Point",
        "coordinates": [
          127.0673365,
          37.54249284
        ]
      },
      "properties": {
        "id": "gwangjin:security_light:LB8427",
        "type": "security_light",
        "name": "스마트보안등 LB8427",
        "address": null,
        "purpose": null,
        "managingAgency": "서울특별시 광진구",
        "sourceDatasetId": "gwangjin-smart-security-light",
        "sourceRecordId": "LB8427",
        "sourceUpdatedAt": null,
        "collectedAt": "2026-09-13T15:06:54.013Z"
      }
    },
    {
      "type": "Feature",
      "id": "gwangjin:security_light:LB8464",
      "geometry": {
        "type": "Point",
        "coordinates": [
          127.0681026,
          37.54469734
        ]
      },
      "properties": {
        "id": "gwangjin:security_light:LB8464",
        "type": "security_light",
        "name": "스마트보안등 LB8464",
        "address": null,
        "purpose": null,
        "managingAgency": "서울특별시 광진구",
        "sourceDatasetId": "gwangjin-smart-security-light",
        "sourceRecordId": "LB8464",
        "sourceUpdatedAt": null,
        "collectedAt": "2026-09-13T15:06:54.013Z"
      }
    },
    {
      "type": "Feature",
      "id": "gwangjin:security_light:LB8465",
      "geometry": {
        "type": "Point",
        "coordinates": [
          127.067574,
          37.54299584
        ]
      },
      "properties": {
        "id": "gwangjin:security_light:LB8465",
        "type": "security_light",
        "name": "스마트보안등 LB8465",
        "address": null,
        "purpose": null,
        "managingAgency": "서울특별시 광진구",
        "sourceDatasetId": "gwangjin-smart-security-light",
        "sourceRecordId": "LB8465",
        "sourceUpdatedAt": null,
        "collectedAt": "2026-09-13T15:06:54.013Z"
      }
    },
    {
      "type": "Feature",
      "id": "gwangjin:security_light:LB8466",
      "geometry": {
        "type": "Point",
        "coordinates": [
          127.0678977,
          37.54555574
        ]
      },
      "properties": {
        "id": "gwangjin:security_light:LB8466",
        "type": "security_light",
        "name": "스마트보안등 LB8466",
        "address": null,
        "purpose": null,
        "managingAgency": "서울특별시 광진구",
        "sourceDatasetId": "gwangjin-smart-security-light",
        "sourceRecordId": "LB8466",
        "sourceUpdatedAt": null,
        "collectedAt": "2026-09-13T15:06:54.013Z"
      }
    },
    {
      "type": "Feature",
      "id": "gwangjin:security_light:LB8467",
      "geometry": {
        "type": "Point",
        "coordinates": [
          127.067001,
          37.54307434
        ]
      },
      "properties": {
        "id": "gwangjin:security_light:LB8467",
        "type": "security_light",
        "name": "스마트보안등 LB8467",
        "address": null,
        "purpose": null,
        "managingAgency": "서울특별시 광진구",
        "sourceDatasetId": "gwangjin-smart-security-light",
        "sourceRecordId": "LB8467",
        "sourceUpdatedAt": null,
        "collectedAt": "2026-09-13T15:06:54.013Z"
      }
    },
    {
      "type": "Feature",
      "id": "gwangjin:security_light:LB8470",
      "geometry": {
        "type": "Point",
        "coordinates": [
          127.0679396,
          37.54487021
        ]
      },
      "properties": {
        "id": "gwangjin:security_light:LB8470",
        "type": "security_light",
        "name": "스마트보안등 LB8470",
        "address": null,
        "purpose": null,
        "managingAgency": "서울특별시 광진구",
        "sourceDatasetId": "gwangjin-smart-security-light",
        "sourceRecordId": "LB8470",
        "sourceUpdatedAt": null,
        "collectedAt": "2026-09-13T15:06:54.013Z"
      }
    },
    {
      "type": "Feature",
      "id": "gwangjin:security_light:LB8471",
      "geometry": {
        "type": "Point",
        "coordinates": [
          127.0665247,
          37.54247624
        ]
      },
      "properties": {
        "id": "gwangjin:security_light:LB8471",
        "type": "security_light",
        "name": "스마트보안등 LB8471",
        "address": null,
        "purpose": null,
        "managingAgency": "서울특별시 광진구",
        "sourceDatasetId": "gwangjin-smart-security-light",
        "sourceRecordId": "LB8471",
        "sourceUpdatedAt": null,
        "collectedAt": "2026-09-13T15:06:54.013Z"
      }
    },
    {
      "type": "Feature",
      "id": "gwangjin:security_light:LB8473",
      "geometry": {
        "type": "Point",
        "coordinates": [
          127.0687519,
          37.54499854
        ]
      },
      "properties": {
        "id": "gwangjin:security_light:LB8473",
        "type": "security_light",
        "name": "스마트보안등 LB8473",
        "address": null,
        "purpose": null,
        "managingAgency": "서울특별시 광진구",
        "sourceDatasetId": "gwangjin-smart-security-light",
        "sourceRecordId": "LB8473",
        "sourceUpdatedAt": null,
        "collectedAt": "2026-09-13T15:06:54.013Z"
      }
    },
    {
      "type": "Feature",
      "id": "gwangjin:security_light:LB8474",
      "geometry": {
        "type": "Point",
        "coordinates": [
          127.0681012,
          37.54548924
        ]
      },
      "properties": {
        "id": "gwangjin:security_light:LB8474",
        "type": "security_light",
        "name": "스마트보안등 LB8474",
        "address": null,
        "purpose": null,
        "managingAgency": "서울특별시 광진구",
        "sourceDatasetId": "gwangjin-smart-security-light",
        "sourceRecordId": "LB8474",
        "sourceUpdatedAt": null,
        "collectedAt": "2026-09-13T15:06:54.013Z"
      }
    },
    {
      "type": "Feature",
      "id": "gwangjin:security_light:LB8475",
      "geometry": {
        "type": "Point",
        "coordinates": [
          127.0679369,
          37.54438814
        ]
      },
      "properties": {
        "id": "gwangjin:security_light:LB8475",
        "type": "security_light",
        "name": "스마트보안등 LB8475",
        "address": null,
        "purpose": null,
        "managingAgency": "서울특별시 광진구",
        "sourceDatasetId": "gwangjin-smart-security-light",
        "sourceRecordId": "LB8475",
        "sourceUpdatedAt": null,
        "collectedAt": "2026-09-13T15:06:54.013Z"
      }
    },
    {
      "type": "Feature",
      "id": "gwangjin:security_light:LB8476",
      "geometry": {
        "type": "Point",
        "coordinates": [
          127.0671789,
          37.54229074
        ]
      },
      "properties": {
        "id": "gwangjin:security_light:LB8476",
        "type": "security_light",
        "name": "스마트보안등 LB8476",
        "address": null,
        "purpose": null,
        "managingAgency": "서울특별시 광진구",
        "sourceDatasetId": "gwangjin-smart-security-light",
        "sourceRecordId": "LB8476",
        "sourceUpdatedAt": null,
        "collectedAt": "2026-09-13T15:06:54.013Z"
      }
    },
    {
      "type": "Feature",
      "id": "gwangjin:security_light:LB8477",
      "geometry": {
        "type": "Point",
        "coordinates": [
          127.0671709,
          37.54357904
        ]
      },
      "properties": {
        "id": "gwangjin:security_light:LB8477",
        "type": "security_light",
        "name": "스마트보안등 LB8477",
        "address": null,
        "purpose": null,
        "managingAgency": "서울특별시 광진구",
        "sourceDatasetId": "gwangjin-smart-security-light",
        "sourceRecordId": "LB8477",
        "sourceUpdatedAt": null,
        "collectedAt": "2026-09-13T15:06:54.013Z"
      }
    },
    {
      "type": "Feature",
      "id": "gwangjin:security_light:LB8478",
      "geometry": {
        "type": "Point",
        "coordinates": [
          127.0679522,
          37.54527184
        ]
      },
      "properties": {
        "id": "gwangjin:security_light:LB8478",
        "type": "security_light",
        "name": "스마트보안등 LB8478",
        "address": null,
        "purpose": null,
        "managingAgency": "서울특별시 광진구",
        "sourceDatasetId": "gwangjin-smart-security-light",
        "sourceRecordId": "LB8478",
        "sourceUpdatedAt": null,
        "collectedAt": "2026-09-13T15:06:54.013Z"
      }
    },
    {
      "type": "Feature",
      "id": "gwangjin:security_light:LB9741",
      "geometry": {
        "type": "Point",
        "coordinates": [
          127.0670119,
          37.54249834
        ]
      },
      "properties": {
        "id": "gwangjin:security_light:LB9741",
        "type": "security_light",
        "name": "스마트보안등 LB9741",
        "address": null,
        "purpose": null,
        "managingAgency": "서울특별시 광진구",
        "sourceDatasetId": "gwangjin-smart-security-light",
        "sourceRecordId": "LB9741",
        "sourceUpdatedAt": null,
        "collectedAt": "2026-09-13T15:06:54.013Z"
      }
    },
    {
      "type": "Feature",
      "id": "gwangjin:security_light:LB9750",
      "geometry": {
        "type": "Point",
        "coordinates": [
          127.0679086,
          37.54371814
        ]
      },
      "properties": {
        "id": "gwangjin:security_light:LB9750",
        "type": "security_light",
        "name": "스마트보안등 LB9750",
        "address": null,
        "purpose": null,
        "managingAgency": "서울특별시 광진구",
        "sourceDatasetId": "gwangjin-smart-security-light",
        "sourceRecordId": "LB9750",
        "sourceUpdatedAt": null,
        "collectedAt": "2026-09-13T15:06:54.013Z"
      }
    },
    {
      "type": "Feature",
      "id": "gwangjin:security_light:LB9767",
      "geometry": {
        "type": "Point",
        "coordinates": [
          127.0685074,
          37.54048794
        ]
      },
      "properties": {
        "id": "gwangjin:security_light:LB9767",
        "type": "security_light",
        "name": "스마트보안등 LB9767",
        "address": null,
        "purpose": null,
        "managingAgency": "서울특별시 광진구",
        "sourceDatasetId": "gwangjin-smart-security-light",
        "sourceRecordId": "LB9767",
        "sourceUpdatedAt": null,
        "collectedAt": "2026-09-13T15:06:54.013Z"
      }
    },
    {
      "type": "Feature",
      "id": "gwangjin:security_light:LB9782",
      "geometry": {
        "type": "Point",
        "coordinates": [
          127.0701437,
          37.54982184
        ]
      },
      "properties": {
        "id": "gwangjin:security_light:LB9782",
        "type": "security_light",
        "name": "스마트보안등 LB9782",
        "address": null,
        "purpose": null,
        "managingAgency": "서울특별시 광진구",
        "sourceDatasetId": "gwangjin-smart-security-light",
        "sourceRecordId": "LB9782",
        "sourceUpdatedAt": null,
        "collectedAt": "2026-09-13T15:06:54.013Z"
      }
    },
    {
      "type": "Feature",
      "id": "gwangjin:security_light:LC1141",
      "geometry": {
        "type": "Point",
        "coordinates": [
          127.0830296,
          37.54353721
        ]
      },
      "properties": {
        "id": "gwangjin:security_light:LC1141",
        "type": "security_light",
        "name": "스마트보안등 LC1141",
        "address": null,
        "purpose": null,
        "managingAgency": "서울특별시 광진구",
        "sourceDatasetId": "gwangjin-smart-security-light",
        "sourceRecordId": "LC1141",
        "sourceUpdatedAt": null,
        "collectedAt": "2026-09-13T15:06:54.013Z"
      }
    },
    {
      "type": "Feature",
      "id": "gwangjin:security_light:LC1147",
      "geometry": {
        "type": "Point",
        "coordinates": [
          127.0828996,
          37.54267921
        ]
      },
      "properties": {
        "id": "gwangjin:security_light:LC1147",
        "type": "security_light",
        "name": "스마트보안등 LC1147",
        "address": null,
        "purpose": null,
        "managingAgency": "서울특별시 광진구",
        "sourceDatasetId": "gwangjin-smart-security-light",
        "sourceRecordId": "LC1147",
        "sourceUpdatedAt": null,
        "collectedAt": "2026-09-13T15:06:54.013Z"
      }
    },
    {
      "type": "Feature",
      "id": "gwangjin:security_light:LC1148",
      "geometry": {
        "type": "Point",
        "coordinates": [
          127.0677036,
          37.54664521
        ]
      },
      "properties": {
        "id": "gwangjin:security_light:LC1148",
        "type": "security_light",
        "name": "스마트보안등 LC1148",
        "address": null,
        "purpose": null,
        "managingAgency": "서울특별시 광진구",
        "sourceDatasetId": "gwangjin-smart-security-light",
        "sourceRecordId": "LC1148",
        "sourceUpdatedAt": null,
        "collectedAt": "2026-09-13T15:06:54.013Z"
      }
    },
    {
      "type": "Feature",
      "id": "gwangjin:security_light:LC1150",
      "geometry": {
        "type": "Point",
        "coordinates": [
          127.0677836,
          37.54740821
        ]
      },
      "properties": {
        "id": "gwangjin:security_light:LC1150",
        "type": "security_light",
        "name": "스마트보안등 LC1150",
        "address": null,
        "purpose": null,
        "managingAgency": "서울특별시 광진구",
        "sourceDatasetId": "gwangjin-smart-security-light",
        "sourceRecordId": "LC1150",
        "sourceUpdatedAt": null,
        "collectedAt": "2026-09-13T15:06:54.013Z"
      }
    },
    {
      "type": "Feature",
      "id": "gwangjin:security_light:LC1152",
      "geometry": {
        "type": "Point",
        "coordinates": [
          127.0819236,
          37.54195021
        ]
      },
      "properties": {
        "id": "gwangjin:security_light:LC1152",
        "type": "security_light",
        "name": "스마트보안등 LC1152",
        "address": null,
        "purpose": null,
        "managingAgency": "서울특별시 광진구",
        "sourceDatasetId": "gwangjin-smart-security-light",
        "sourceRecordId": "LC1152",
        "sourceUpdatedAt": null,
        "collectedAt": "2026-09-13T15:06:54.013Z"
      }
    },
    {
      "type": "Feature",
      "id": "gwangjin:security_light:LC1153",
      "geometry": {
        "type": "Point",
        "coordinates": [
          127.0827966,
          37.54251021
        ]
      },
      "properties": {
        "id": "gwangjin:security_light:LC1153",
        "type": "security_light",
        "name": "스마트보안등 LC1153",
        "address": null,
        "purpose": null,
        "managingAgency": "서울특별시 광진구",
        "sourceDatasetId": "gwangjin-smart-security-light",
        "sourceRecordId": "LC1153",
        "sourceUpdatedAt": null,
        "collectedAt": "2026-09-13T15:06:54.013Z"
      }
    },
    {
      "type": "Feature",
      "id": "gwangjin:security_light:LC1155",
      "geometry": {
        "type": "Point",
        "coordinates": [
          127.0836056,
          37.54475321
        ]
      },
      "properties": {
        "id": "gwangjin:security_light:LC1155",
        "type": "security_light",
        "name": "스마트보안등 LC1155",
        "address": null,
        "purpose": null,
        "managingAgency": "서울특별시 광진구",
        "sourceDatasetId": "gwangjin-smart-security-light",
        "sourceRecordId": "LC1155",
        "sourceUpdatedAt": null,
        "collectedAt": "2026-09-13T15:06:54.013Z"
      }
    },
    {
      "type": "Feature",
      "id": "gwangjin:security_light:LC1157",
      "geometry": {
        "type": "Point",
        "coordinates": [
          127.0835146,
          37.54450221
        ]
      },
      "properties": {
        "id": "gwangjin:security_light:LC1157",
        "type": "security_light",
        "name": "스마트보안등 LC1157",
        "address": null,
        "purpose": null,
        "managingAgency": "서울특별시 광진구",
        "sourceDatasetId": "gwangjin-smart-security-light",
        "sourceRecordId": "LC1157",
        "sourceUpdatedAt": null,
        "collectedAt": "2026-09-13T15:06:54.013Z"
      }
    },
    {
      "type": "Feature",
      "id": "gwangjin:security_light:LC1160",
      "geometry": {
        "type": "Point",
        "coordinates": [
          127.0838126,
          37.54439321
        ]
      },
      "properties": {
        "id": "gwangjin:security_light:LC1160",
        "type": "security_light",
        "name": "스마트보안등 LC1160",
        "address": null,
        "purpose": null,
        "managingAgency": "서울특별시 광진구",
        "sourceDatasetId": "gwangjin-smart-security-light",
        "sourceRecordId": "LC1160",
        "sourceUpdatedAt": null,
        "collectedAt": "2026-09-13T15:06:54.013Z"
      }
    },
    {
      "type": "Feature",
      "id": "gwangjin:security_light:LC1167",
      "geometry": {
        "type": "Point",
        "coordinates": [
          127.0838306,
          37.54383021
        ]
      },
      "properties": {
        "id": "gwangjin:security_light:LC1167",
        "type": "security_light",
        "name": "스마트보안등 LC1167",
        "address": null,
        "purpose": null,
        "managingAgency": "서울특별시 광진구",
        "sourceDatasetId": "gwangjin-smart-security-light",
        "sourceRecordId": "LC1167",
        "sourceUpdatedAt": null,
        "collectedAt": "2026-09-13T15:06:54.013Z"
      }
    },
    {
      "type": "Feature",
      "id": "gwangjin:security_light:LC1174",
      "geometry": {
        "type": "Point",
        "coordinates": [
          127.0681316,
          37.54651321
        ]
      },
      "properties": {
        "id": "gwangjin:security_light:LC1174",
        "type": "security_light",
        "name": "스마트보안등 LC1174",
        "address": null,
        "purpose": null,
        "managingAgency": "서울특별시 광진구",
        "sourceDatasetId": "gwangjin-smart-security-light",
        "sourceRecordId": "LC1174",
        "sourceUpdatedAt": null,
        "collectedAt": "2026-09-13T15:06:54.013Z"
      }
    },
    {
      "type": "Feature",
      "id": "gwangjin:security_light:LC1181",
      "geometry": {
        "type": "Point",
        "coordinates": [
          127.0729996,
          37.55001721
        ]
      },
      "properties": {
        "id": "gwangjin:security_light:LC1181",
        "type": "security_light",
        "name": "스마트보안등 LC1181",
        "address": null,
        "purpose": null,
        "managingAgency": "서울특별시 광진구",
        "sourceDatasetId": "gwangjin-smart-security-light",
        "sourceRecordId": "LC1181",
        "sourceUpdatedAt": null,
        "collectedAt": "2026-09-13T15:06:54.013Z"
      }
    },
    {
      "type": "Feature",
      "id": "gwangjin:security_light:LC1184",
      "geometry": {
        "type": "Point",
        "coordinates": [
          127.0724186,
          37.54959221
        ]
      },
      "properties": {
        "id": "gwangjin:security_light:LC1184",
        "type": "security_light",
        "name": "스마트보안등 LC1184",
        "address": null,
        "purpose": null,
        "managingAgency": "서울특별시 광진구",
        "sourceDatasetId": "gwangjin-smart-security-light",
        "sourceRecordId": "LC1184",
        "sourceUpdatedAt": null,
        "collectedAt": "2026-09-13T15:06:54.013Z"
      }
    },
    {
      "type": "Feature",
      "id": "gwangjin:security_light:LC1186",
      "geometry": {
        "type": "Point",
        "coordinates": [
          127.0833076,
          37.54235421
        ]
      },
      "properties": {
        "id": "gwangjin:security_light:LC1186",
        "type": "security_light",
        "name": "스마트보안등 LC1186",
        "address": null,
        "purpose": null,
        "managingAgency": "서울특별시 광진구",
        "sourceDatasetId": "gwangjin-smart-security-light",
        "sourceRecordId": "LC1186",
        "sourceUpdatedAt": null,
        "collectedAt": "2026-09-13T15:06:54.013Z"
      }
    },
    {
      "type": "Feature",
      "id": "gwangjin:security_light:LC1189",
      "geometry": {
        "type": "Point",
        "coordinates": [
          127.0827396,
          37.54189021
        ]
      },
      "properties": {
        "id": "gwangjin:security_light:LC1189",
        "type": "security_light",
        "name": "스마트보안등 LC1189",
        "address": null,
        "purpose": null,
        "managingAgency": "서울특별시 광진구",
        "sourceDatasetId": "gwangjin-smart-security-light",
        "sourceRecordId": "LC1189",
        "sourceUpdatedAt": null,
        "collectedAt": "2026-09-13T15:06:54.013Z"
      }
    },
    {
      "type": "Feature",
      "id": "gwangjin:security_light:LC1191",
      "geometry": {
        "type": "Point",
        "coordinates": [
          127.0832406,
          37.54244421
        ]
      },
      "properties": {
        "id": "gwangjin:security_light:LC1191",
        "type": "security_light",
        "name": "스마트보안등 LC1191",
        "address": null,
        "purpose": null,
        "managingAgency": "서울특별시 광진구",
        "sourceDatasetId": "gwangjin-smart-security-light",
        "sourceRecordId": "LC1191",
        "sourceUpdatedAt": null,
        "collectedAt": "2026-09-13T15:06:54.013Z"
      }
    },
    {
      "type": "Feature",
      "id": "gwangjin:security_light:LC1192",
      "geometry": {
        "type": "Point",
        "coordinates": [
          127.0835616,
          37.54300821
        ]
      },
      "properties": {
        "id": "gwangjin:security_light:LC1192",
        "type": "security_light",
        "name": "스마트보안등 LC1192",
        "address": null,
        "purpose": null,
        "managingAgency": "서울특별시 광진구",
        "sourceDatasetId": "gwangjin-smart-security-light",
        "sourceRecordId": "LC1192",
        "sourceUpdatedAt": null,
        "collectedAt": "2026-09-13T15:06:54.013Z"
      }
    },
    {
      "type": "Feature",
      "id": "gwangjin:security_light:LC1194",
      "geometry": {
        "type": "Point",
        "coordinates": [
          127.0820726,
          37.54263121
        ]
      },
      "properties": {
        "id": "gwangjin:security_light:LC1194",
        "type": "security_light",
        "name": "스마트보안등 LC1194",
        "address": null,
        "purpose": null,
        "managingAgency": "서울특별시 광진구",
        "sourceDatasetId": "gwangjin-smart-security-light",
        "sourceRecordId": "LC1194",
        "sourceUpdatedAt": null,
        "collectedAt": "2026-09-13T15:06:54.013Z"
      }
    },
    {
      "type": "Feature",
      "id": "gwangjin:security_light:LC1197",
      "geometry": {
        "type": "Point",
        "coordinates": [
          127.0826916,
          37.54364421
        ]
      },
      "properties": {
        "id": "gwangjin:security_light:LC1197",
        "type": "security_light",
        "name": "스마트보안등 LC1197",
        "address": null,
        "purpose": null,
        "managingAgency": "서울특별시 광진구",
        "sourceDatasetId": "gwangjin-smart-security-light",
        "sourceRecordId": "LC1197",
        "sourceUpdatedAt": null,
        "collectedAt": "2026-09-13T15:06:54.013Z"
      }
    },
    {
      "type": "Feature",
      "id": "gwangjin:security_light:LC1199",
      "geometry": {
        "type": "Point",
        "coordinates": [
          127.0827866,
          37.54382621
        ]
      },
      "properties": {
        "id": "gwangjin:security_light:LC1199",
        "type": "security_light",
        "name": "스마트보안등 LC1199",
        "address": null,
        "purpose": null,
        "managingAgency": "서울특별시 광진구",
        "sourceDatasetId": "gwangjin-smart-security-light",
        "sourceRecordId": "LC1199",
        "sourceUpdatedAt": null,
        "collectedAt": "2026-09-13T15:06:54.013Z"
      }
    },
    {
      "type": "Feature",
      "id": "gwangjin:security_light:LC1200",
      "geometry": {
        "type": "Point",
        "coordinates": [
          127.0821776,
          37.54281521
        ]
      },
      "properties": {
        "id": "gwangjin:security_light:LC1200",
        "type": "security_light",
        "name": "스마트보안등 LC1200",
        "address": null,
        "purpose": null,
        "managingAgency": "서울특별시 광진구",
        "sourceDatasetId": "gwangjin-smart-security-light",
        "sourceRecordId": "LC1200",
        "sourceUpdatedAt": null,
        "collectedAt": "2026-09-13T15:06:54.013Z"
      }
    },
    {
      "type": "Feature",
      "id": "gwangjin:security_light:LC1203",
      "geometry": {
        "type": "Point",
        "coordinates": [
          127.0824156,
          37.54309421
        ]
      },
      "properties": {
        "id": "gwangjin:security_light:LC1203",
        "type": "security_light",
        "name": "스마트보안등 LC1203",
        "address": null,
        "purpose": null,
        "managingAgency": "서울특별시 광진구",
        "sourceDatasetId": "gwangjin-smart-security-light",
        "sourceRecordId": "LC1203",
        "sourceUpdatedAt": null,
        "collectedAt": "2026-09-13T15:06:54.013Z"
      }
    },
    {
      "type": "Feature",
      "id": "gwangjin:security_light:LC1204",
      "geometry": {
        "type": "Point",
        "coordinates": [
          127.0727016,
          37.54840221
        ]
      },
      "properties": {
        "id": "gwangjin:security_light:LC1204",
        "type": "security_light",
        "name": "스마트보안등 LC1204",
        "address": null,
        "purpose": null,
        "managingAgency": "서울특별시 광진구",
        "sourceDatasetId": "gwangjin-smart-security-light",
        "sourceRecordId": "LC1204",
        "sourceUpdatedAt": null,
        "collectedAt": "2026-09-13T15:06:54.013Z"
      }
    },
    {
      "type": "Feature",
      "id": "gwangjin:security_light:LC1205",
      "geometry": {
        "type": "Point",
        "coordinates": [
          127.0819056,
          37.54234721
        ]
      },
      "properties": {
        "id": "gwangjin:security_light:LC1205",
        "type": "security_light",
        "name": "스마트보안등 LC1205",
        "address": null,
        "purpose": null,
        "managingAgency": "서울특별시 광진구",
        "sourceDatasetId": "gwangjin-smart-security-light",
        "sourceRecordId": "LC1205",
        "sourceUpdatedAt": null,
        "collectedAt": "2026-09-13T15:06:54.013Z"
      }
    },
    {
      "type": "Feature",
      "id": "gwangjin:security_light:LC1206",
      "geometry": {
        "type": "Point",
        "coordinates": [
          127.0723996,
          37.54888521
        ]
      },
      "properties": {
        "id": "gwangjin:security_light:LC1206",
        "type": "security_light",
        "name": "스마트보안등 LC1206",
        "address": null,
        "purpose": null,
        "managingAgency": "서울특별시 광진구",
        "sourceDatasetId": "gwangjin-smart-security-light",
        "sourceRecordId": "LC1206",
        "sourceUpdatedAt": null,
        "collectedAt": "2026-09-13T15:06:54.013Z"
      }
    },
    {
      "type": "Feature",
      "id": "gwangjin:security_light:LC1238",
      "geometry": {
        "type": "Point",
        "coordinates": [
          127.0833886,
          37.54138321
        ]
      },
      "properties": {
        "id": "gwangjin:security_light:LC1238",
        "type": "security_light",
        "name": "스마트보안등 LC1238",
        "address": null,
        "purpose": null,
        "managingAgency": "서울특별시 광진구",
        "sourceDatasetId": "gwangjin-smart-security-light",
        "sourceRecordId": "LC1238",
        "sourceUpdatedAt": null,
        "collectedAt": "2026-09-13T15:06:54.013Z"
      }
    },
    {
      "type": "Feature",
      "id": "gwangjin:security_light:LC1240",
      "geometry": {
        "type": "Point",
        "coordinates": [
          127.0679136,
          37.54769221
        ]
      },
      "properties": {
        "id": "gwangjin:security_light:LC1240",
        "type": "security_light",
        "name": "스마트보안등 LC1240",
        "address": null,
        "purpose": null,
        "managingAgency": "서울특별시 광진구",
        "sourceDatasetId": "gwangjin-smart-security-light",
        "sourceRecordId": "LC1240",
        "sourceUpdatedAt": null,
        "collectedAt": "2026-09-13T15:06:54.013Z"
      }
    },
    {
      "type": "Feature",
      "id": "gwangjin:security_light:LC1241",
      "geometry": {
        "type": "Point",
        "coordinates": [
          127.0828176,
          37.54154521
        ]
      },
      "properties": {
        "id": "gwangjin:security_light:LC1241",
        "type": "security_light",
        "name": "스마트보안등 LC1241",
        "address": null,
        "purpose": null,
        "managingAgency": "서울특별시 광진구",
        "sourceDatasetId": "gwangjin-smart-security-light",
        "sourceRecordId": "LC1241",
        "sourceUpdatedAt": null,
        "collectedAt": "2026-09-13T15:06:54.013Z"
      }
    },
    {
      "type": "Feature",
      "id": "gwangjin:security_light:LC1243",
      "geometry": {
        "type": "Point",
        "coordinates": [
          127.0675666,
          37.54702521
        ]
      },
      "properties": {
        "id": "gwangjin:security_light:LC1243",
        "type": "security_light",
        "name": "스마트보안등 LC1243",
        "address": null,
        "purpose": null,
        "managingAgency": "서울특별시 광진구",
        "sourceDatasetId": "gwangjin-smart-security-light",
        "sourceRecordId": "LC1243",
        "sourceUpdatedAt": null,
        "collectedAt": "2026-09-13T15:06:54.013Z"
      }
    },
    {
      "type": "Feature",
      "id": "gwangjin:security_light:LC1244",
      "geometry": {
        "type": "Point",
        "coordinates": [
          127.0822076,
          37.54224121
        ]
      },
      "properties": {
        "id": "gwangjin:security_light:LC1244",
        "type": "security_light",
        "name": "스마트보안등 LC1244",
        "address": null,
        "purpose": null,
        "managingAgency": "서울특별시 광진구",
        "sourceDatasetId": "gwangjin-smart-security-light",
        "sourceRecordId": "LC1244",
        "sourceUpdatedAt": null,
        "collectedAt": "2026-09-13T15:06:54.013Z"
      }
    },
    {
      "type": "Feature",
      "id": "gwangjin:security_light:LC1253",
      "geometry": {
        "type": "Point",
        "coordinates": [
          127.0733096,
          37.54883021
        ]
      },
      "properties": {
        "id": "gwangjin:security_light:LC1253",
        "type": "security_light",
        "name": "스마트보안등 LC1253",
        "address": null,
        "purpose": null,
        "managingAgency": "서울특별시 광진구",
        "sourceDatasetId": "gwangjin-smart-security-light",
        "sourceRecordId": "LC1253",
        "sourceUpdatedAt": null,
        "collectedAt": "2026-09-13T15:06:54.013Z"
      }
    },
    {
      "type": "Feature",
      "id": "gwangjin:security_light:LC1256",
      "geometry": {
        "type": "Point",
        "coordinates": [
          127.0732856,
          37.54846221
        ]
      },
      "properties": {
        "id": "gwangjin:security_light:LC1256",
        "type": "security_light",
        "name": "스마트보안등 LC1256",
        "address": null,
        "purpose": null,
        "managingAgency": "서울특별시 광진구",
        "sourceDatasetId": "gwangjin-smart-security-light",
        "sourceRecordId": "LC1256",
        "sourceUpdatedAt": null,
        "collectedAt": "2026-09-13T15:06:54.013Z"
      }
    },
    {
      "type": "Feature",
      "id": "gwangjin:security_light:LC1258",
      "geometry": {
        "type": "Point",
        "coordinates": [
          127.0733166,
          37.54899521
        ]
      },
      "properties": {
        "id": "gwangjin:security_light:LC1258",
        "type": "security_light",
        "name": "스마트보안등 LC1258",
        "address": null,
        "purpose": null,
        "managingAgency": "서울특별시 광진구",
        "sourceDatasetId": "gwangjin-smart-security-light",
        "sourceRecordId": "LC1258",
        "sourceUpdatedAt": null,
        "collectedAt": "2026-09-13T15:06:54.013Z"
      }
    },
    {
      "type": "Feature",
      "id": "gwangjin:security_light:LC1260",
      "geometry": {
        "type": "Point",
        "coordinates": [
          127.0690476,
          37.55038421
        ]
      },
      "properties": {
        "id": "gwangjin:security_light:LC1260",
        "type": "security_light",
        "name": "스마트보안등 LC1260",
        "address": null,
        "purpose": null,
        "managingAgency": "서울특별시 광진구",
        "sourceDatasetId": "gwangjin-smart-security-light",
        "sourceRecordId": "LC1260",
        "sourceUpdatedAt": null,
        "collectedAt": "2026-09-13T15:06:54.013Z"
      }
    },
    {
      "type": "Feature",
      "id": "gwangjin:security_light:LC1261",
      "geometry": {
        "type": "Point",
        "coordinates": [
          127.0727126,
          37.54892421
        ]
      },
      "properties": {
        "id": "gwangjin:security_light:LC1261",
        "type": "security_light",
        "name": "스마트보안등 LC1261",
        "address": null,
        "purpose": null,
        "managingAgency": "서울특별시 광진구",
        "sourceDatasetId": "gwangjin-smart-security-light",
        "sourceRecordId": "LC1261",
        "sourceUpdatedAt": null,
        "collectedAt": "2026-09-13T15:06:54.013Z"
      }
    },
    {
      "type": "Feature",
      "id": "gwangjin:security_light:LC1263",
      "geometry": {
        "type": "Point",
        "coordinates": [
          127.0721266,
          37.54936421
        ]
      },
      "properties": {
        "id": "gwangjin:security_light:LC1263",
        "type": "security_light",
        "name": "스마트보안등 LC1263",
        "address": null,
        "purpose": null,
        "managingAgency": "서울특별시 광진구",
        "sourceDatasetId": "gwangjin-smart-security-light",
        "sourceRecordId": "LC1263",
        "sourceUpdatedAt": null,
        "collectedAt": "2026-09-13T15:06:54.013Z"
      }
    },
    {
      "type": "Feature",
      "id": "gwangjin:security_light:LC1266",
      "geometry": {
        "type": "Point",
        "coordinates": [
          127.0726726,
          37.54899521
        ]
      },
      "properties": {
        "id": "gwangjin:security_light:LC1266",
        "type": "security_light",
        "name": "스마트보안등 LC1266",
        "address": null,
        "purpose": null,
        "managingAgency": "서울특별시 광진구",
        "sourceDatasetId": "gwangjin-smart-security-light",
        "sourceRecordId": "LC1266",
        "sourceUpdatedAt": null,
        "collectedAt": "2026-09-13T15:06:54.013Z"
      }
    },
    {
      "type": "Feature",
      "id": "gwangjin:security_light:LC1268",
      "geometry": {
        "type": "Point",
        "coordinates": [
          127.0676796,
          37.54690421
        ]
      },
      "properties": {
        "id": "gwangjin:security_light:LC1268",
        "type": "security_light",
        "name": "스마트보안등 LC1268",
        "address": null,
        "purpose": null,
        "managingAgency": "서울특별시 광진구",
        "sourceDatasetId": "gwangjin-smart-security-light",
        "sourceRecordId": "LC1268",
        "sourceUpdatedAt": null,
        "collectedAt": "2026-09-13T15:06:54.013Z"
      }
    },
    {
      "type": "Feature",
      "id": "gwangjin:security_light:LC1273",
      "geometry": {
        "type": "Point",
        "coordinates": [
          127.0680446,
          37.54683121
        ]
      },
      "properties": {
        "id": "gwangjin:security_light:LC1273",
        "type": "security_light",
        "name": "스마트보안등 LC1273",
        "address": null,
        "purpose": null,
        "managingAgency": "서울특별시 광진구",
        "sourceDatasetId": "gwangjin-smart-security-light",
        "sourceRecordId": "LC1273",
        "sourceUpdatedAt": null,
        "collectedAt": "2026-09-13T15:06:54.013Z"
      }
    },
    {
      "type": "Feature",
      "id": "gwangjin:security_light:LC1275",
      "geometry": {
        "type": "Point",
        "coordinates": [
          127.0733046,
          37.54870821
        ]
      },
      "properties": {
        "id": "gwangjin:security_light:LC1275",
        "type": "security_light",
        "name": "스마트보안등 LC1275",
        "address": null,
        "purpose": null,
        "managingAgency": "서울특별시 광진구",
        "sourceDatasetId": "gwangjin-smart-security-light",
        "sourceRecordId": "LC1275",
        "sourceUpdatedAt": null,
        "collectedAt": "2026-09-13T15:06:54.013Z"
      }
    },
    {
      "type": "Feature",
      "id": "gwangjin:security_light:LC1284",
      "geometry": {
        "type": "Point",
        "coordinates": [
          127.0728196,
          37.54868021
        ]
      },
      "properties": {
        "id": "gwangjin:security_light:LC1284",
        "type": "security_light",
        "name": "스마트보안등 LC1284",
        "address": null,
        "purpose": null,
        "managingAgency": "서울특별시 광진구",
        "sourceDatasetId": "gwangjin-smart-security-light",
        "sourceRecordId": "LC1284",
        "sourceUpdatedAt": null,
        "collectedAt": "2026-09-13T15:06:54.013Z"
      }
    },
    {
      "type": "Feature",
      "id": "gwangjin:security_light:LC1289",
      "geometry": {
        "type": "Point",
        "coordinates": [
          127.0690446,
          37.55013021
        ]
      },
      "properties": {
        "id": "gwangjin:security_light:LC1289",
        "type": "security_light",
        "name": "스마트보안등 LC1289",
        "address": null,
        "purpose": null,
        "managingAgency": "서울특별시 광진구",
        "sourceDatasetId": "gwangjin-smart-security-light",
        "sourceRecordId": "LC1289",
        "sourceUpdatedAt": null,
        "collectedAt": "2026-09-13T15:06:54.013Z"
      }
    },
    {
      "type": "Feature",
      "id": "gwangjin:security_light:LC1292",
      "geometry": {
        "type": "Point",
        "coordinates": [
          127.0688306,
          37.54859821
        ]
      },
      "properties": {
        "id": "gwangjin:security_light:LC1292",
        "type": "security_light",
        "name": "스마트보안등 LC1292",
        "address": null,
        "purpose": null,
        "managingAgency": "서울특별시 광진구",
        "sourceDatasetId": "gwangjin-smart-security-light",
        "sourceRecordId": "LC1292",
        "sourceUpdatedAt": null,
        "collectedAt": "2026-09-13T15:06:54.013Z"
      }
    },
    {
      "type": "Feature",
      "id": "gwangjin:security_light:LC1294",
      "geometry": {
        "type": "Point",
        "coordinates": [
          127.0693826,
          37.54936521
        ]
      },
      "properties": {
        "id": "gwangjin:security_light:LC1294",
        "type": "security_light",
        "name": "스마트보안등 LC1294",
        "address": null,
        "purpose": null,
        "managingAgency": "서울특별시 광진구",
        "sourceDatasetId": "gwangjin-smart-security-light",
        "sourceRecordId": "LC1294",
        "sourceUpdatedAt": null,
        "collectedAt": "2026-09-13T15:06:54.013Z"
      }
    },
    {
      "type": "Feature",
      "id": "gwangjin:security_light:LC1297",
      "geometry": {
        "type": "Point",
        "coordinates": [
          127.0695836,
          37.54875821
        ]
      },
      "properties": {
        "id": "gwangjin:security_light:LC1297",
        "type": "security_light",
        "name": "스마트보안등 LC1297",
        "address": null,
        "purpose": null,
        "managingAgency": "서울특별시 광진구",
        "sourceDatasetId": "gwangjin-smart-security-light",
        "sourceRecordId": "LC1297",
        "sourceUpdatedAt": null,
        "collectedAt": "2026-09-13T15:06:54.013Z"
      }
    },
    {
      "type": "Feature",
      "id": "gwangjin:security_light:LC1299",
      "geometry": {
        "type": "Point",
        "coordinates": [
          127.0730386,
          37.54953821
        ]
      },
      "properties": {
        "id": "gwangjin:security_light:LC1299",
        "type": "security_light",
        "name": "스마트보안등 LC1299",
        "address": null,
        "purpose": null,
        "managingAgency": "서울특별시 광진구",
        "sourceDatasetId": "gwangjin-smart-security-light",
        "sourceRecordId": "LC1299",
        "sourceUpdatedAt": null,
        "collectedAt": "2026-09-13T15:06:54.013Z"
      }
    },
    {
      "type": "Feature",
      "id": "gwangjin:security_light:LC1306",
      "geometry": {
        "type": "Point",
        "coordinates": [
          127.0679596,
          37.54656721
        ]
      },
      "properties": {
        "id": "gwangjin:security_light:LC1306",
        "type": "security_light",
        "name": "스마트보안등 LC1306",
        "address": null,
        "purpose": null,
        "managingAgency": "서울특별시 광진구",
        "sourceDatasetId": "gwangjin-smart-security-light",
        "sourceRecordId": "LC1306",
        "sourceUpdatedAt": null,
        "collectedAt": "2026-09-13T15:06:54.013Z"
      }
    },
    {
      "type": "Feature",
      "id": "gwangjin:security_light:LC1309",
      "geometry": {
        "type": "Point",
        "coordinates": [
          127.0683786,
          37.54643421
        ]
      },
      "properties": {
        "id": "gwangjin:security_light:LC1309",
        "type": "security_light",
        "name": "스마트보안등 LC1309",
        "address": null,
        "purpose": null,
        "managingAgency": "서울특별시 광진구",
        "sourceDatasetId": "gwangjin-smart-security-light",
        "sourceRecordId": "LC1309",
        "sourceUpdatedAt": null,
        "collectedAt": "2026-09-13T15:06:54.013Z"
      }
    },
    {
      "type": "Feature",
      "id": "gwangjin:security_light:LC1312",
      "geometry": {
        "type": "Point",
        "coordinates": [
          127.0683096,
          37.54672621
        ]
      },
      "properties": {
        "id": "gwangjin:security_light:LC1312",
        "type": "security_light",
        "name": "스마트보안등 LC1312",
        "address": null,
        "purpose": null,
        "managingAgency": "서울특별시 광진구",
        "sourceDatasetId": "gwangjin-smart-security-light",
        "sourceRecordId": "LC1312",
        "sourceUpdatedAt": null,
        "collectedAt": "2026-09-13T15:06:54.013Z"
      }
    },
    {
      "type": "Feature",
      "id": "gwangjin:security_light:LC1313",
      "geometry": {
        "type": "Point",
        "coordinates": [
          127.0691636,
          37.54944621
        ]
      },
      "properties": {
        "id": "gwangjin:security_light:LC1313",
        "type": "security_light",
        "name": "스마트보안등 LC1313",
        "address": null,
        "purpose": null,
        "managingAgency": "서울특별시 광진구",
        "sourceDatasetId": "gwangjin-smart-security-light",
        "sourceRecordId": "LC1313",
        "sourceUpdatedAt": null,
        "collectedAt": "2026-09-13T15:06:54.013Z"
      }
    },
    {
      "type": "Feature",
      "id": "gwangjin:security_light:LC1316",
      "geometry": {
        "type": "Point",
        "coordinates": [
          127.0691726,
          37.54897021
        ]
      },
      "properties": {
        "id": "gwangjin:security_light:LC1316",
        "type": "security_light",
        "name": "스마트보안등 LC1316",
        "address": null,
        "purpose": null,
        "managingAgency": "서울특별시 광진구",
        "sourceDatasetId": "gwangjin-smart-security-light",
        "sourceRecordId": "LC1316",
        "sourceUpdatedAt": null,
        "collectedAt": "2026-09-13T15:06:54.013Z"
      }
    },
    {
      "type": "Feature",
      "id": "gwangjin:security_light:LC1317",
      "geometry": {
        "type": "Point",
        "coordinates": [
          127.0687486,
          37.54958521
        ]
      },
      "properties": {
        "id": "gwangjin:security_light:LC1317",
        "type": "security_light",
        "name": "스마트보안등 LC1317",
        "address": null,
        "purpose": null,
        "managingAgency": "서울특별시 광진구",
        "sourceDatasetId": "gwangjin-smart-security-light",
        "sourceRecordId": "LC1317",
        "sourceUpdatedAt": null,
        "collectedAt": "2026-09-13T15:06:54.013Z"
      }
    },
    {
      "type": "Feature",
      "id": "gwangjin:security_light:LC1319",
      "geometry": {
        "type": "Point",
        "coordinates": [
          127.0696376,
          37.54914221
        ]
      },
      "properties": {
        "id": "gwangjin:security_light:LC1319",
        "type": "security_light",
        "name": "스마트보안등 LC1319",
        "address": null,
        "purpose": null,
        "managingAgency": "서울특별시 광진구",
        "sourceDatasetId": "gwangjin-smart-security-light",
        "sourceRecordId": "LC1319",
        "sourceUpdatedAt": null,
        "collectedAt": "2026-09-13T15:06:54.013Z"
      }
    },
    {
      "type": "Feature",
      "id": "gwangjin:security_light:LC1321",
      "geometry": {
        "type": "Point",
        "coordinates": [
          127.0832936,
          37.54399221
        ]
      },
      "properties": {
        "id": "gwangjin:security_light:LC1321",
        "type": "security_light",
        "name": "스마트보안등 LC1321",
        "address": null,
        "purpose": null,
        "managingAgency": "서울특별시 광진구",
        "sourceDatasetId": "gwangjin-smart-security-light",
        "sourceRecordId": "LC1321",
        "sourceUpdatedAt": null,
        "collectedAt": "2026-09-13T15:06:54.013Z"
      }
    },
    {
      "type": "Feature",
      "id": "gwangjin:security_light:LC1324",
      "geometry": {
        "type": "Point",
        "coordinates": [
          127.0841226,
          37.54358221
        ]
      },
      "properties": {
        "id": "gwangjin:security_light:LC1324",
        "type": "security_light",
        "name": "스마트보안등 LC1324",
        "address": null,
        "purpose": null,
        "managingAgency": "서울특별시 광진구",
        "sourceDatasetId": "gwangjin-smart-security-light",
        "sourceRecordId": "LC1324",
        "sourceUpdatedAt": null,
        "collectedAt": "2026-09-13T15:06:54.013Z"
      }
    },
    {
      "type": "Feature",
      "id": "gwangjin:security_light:LC1326",
      "geometry": {
        "type": "Point",
        "coordinates": [
          127.0837026,
          37.54354221
        ]
      },
      "properties": {
        "id": "gwangjin:security_light:LC1326",
        "type": "security_light",
        "name": "스마트보안등 LC1326",
        "address": null,
        "purpose": null,
        "managingAgency": "서울특별시 광진구",
        "sourceDatasetId": "gwangjin-smart-security-light",
        "sourceRecordId": "LC1326",
        "sourceUpdatedAt": null,
        "collectedAt": "2026-09-13T15:06:54.013Z"
      }
    },
    {
      "type": "Feature",
      "id": "gwangjin:security_light:LC1330",
      "geometry": {
        "type": "Point",
        "coordinates": [
          127.0733276,
          37.54913521
        ]
      },
      "properties": {
        "id": "gwangjin:security_light:LC1330",
        "type": "security_light",
        "name": "스마트보안등 LC1330",
        "address": null,
        "purpose": null,
        "managingAgency": "서울특별시 광진구",
        "sourceDatasetId": "gwangjin-smart-security-light",
        "sourceRecordId": "LC1330",
        "sourceUpdatedAt": null,
        "collectedAt": "2026-09-13T15:06:54.013Z"
      }
    },
    {
      "type": "Feature",
      "id": "gwangjin:security_light:LC1339",
      "geometry": {
        "type": "Point",
        "coordinates": [
          127.0721646,
          37.54917621
        ]
      },
      "properties": {
        "id": "gwangjin:security_light:LC1339",
        "type": "security_light",
        "name": "스마트보안등 LC1339",
        "address": null,
        "purpose": null,
        "managingAgency": "서울특별시 광진구",
        "sourceDatasetId": "gwangjin-smart-security-light",
        "sourceRecordId": "LC1339",
        "sourceUpdatedAt": null,
        "collectedAt": "2026-09-13T15:06:54.013Z"
      }
    },
    {
      "type": "Feature",
      "id": "gwangjin:security_light:LC1342",
      "geometry": {
        "type": "Point",
        "coordinates": [
          127.0727896,
          37.55004021
        ]
      },
      "properties": {
        "id": "gwangjin:security_light:LC1342",
        "type": "security_light",
        "name": "스마트보안등 LC1342",
        "address": null,
        "purpose": null,
        "managingAgency": "서울특별시 광진구",
        "sourceDatasetId": "gwangjin-smart-security-light",
        "sourceRecordId": "LC1342",
        "sourceUpdatedAt": null,
        "collectedAt": "2026-09-13T15:06:54.013Z"
      }
    },
    {
      "type": "Feature",
      "id": "gwangjin:security_light:LC2534",
      "geometry": {
        "type": "Point",
        "coordinates": [
          127.0826016,
          37.54276821
        ]
      },
      "properties": {
        "id": "gwangjin:security_light:LC2534",
        "type": "security_light",
        "name": "스마트보안등 LC2534",
        "address": null,
        "purpose": null,
        "managingAgency": "서울특별시 광진구",
        "sourceDatasetId": "gwangjin-smart-security-light",
        "sourceRecordId": "LC2534",
        "sourceUpdatedAt": null,
        "collectedAt": "2026-09-13T15:06:54.013Z"
      }
    },
    {
      "type": "Feature",
      "id": "gwangjin:security_light:LC2547",
      "geometry": {
        "type": "Point",
        "coordinates": [
          127.0827206,
          37.54300121
        ]
      },
      "properties": {
        "id": "gwangjin:security_light:LC2547",
        "type": "security_light",
        "name": "스마트보안등 LC2547",
        "address": null,
        "purpose": null,
        "managingAgency": "서울특별시 광진구",
        "sourceDatasetId": "gwangjin-smart-security-light",
        "sourceRecordId": "LC2547",
        "sourceUpdatedAt": null,
        "collectedAt": "2026-09-13T15:06:54.013Z"
      }
    },
    {
      "type": "Feature",
      "id": "gwangjin:security_light:LC2550",
      "geometry": {
        "type": "Point",
        "coordinates": [
          127.0676756,
          37.54720621
        ]
      },
      "properties": {
        "id": "gwangjin:security_light:LC2550",
        "type": "security_light",
        "name": "스마트보안등 LC2550",
        "address": null,
        "purpose": null,
        "managingAgency": "서울특별시 광진구",
        "sourceDatasetId": "gwangjin-smart-security-light",
        "sourceRecordId": "LC2550",
        "sourceUpdatedAt": null,
        "collectedAt": "2026-09-13T15:06:54.013Z"
      }
    },
    {
      "type": "Feature",
      "id": "gwangjin:security_light:LC2557",
      "geometry": {
        "type": "Point",
        "coordinates": [
          127.0839496,
          37.54416321
        ]
      },
      "properties": {
        "id": "gwangjin:security_light:LC2557",
        "type": "security_light",
        "name": "스마트보안등 LC2557",
        "address": null,
        "purpose": null,
        "managingAgency": "서울특별시 광진구",
        "sourceDatasetId": "gwangjin-smart-security-light",
        "sourceRecordId": "LC2557",
        "sourceUpdatedAt": null,
        "collectedAt": "2026-09-13T15:06:54.013Z"
      }
    },
    {
      "type": "Feature",
      "id": "gwangjin:security_light:LC2560",
      "geometry": {
        "type": "Point",
        "coordinates": [
          127.0838936,
          37.54359121
        ]
      },
      "properties": {
        "id": "gwangjin:security_light:LC2560",
        "type": "security_light",
        "name": "스마트보안등 LC2560",
        "address": null,
        "purpose": null,
        "managingAgency": "서울특별시 광진구",
        "sourceDatasetId": "gwangjin-smart-security-light",
        "sourceRecordId": "LC2560",
        "sourceUpdatedAt": null,
        "collectedAt": "2026-09-13T15:06:54.013Z"
      }
    },
    {
      "type": "Feature",
      "id": "gwangjin:security_light:LC2564",
      "geometry": {
        "type": "Point",
        "coordinates": [
          127.0835666,
          37.54428921
        ]
      },
      "properties": {
        "id": "gwangjin:security_light:LC2564",
        "type": "security_light",
        "name": "스마트보안등 LC2564",
        "address": null,
        "purpose": null,
        "managingAgency": "서울특별시 광진구",
        "sourceDatasetId": "gwangjin-smart-security-light",
        "sourceRecordId": "LC2564",
        "sourceUpdatedAt": null,
        "collectedAt": "2026-09-13T15:06:54.013Z"
      }
    },
    {
      "type": "Feature",
      "id": "gwangjin:security_light:LC2586",
      "geometry": {
        "type": "Point",
        "coordinates": [
          127.0835606,
          37.54228321
        ]
      },
      "properties": {
        "id": "gwangjin:security_light:LC2586",
        "type": "security_light",
        "name": "스마트보안등 LC2586",
        "address": null,
        "purpose": null,
        "managingAgency": "서울특별시 광진구",
        "sourceDatasetId": "gwangjin-smart-security-light",
        "sourceRecordId": "LC2586",
        "sourceUpdatedAt": null,
        "collectedAt": "2026-09-13T15:06:54.013Z"
      }
    },
    {
      "type": "Feature",
      "id": "gwangjin:security_light:LC2588",
      "geometry": {
        "type": "Point",
        "coordinates": [
          127.0836616,
          37.54247021
        ]
      },
      "properties": {
        "id": "gwangjin:security_light:LC2588",
        "type": "security_light",
        "name": "스마트보안등 LC2588",
        "address": null,
        "purpose": null,
        "managingAgency": "서울특별시 광진구",
        "sourceDatasetId": "gwangjin-smart-security-light",
        "sourceRecordId": "LC2588",
        "sourceUpdatedAt": null,
        "collectedAt": "2026-09-13T15:06:54.013Z"
      }
    },
    {
      "type": "Feature",
      "id": "gwangjin:security_light:LC2589",
      "geometry": {
        "type": "Point",
        "coordinates": [
          127.0826466,
          37.54181521
        ]
      },
      "properties": {
        "id": "gwangjin:security_light:LC2589",
        "type": "security_light",
        "name": "스마트보안등 LC2589",
        "address": null,
        "purpose": null,
        "managingAgency": "서울특별시 광진구",
        "sourceDatasetId": "gwangjin-smart-security-light",
        "sourceRecordId": "LC2589",
        "sourceUpdatedAt": null,
        "collectedAt": "2026-09-13T15:06:54.013Z"
      }
    },
    {
      "type": "Feature",
      "id": "gwangjin:security_light:LC2590",
      "geometry": {
        "type": "Point",
        "coordinates": [
          127.0834606,
          37.54279621
        ]
      },
      "properties": {
        "id": "gwangjin:security_light:LC2590",
        "type": "security_light",
        "name": "스마트보안등 LC2590",
        "address": null,
        "purpose": null,
        "managingAgency": "서울특별시 광진구",
        "sourceDatasetId": "gwangjin-smart-security-light",
        "sourceRecordId": "LC2590",
        "sourceUpdatedAt": null,
        "collectedAt": "2026-09-13T15:06:54.013Z"
      }
    },
    {
      "type": "Feature",
      "id": "gwangjin:security_light:LC2591",
      "geometry": {
        "type": "Point",
        "coordinates": [
          127.0838916,
          37.54333521
        ]
      },
      "properties": {
        "id": "gwangjin:security_light:LC2591",
        "type": "security_light",
        "name": "스마트보안등 LC2591",
        "address": null,
        "purpose": null,
        "managingAgency": "서울특별시 광진구",
        "sourceDatasetId": "gwangjin-smart-security-light",
        "sourceRecordId": "LC2591",
        "sourceUpdatedAt": null,
        "collectedAt": "2026-09-13T15:06:54.013Z"
      }
    },
    {
      "type": "Feature",
      "id": "gwangjin:security_light:LC2594",
      "geometry": {
        "type": "Point",
        "coordinates": [
          127.0829416,
          37.54411521
        ]
      },
      "properties": {
        "id": "gwangjin:security_light:LC2594",
        "type": "security_light",
        "name": "스마트보안등 LC2594",
        "address": null,
        "purpose": null,
        "managingAgency": "서울특별시 광진구",
        "sourceDatasetId": "gwangjin-smart-security-light",
        "sourceRecordId": "LC2594",
        "sourceUpdatedAt": null,
        "collectedAt": "2026-09-13T15:06:54.013Z"
      }
    },
    {
      "type": "Feature",
      "id": "gwangjin:security_light:LC2599",
      "geometry": {
        "type": "Point",
        "coordinates": [
          127.0826536,
          37.54231421
        ]
      },
      "properties": {
        "id": "gwangjin:security_light:LC2599",
        "type": "security_light",
        "name": "스마트보안등 LC2599",
        "address": null,
        "purpose": null,
        "managingAgency": "서울특별시 광진구",
        "sourceDatasetId": "gwangjin-smart-security-light",
        "sourceRecordId": "LC2599",
        "sourceUpdatedAt": null,
        "collectedAt": "2026-09-13T15:06:54.013Z"
      }
    },
    {
      "type": "Feature",
      "id": "gwangjin:security_light:LC2600",
      "geometry": {
        "type": "Point",
        "coordinates": [
          127.0816356,
          37.54207521
        ]
      },
      "properties": {
        "id": "gwangjin:security_light:LC2600",
        "type": "security_light",
        "name": "스마트보안등 LC2600",
        "address": null,
        "purpose": null,
        "managingAgency": "서울특별시 광진구",
        "sourceDatasetId": "gwangjin-smart-security-light",
        "sourceRecordId": "LC2600",
        "sourceUpdatedAt": null,
        "collectedAt": "2026-09-13T15:06:54.013Z"
      }
    },
    {
      "type": "Feature",
      "id": "gwangjin:security_light:LC2601",
      "geometry": {
        "type": "Point",
        "coordinates": [
          127.0721026,
          37.54942521
        ]
      },
      "properties": {
        "id": "gwangjin:security_light:LC2601",
        "type": "security_light",
        "name": "스마트보안등 LC2601",
        "address": null,
        "purpose": null,
        "managingAgency": "서울특별시 광진구",
        "sourceDatasetId": "gwangjin-smart-security-light",
        "sourceRecordId": "LC2601",
        "sourceUpdatedAt": null,
        "collectedAt": "2026-09-13T15:06:54.013Z"
      }
    },
    {
      "type": "Feature",
      "id": "gwangjin:security_light:LC2602",
      "geometry": {
        "type": "Point",
        "coordinates": [
          127.0824126,
          37.54244321
        ]
      },
      "properties": {
        "id": "gwangjin:security_light:LC2602",
        "type": "security_light",
        "name": "스마트보안등 LC2602",
        "address": null,
        "purpose": null,
        "managingAgency": "서울특별시 광진구",
        "sourceDatasetId": "gwangjin-smart-security-light",
        "sourceRecordId": "LC2602",
        "sourceUpdatedAt": null,
        "collectedAt": "2026-09-13T15:06:54.013Z"
      }
    },
    {
      "type": "Feature",
      "id": "gwangjin:security_light:LC2604",
      "geometry": {
        "type": "Point",
        "coordinates": [
          127.0730566,
          37.54906321
        ]
      },
      "properties": {
        "id": "gwangjin:security_light:LC2604",
        "type": "security_light",
        "name": "스마트보안등 LC2604",
        "address": null,
        "purpose": null,
        "managingAgency": "서울특별시 광진구",
        "sourceDatasetId": "gwangjin-smart-security-light",
        "sourceRecordId": "LC2604",
        "sourceUpdatedAt": null,
        "collectedAt": "2026-09-13T15:06:54.013Z"
      }
    },
    {
      "type": "Feature",
      "id": "gwangjin:security_light:LC2637",
      "geometry": {
        "type": "Point",
        "coordinates": [
          127.0821946,
          37.54182221
        ]
      },
      "properties": {
        "id": "gwangjin:security_light:LC2637",
        "type": "security_light",
        "name": "스마트보안등 LC2637",
        "address": null,
        "purpose": null,
        "managingAgency": "서울특별시 광진구",
        "sourceDatasetId": "gwangjin-smart-security-light",
        "sourceRecordId": "LC2637",
        "sourceUpdatedAt": null,
        "collectedAt": "2026-09-13T15:06:54.013Z"
      }
    },
    {
      "type": "Feature",
      "id": "gwangjin:security_light:LC2638",
      "geometry": {
        "type": "Point",
        "coordinates": [
          127.0824166,
          37.54162521
        ]
      },
      "properties": {
        "id": "gwangjin:security_light:LC2638",
        "type": "security_light",
        "name": "스마트보안등 LC2638",
        "address": null,
        "purpose": null,
        "managingAgency": "서울특별시 광진구",
        "sourceDatasetId": "gwangjin-smart-security-light",
        "sourceRecordId": "LC2638",
        "sourceUpdatedAt": null,
        "collectedAt": "2026-09-13T15:06:54.013Z"
      }
    },
    {
      "type": "Feature",
      "id": "gwangjin:security_light:LC2640",
      "geometry": {
        "type": "Point",
        "coordinates": [
          127.0830606,
          37.54185721
        ]
      },
      "properties": {
        "id": "gwangjin:security_light:LC2640",
        "type": "security_light",
        "name": "스마트보안등 LC2640",
        "address": null,
        "purpose": null,
        "managingAgency": "서울특별시 광진구",
        "sourceDatasetId": "gwangjin-smart-security-light",
        "sourceRecordId": "LC2640",
        "sourceUpdatedAt": null,
        "collectedAt": "2026-09-13T15:06:54.013Z"
      }
    },
    {
      "type": "Feature",
      "id": "gwangjin:security_light:LC2642",
      "geometry": {
        "type": "Point",
        "coordinates": [
          127.0678213,
          37.54751214
        ]
      },
      "properties": {
        "id": "gwangjin:security_light:LC2642",
        "type": "security_light",
        "name": "스마트보안등 LC2642",
        "address": null,
        "purpose": null,
        "managingAgency": "서울특별시 광진구",
        "sourceDatasetId": "gwangjin-smart-security-light",
        "sourceRecordId": "LC2642",
        "sourceUpdatedAt": null,
        "collectedAt": "2026-09-13T15:06:54.013Z"
      }
    },
    {
      "type": "Feature",
      "id": "gwangjin:security_light:LC2643",
      "geometry": {
        "type": "Point",
        "coordinates": [
          127.0824066,
          37.54212321
        ]
      },
      "properties": {
        "id": "gwangjin:security_light:LC2643",
        "type": "security_light",
        "name": "스마트보안등 LC2643",
        "address": null,
        "purpose": null,
        "managingAgency": "서울특별시 광진구",
        "sourceDatasetId": "gwangjin-smart-security-light",
        "sourceRecordId": "LC2643",
        "sourceUpdatedAt": null,
        "collectedAt": "2026-09-13T15:06:54.013Z"
      }
    },
    {
      "type": "Feature",
      "id": "gwangjin:security_light:LC2649",
      "geometry": {
        "type": "Point",
        "coordinates": [
          127.0833136,
          37.54156521
        ]
      },
      "properties": {
        "id": "gwangjin:security_light:LC2649",
        "type": "security_light",
        "name": "스마트보안등 LC2649",
        "address": null,
        "purpose": null,
        "managingAgency": "서울특별시 광진구",
        "sourceDatasetId": "gwangjin-smart-security-light",
        "sourceRecordId": "LC2649",
        "sourceUpdatedAt": null,
        "collectedAt": "2026-09-13T15:06:54.013Z"
      }
    },
    {
      "type": "Feature",
      "id": "gwangjin:security_light:LC2655",
      "geometry": {
        "type": "Point",
        "coordinates": [
          127.0732956,
          37.54857121
        ]
      },
      "properties": {
        "id": "gwangjin:security_light:LC2655",
        "type": "security_light",
        "name": "스마트보안등 LC2655",
        "address": null,
        "purpose": null,
        "managingAgency": "서울특별시 광진구",
        "sourceDatasetId": "gwangjin-smart-security-light",
        "sourceRecordId": "LC2655",
        "sourceUpdatedAt": null,
        "collectedAt": "2026-09-13T15:06:54.013Z"
      }
    },
    {
      "type": "Feature",
      "id": "gwangjin:security_light:LC2660",
      "geometry": {
        "type": "Point",
        "coordinates": [
          127.0731936,
          37.54933021
        ]
      },
      "properties": {
        "id": "gwangjin:security_light:LC2660",
        "type": "security_light",
        "name": "스마트보안등 LC2660",
        "address": null,
        "purpose": null,
        "managingAgency": "서울특별시 광진구",
        "sourceDatasetId": "gwangjin-smart-security-light",
        "sourceRecordId": "LC2660",
        "sourceUpdatedAt": null,
        "collectedAt": "2026-09-13T15:06:54.013Z"
      }
    },
    {
      "type": "Feature",
      "id": "gwangjin:security_light:LC2662",
      "geometry": {
        "type": "Point",
        "coordinates": [
          127.0730406,
          37.54878621
        ]
      },
      "properties": {
        "id": "gwangjin:security_light:LC2662",
        "type": "security_light",
        "name": "스마트보안등 LC2662",
        "address": null,
        "purpose": null,
        "managingAgency": "서울특별시 광진구",
        "sourceDatasetId": "gwangjin-smart-security-light",
        "sourceRecordId": "LC2662",
        "sourceUpdatedAt": null,
        "collectedAt": "2026-09-13T15:06:54.013Z"
      }
    },
    {
      "type": "Feature",
      "id": "gwangjin:security_light:LC2665",
      "geometry": {
        "type": "Point",
        "coordinates": [
          127.0722916,
          37.54924721
        ]
      },
      "properties": {
        "id": "gwangjin:security_light:LC2665",
        "type": "security_light",
        "name": "스마트보안등 LC2665",
        "address": null,
        "purpose": null,
        "managingAgency": "서울특별시 광진구",
        "sourceDatasetId": "gwangjin-smart-security-light",
        "sourceRecordId": "LC2665",
        "sourceUpdatedAt": null,
        "collectedAt": "2026-09-13T15:06:54.013Z"
      }
    },
    {
      "type": "Feature",
      "id": "gwangjin:security_light:LC2669",
      "geometry": {
        "type": "Point",
        "coordinates": [
          127.0696006,
          37.54889521
        ]
      },
      "properties": {
        "id": "gwangjin:security_light:LC2669",
        "type": "security_light",
        "name": "스마트보안등 LC2669",
        "address": null,
        "purpose": null,
        "managingAgency": "서울특별시 광진구",
        "sourceDatasetId": "gwangjin-smart-security-light",
        "sourceRecordId": "LC2669",
        "sourceUpdatedAt": null,
        "collectedAt": "2026-09-13T15:06:54.013Z"
      }
    },
    {
      "type": "Feature",
      "id": "gwangjin:security_light:LC2673",
      "geometry": {
        "type": "Point",
        "coordinates": [
          127.0672806,
          37.54712421
        ]
      },
      "properties": {
        "id": "gwangjin:security_light:LC2673",
        "type": "security_light",
        "name": "스마트보안등 LC2673",
        "address": null,
        "purpose": null,
        "managingAgency": "서울특별시 광진구",
        "sourceDatasetId": "gwangjin-smart-security-light",
        "sourceRecordId": "LC2673",
        "sourceUpdatedAt": null,
        "collectedAt": "2026-09-13T15:06:54.013Z"
      }
    },
    {
      "type": "Feature",
      "id": "gwangjin:security_light:LC2687",
      "geometry": {
        "type": "Point",
        "coordinates": [
          127.0717666,
          37.54857421
        ]
      },
      "properties": {
        "id": "gwangjin:security_light:LC2687",
        "type": "security_light",
        "name": "스마트보안등 LC2687",
        "address": null,
        "purpose": null,
        "managingAgency": "서울특별시 광진구",
        "sourceDatasetId": "gwangjin-smart-security-light",
        "sourceRecordId": "LC2687",
        "sourceUpdatedAt": null,
        "collectedAt": "2026-09-13T15:06:54.013Z"
      }
    },
    {
      "type": "Feature",
      "id": "gwangjin:security_light:LC2688",
      "geometry": {
        "type": "Point",
        "coordinates": [
          127.0732266,
          37.54974821
        ]
      },
      "properties": {
        "id": "gwangjin:security_light:LC2688",
        "type": "security_light",
        "name": "스마트보안등 LC2688",
        "address": null,
        "purpose": null,
        "managingAgency": "서울특별시 광진구",
        "sourceDatasetId": "gwangjin-smart-security-light",
        "sourceRecordId": "LC2688",
        "sourceUpdatedAt": null,
        "collectedAt": "2026-09-13T15:06:54.013Z"
      }
    },
    {
      "type": "Feature",
      "id": "gwangjin:security_light:LC2698",
      "geometry": {
        "type": "Point",
        "coordinates": [
          127.0728236,
          37.54982421
        ]
      },
      "properties": {
        "id": "gwangjin:security_light:LC2698",
        "type": "security_light",
        "name": "스마트보안등 LC2698",
        "address": null,
        "purpose": null,
        "managingAgency": "서울특별시 광진구",
        "sourceDatasetId": "gwangjin-smart-security-light",
        "sourceRecordId": "LC2698",
        "sourceUpdatedAt": null,
        "collectedAt": "2026-09-13T15:06:54.013Z"
      }
    },
    {
      "type": "Feature",
      "id": "gwangjin:security_light:LC2701",
      "geometry": {
        "type": "Point",
        "coordinates": [
          127.0726216,
          37.54997321
        ]
      },
      "properties": {
        "id": "gwangjin:security_light:LC2701",
        "type": "security_light",
        "name": "스마트보안등 LC2701",
        "address": null,
        "purpose": null,
        "managingAgency": "서울특별시 광진구",
        "sourceDatasetId": "gwangjin-smart-security-light",
        "sourceRecordId": "LC2701",
        "sourceUpdatedAt": null,
        "collectedAt": "2026-09-13T15:06:54.013Z"
      }
    },
    {
      "type": "Feature",
      "id": "gwangjin:security_light:LC2713",
      "geometry": {
        "type": "Point",
        "coordinates": [
          127.0687386,
          37.54877821
        ]
      },
      "properties": {
        "id": "gwangjin:security_light:LC2713",
        "type": "security_light",
        "name": "스마트보안등 LC2713",
        "address": null,
        "purpose": null,
        "managingAgency": "서울특별시 광진구",
        "sourceDatasetId": "gwangjin-smart-security-light",
        "sourceRecordId": "LC2713",
        "sourceUpdatedAt": null,
        "collectedAt": "2026-09-13T15:06:54.013Z"
      }
    },
    {
      "type": "Feature",
      "id": "gwangjin:security_light:LC2716",
      "geometry": {
        "type": "Point",
        "coordinates": [
          127.0724416,
          37.54840921
        ]
      },
      "properties": {
        "id": "gwangjin:security_light:LC2716",
        "type": "security_light",
        "name": "스마트보안등 LC2716",
        "address": null,
        "purpose": null,
        "managingAgency": "서울특별시 광진구",
        "sourceDatasetId": "gwangjin-smart-security-light",
        "sourceRecordId": "LC2716",
        "sourceUpdatedAt": null,
        "collectedAt": "2026-09-13T15:06:54.013Z"
      }
    },
    {
      "type": "Feature",
      "id": "gwangjin:security_light:LC2718",
      "geometry": {
        "type": "Point",
        "coordinates": [
          127.0686066,
          37.54918421
        ]
      },
      "properties": {
        "id": "gwangjin:security_light:LC2718",
        "type": "security_light",
        "name": "스마트보안등 LC2718",
        "address": null,
        "purpose": null,
        "managingAgency": "서울특별시 광진구",
        "sourceDatasetId": "gwangjin-smart-security-light",
        "sourceRecordId": "LC2718",
        "sourceUpdatedAt": null,
        "collectedAt": "2026-09-13T15:06:54.013Z"
      }
    },
    {
      "type": "Feature",
      "id": "gwangjin:security_light:LC2720",
      "geometry": {
        "type": "Point",
        "coordinates": [
          127.0820526,
          37.54188821
        ]
      },
      "properties": {
        "id": "gwangjin:security_light:LC2720",
        "type": "security_light",
        "name": "스마트보안등 LC2720",
        "address": null,
        "purpose": null,
        "managingAgency": "서울특별시 광진구",
        "sourceDatasetId": "gwangjin-smart-security-light",
        "sourceRecordId": "LC2720",
        "sourceUpdatedAt": null,
        "collectedAt": "2026-09-13T15:06:54.013Z"
      }
    },
    {
      "type": "Feature",
      "id": "gwangjin:security_light:LC2723",
      "geometry": {
        "type": "Point",
        "coordinates": [
          127.0834666,
          37.54252621
        ]
      },
      "properties": {
        "id": "gwangjin:security_light:LC2723",
        "type": "security_light",
        "name": "스마트보안등 LC2723",
        "address": null,
        "purpose": null,
        "managingAgency": "서울특별시 광진구",
        "sourceDatasetId": "gwangjin-smart-security-light",
        "sourceRecordId": "LC2723",
        "sourceUpdatedAt": null,
        "collectedAt": "2026-09-13T15:06:54.013Z"
      }
    },
    {
      "type": "Feature",
      "id": "gwangjin:security_light:LC2724",
      "geometry": {
        "type": "Point",
        "coordinates": [
          127.0831486,
          37.54198221
        ]
      },
      "properties": {
        "id": "gwangjin:security_light:LC2724",
        "type": "security_light",
        "name": "스마트보안등 LC2724",
        "address": null,
        "purpose": null,
        "managingAgency": "서울특별시 광진구",
        "sourceDatasetId": "gwangjin-smart-security-light",
        "sourceRecordId": "LC2724",
        "sourceUpdatedAt": null,
        "collectedAt": "2026-09-13T15:06:54.013Z"
      }
    },
    {
      "type": "Feature",
      "id": "gwangjin:security_light:LC2726",
      "geometry": {
        "type": "Point",
        "coordinates": [
          127.0830726,
          37.54171821
        ]
      },
      "properties": {
        "id": "gwangjin:security_light:LC2726",
        "type": "security_light",
        "name": "스마트보안등 LC2726",
        "address": null,
        "purpose": null,
        "managingAgency": "서울특별시 광진구",
        "sourceDatasetId": "gwangjin-smart-security-light",
        "sourceRecordId": "LC2726",
        "sourceUpdatedAt": null,
        "collectedAt": "2026-09-13T15:06:54.013Z"
      }
    },
    {
      "type": "Feature",
      "id": "gwangjin:security_light:LC2731",
      "geometry": {
        "type": "Point",
        "coordinates": [
          127.0830996,
          37.54383521
        ]
      },
      "properties": {
        "id": "gwangjin:security_light:LC2731",
        "type": "security_light",
        "name": "스마트보안등 LC2731",
        "address": null,
        "purpose": null,
        "managingAgency": "서울특별시 광진구",
        "sourceDatasetId": "gwangjin-smart-security-light",
        "sourceRecordId": "LC2731",
        "sourceUpdatedAt": null,
        "collectedAt": "2026-09-13T15:06:54.013Z"
      }
    },
    {
      "type": "Feature",
      "id": "gwangjin:security_light:LC2736",
      "geometry": {
        "type": "Point",
        "coordinates": [
          127.0726346,
          37.54941921
        ]
      },
      "properties": {
        "id": "gwangjin:security_light:LC2736",
        "type": "security_light",
        "name": "스마트보안등 LC2736",
        "address": null,
        "purpose": null,
        "managingAgency": "서울특별시 광진구",
        "sourceDatasetId": "gwangjin-smart-security-light",
        "sourceRecordId": "LC2736",
        "sourceUpdatedAt": null,
        "collectedAt": "2026-09-13T15:06:54.013Z"
      }
    },
    {
      "type": "Feature",
      "id": "gwangjin:security_light:LC6086",
      "geometry": {
        "type": "Point",
        "coordinates": [
          127.0720466,
          37.54663434
        ]
      },
      "properties": {
        "id": "gwangjin:security_light:LC6086",
        "type": "security_light",
        "name": "스마트보안등 LC6086",
        "address": null,
        "purpose": null,
        "managingAgency": "서울특별시 광진구",
        "sourceDatasetId": "gwangjin-smart-security-light",
        "sourceRecordId": "LC6086",
        "sourceUpdatedAt": null,
        "collectedAt": "2026-09-13T15:06:54.013Z"
      }
    },
    {
      "type": "Feature",
      "id": "gwangjin:security_light:LC6090",
      "geometry": {
        "type": "Point",
        "coordinates": [
          127.0674601,
          37.54133154
        ]
      },
      "properties": {
        "id": "gwangjin:security_light:LC6090",
        "type": "security_light",
        "name": "스마트보안등 LC6090",
        "address": null,
        "purpose": null,
        "managingAgency": "서울특별시 광진구",
        "sourceDatasetId": "gwangjin-smart-security-light",
        "sourceRecordId": "LC6090",
        "sourceUpdatedAt": null,
        "collectedAt": "2026-09-13T15:06:54.013Z"
      }
    },
    {
      "type": "Feature",
      "id": "gwangjin:security_light:LC6092",
      "geometry": {
        "type": "Point",
        "coordinates": [
          127.0747465,
          37.53734124
        ]
      },
      "properties": {
        "id": "gwangjin:security_light:LC6092",
        "type": "security_light",
        "name": "스마트보안등 LC6092",
        "address": null,
        "purpose": null,
        "managingAgency": "서울특별시 광진구",
        "sourceDatasetId": "gwangjin-smart-security-light",
        "sourceRecordId": "LC6092",
        "sourceUpdatedAt": null,
        "collectedAt": "2026-09-13T15:06:54.013Z"
      }
    },
    {
      "type": "Feature",
      "id": "gwangjin:security_light:LC6101",
      "geometry": {
        "type": "Point",
        "coordinates": [
          127.0756636,
          37.53579721
        ]
      },
      "properties": {
        "id": "gwangjin:security_light:LC6101",
        "type": "security_light",
        "name": "스마트보안등 LC6101",
        "address": null,
        "purpose": null,
        "managingAgency": "서울특별시 광진구",
        "sourceDatasetId": "gwangjin-smart-security-light",
        "sourceRecordId": "LC6101",
        "sourceUpdatedAt": null,
        "collectedAt": "2026-09-13T15:06:54.013Z"
      }
    },
    {
      "type": "Feature",
      "id": "gwangjin:security_light:LC6554",
      "geometry": {
        "type": "Point",
        "coordinates": [
          127.0654746,
          37.53783721
        ]
      },
      "properties": {
        "id": "gwangjin:security_light:LC6554",
        "type": "security_light",
        "name": "스마트보안등 LC6554",
        "address": null,
        "purpose": null,
        "managingAgency": "서울특별시 광진구",
        "sourceDatasetId": "gwangjin-smart-security-light",
        "sourceRecordId": "LC6554",
        "sourceUpdatedAt": null,
        "collectedAt": "2026-09-13T15:06:54.013Z"
      }
    },
    {
      "type": "Feature",
      "id": "gwangjin:security_light:LC6578",
      "geometry": {
        "type": "Point",
        "coordinates": [
          127.0670803,
          37.54406524
        ]
      },
      "properties": {
        "id": "gwangjin:security_light:LC6578",
        "type": "security_light",
        "name": "스마트보안등 LC6578",
        "address": null,
        "purpose": null,
        "managingAgency": "서울특별시 광진구",
        "sourceDatasetId": "gwangjin-smart-security-light",
        "sourceRecordId": "LC6578",
        "sourceUpdatedAt": null,
        "collectedAt": "2026-09-13T15:06:54.013Z"
      }
    },
    {
      "type": "Feature",
      "id": "gwangjin:security_light:LC6595",
      "geometry": {
        "type": "Point",
        "coordinates": [
          127.0689626,
          37.54456574
        ]
      },
      "properties": {
        "id": "gwangjin:security_light:LC6595",
        "type": "security_light",
        "name": "스마트보안등 LC6595",
        "address": null,
        "purpose": null,
        "managingAgency": "서울특별시 광진구",
        "sourceDatasetId": "gwangjin-smart-security-light",
        "sourceRecordId": "LC6595",
        "sourceUpdatedAt": null,
        "collectedAt": "2026-09-13T15:06:54.013Z"
      }
    },
    {
      "type": "Feature",
      "id": "gwangjin:security_light:LC6756",
      "geometry": {
        "type": "Point",
        "coordinates": [
          127.0674789,
          37.54524844
        ]
      },
      "properties": {
        "id": "gwangjin:security_light:LC6756",
        "type": "security_light",
        "name": "스마트보안등 LC6756",
        "address": null,
        "purpose": null,
        "managingAgency": "서울특별시 광진구",
        "sourceDatasetId": "gwangjin-smart-security-light",
        "sourceRecordId": "LC6756",
        "sourceUpdatedAt": null,
        "collectedAt": "2026-09-13T15:06:54.013Z"
      }
    },
    {
      "type": "Feature",
      "id": "gwangjin:security_light:LC6785",
      "geometry": {
        "type": "Point",
        "coordinates": [
          127.0671079,
          37.54221084
        ]
      },
      "properties": {
        "id": "gwangjin:security_light:LC6785",
        "type": "security_light",
        "name": "스마트보안등 LC6785",
        "address": null,
        "purpose": null,
        "managingAgency": "서울특별시 광진구",
        "sourceDatasetId": "gwangjin-smart-security-light",
        "sourceRecordId": "LC6785",
        "sourceUpdatedAt": null,
        "collectedAt": "2026-09-13T15:06:54.013Z"
      }
    },
    {
      "type": "Feature",
      "id": "gwangjin:security_light:LC6887",
      "geometry": {
        "type": "Point",
        "coordinates": [
          127.0680525,
          37.54272694
        ]
      },
      "properties": {
        "id": "gwangjin:security_light:LC6887",
        "type": "security_light",
        "name": "스마트보안등 LC6887",
        "address": null,
        "purpose": null,
        "managingAgency": "서울특별시 광진구",
        "sourceDatasetId": "gwangjin-smart-security-light",
        "sourceRecordId": "LC6887",
        "sourceUpdatedAt": null,
        "collectedAt": "2026-09-13T15:06:54.013Z"
      }
    },
    {
      "type": "Feature",
      "id": "gwangjin:security_light:LC6902",
      "geometry": {
        "type": "Point",
        "coordinates": [
          127.0684599,
          37.54571374
        ]
      },
      "properties": {
        "id": "gwangjin:security_light:LC6902",
        "type": "security_light",
        "name": "스마트보안등 LC6902",
        "address": null,
        "purpose": null,
        "managingAgency": "서울특별시 광진구",
        "sourceDatasetId": "gwangjin-smart-security-light",
        "sourceRecordId": "LC6902",
        "sourceUpdatedAt": null,
        "collectedAt": "2026-09-13T15:06:54.013Z"
      }
    },
    {
      "type": "Feature",
      "id": "gwangjin:security_light:LC6903",
      "geometry": {
        "type": "Point",
        "coordinates": [
          127.0673812,
          37.54492594
        ]
      },
      "properties": {
        "id": "gwangjin:security_light:LC6903",
        "type": "security_light",
        "name": "스마트보안등 LC6903",
        "address": null,
        "purpose": null,
        "managingAgency": "서울특별시 광진구",
        "sourceDatasetId": "gwangjin-smart-security-light",
        "sourceRecordId": "LC6903",
        "sourceUpdatedAt": null,
        "collectedAt": "2026-09-13T15:06:54.013Z"
      }
    },
    {
      "type": "Feature",
      "id": "gwangjin:security_light:LC6918",
      "geometry": {
        "type": "Point",
        "coordinates": [
          127.0689352,
          37.54520184
        ]
      },
      "properties": {
        "id": "gwangjin:security_light:LC6918",
        "type": "security_light",
        "name": "스마트보안등 LC6918",
        "address": null,
        "purpose": null,
        "managingAgency": "서울특별시 광진구",
        "sourceDatasetId": "gwangjin-smart-security-light",
        "sourceRecordId": "LC6918",
        "sourceUpdatedAt": null,
        "collectedAt": "2026-09-13T15:06:54.013Z"
      }
    },
    {
      "type": "Feature",
      "id": "gwangjin:security_light:LC6944",
      "geometry": {
        "type": "Point",
        "coordinates": [
          127.0665491,
          37.54352494
        ]
      },
      "properties": {
        "id": "gwangjin:security_light:LC6944",
        "type": "security_light",
        "name": "스마트보안등 LC6944",
        "address": null,
        "purpose": null,
        "managingAgency": "서울특별시 광진구",
        "sourceDatasetId": "gwangjin-smart-security-light",
        "sourceRecordId": "LC6944",
        "sourceUpdatedAt": null,
        "collectedAt": "2026-09-13T15:06:54.013Z"
      }
    },
    {
      "type": "Feature",
      "id": "gwangjin:security_light:LC6967",
      "geometry": {
        "type": "Point",
        "coordinates": [
          127.0674865,
          37.54239384
        ]
      },
      "properties": {
        "id": "gwangjin:security_light:LC6967",
        "type": "security_light",
        "name": "스마트보안등 LC6967",
        "address": null,
        "purpose": null,
        "managingAgency": "서울특별시 광진구",
        "sourceDatasetId": "gwangjin-smart-security-light",
        "sourceRecordId": "LC6967",
        "sourceUpdatedAt": null,
        "collectedAt": "2026-09-13T15:06:54.013Z"
      }
    },
    {
      "type": "Feature",
      "id": "gwangjin:security_light:LC6971",
      "geometry": {
        "type": "Point",
        "coordinates": [
          127.0677106,
          37.54567014
        ]
      },
      "properties": {
        "id": "gwangjin:security_light:LC6971",
        "type": "security_light",
        "name": "스마트보안등 LC6971",
        "address": null,
        "purpose": null,
        "managingAgency": "서울특별시 광진구",
        "sourceDatasetId": "gwangjin-smart-security-light",
        "sourceRecordId": "LC6971",
        "sourceUpdatedAt": null,
        "collectedAt": "2026-09-13T15:06:54.013Z"
      }
    },
    {
      "type": "Feature",
      "id": "gwangjin:security_light:LC6972",
      "geometry": {
        "type": "Point",
        "coordinates": [
          127.0678219,
          37.54291004
        ]
      },
      "properties": {
        "id": "gwangjin:security_light:LC6972",
        "type": "security_light",
        "name": "스마트보안등 LC6972",
        "address": null,
        "purpose": null,
        "managingAgency": "서울특별시 광진구",
        "sourceDatasetId": "gwangjin-smart-security-light",
        "sourceRecordId": "LC6972",
        "sourceUpdatedAt": null,
        "collectedAt": "2026-09-13T15:06:54.013Z"
      }
    },
    {
      "type": "Feature",
      "id": "gwangjin:security_light:LC6978",
      "geometry": {
        "type": "Point",
        "coordinates": [
          127.0685073,
          37.54372124
        ]
      },
      "properties": {
        "id": "gwangjin:security_light:LC6978",
        "type": "security_light",
        "name": "스마트보안등 LC6978",
        "address": null,
        "purpose": null,
        "managingAgency": "서울특별시 광진구",
        "sourceDatasetId": "gwangjin-smart-security-light",
        "sourceRecordId": "LC6978",
        "sourceUpdatedAt": null,
        "collectedAt": "2026-09-13T15:06:54.013Z"
      }
    },
    {
      "type": "Feature",
      "id": "gwangjin:security_light:LC7016",
      "geometry": {
        "type": "Point",
        "coordinates": [
          127.0678058,
          37.54228034
        ]
      },
      "properties": {
        "id": "gwangjin:security_light:LC7016",
        "type": "security_light",
        "name": "스마트보안등 LC7016",
        "address": null,
        "purpose": null,
        "managingAgency": "서울특별시 광진구",
        "sourceDatasetId": "gwangjin-smart-security-light",
        "sourceRecordId": "LC7016",
        "sourceUpdatedAt": null,
        "collectedAt": "2026-09-13T15:06:54.013Z"
      }
    },
    {
      "type": "Feature",
      "id": "gwangjin:security_light:LC7032",
      "geometry": {
        "type": "Point",
        "coordinates": [
          127.0676279,
          37.54208984
        ]
      },
      "properties": {
        "id": "gwangjin:security_light:LC7032",
        "type": "security_light",
        "name": "스마트보안등 LC7032",
        "address": null,
        "purpose": null,
        "managingAgency": "서울특별시 광진구",
        "sourceDatasetId": "gwangjin-smart-security-light",
        "sourceRecordId": "LC7032",
        "sourceUpdatedAt": null,
        "collectedAt": "2026-09-13T15:06:54.013Z"
      }
    },
    {
      "type": "Feature",
      "id": "gwangjin:security_light:LC7050",
      "geometry": {
        "type": "Point",
        "coordinates": [
          127.0662262,
          37.54292534
        ]
      },
      "properties": {
        "id": "gwangjin:security_light:LC7050",
        "type": "security_light",
        "name": "스마트보안등 LC7050",
        "address": null,
        "purpose": null,
        "managingAgency": "서울특별시 광진구",
        "sourceDatasetId": "gwangjin-smart-security-light",
        "sourceRecordId": "LC7050",
        "sourceUpdatedAt": null,
        "collectedAt": "2026-09-13T15:06:54.013Z"
      }
    },
    {
      "type": "Feature",
      "id": "gwangjin:security_light:LC7058",
      "geometry": {
        "type": "Point",
        "coordinates": [
          127.0678256,
          37.54588094
        ]
      },
      "properties": {
        "id": "gwangjin:security_light:LC7058",
        "type": "security_light",
        "name": "스마트보안등 LC7058",
        "address": null,
        "purpose": null,
        "managingAgency": "서울특별시 광진구",
        "sourceDatasetId": "gwangjin-smart-security-light",
        "sourceRecordId": "LC7058",
        "sourceUpdatedAt": null,
        "collectedAt": "2026-09-13T15:06:54.013Z"
      }
    },
    {
      "type": "Feature",
      "id": "gwangjin:security_light:LC7069",
      "geometry": {
        "type": "Point",
        "coordinates": [
          127.0660646,
          37.54261004
        ]
      },
      "properties": {
        "id": "gwangjin:security_light:LC7069",
        "type": "security_light",
        "name": "스마트보안등 LC7069",
        "address": null,
        "purpose": null,
        "managingAgency": "서울특별시 광진구",
        "sourceDatasetId": "gwangjin-smart-security-light",
        "sourceRecordId": "LC7069",
        "sourceUpdatedAt": null,
        "collectedAt": "2026-09-13T15:06:54.013Z"
      }
    },
    {
      "type": "Feature",
      "id": "gwangjin:security_light:LC7081",
      "geometry": {
        "type": "Point",
        "coordinates": [
          127.0667716,
          37.54317921
        ]
      },
      "properties": {
        "id": "gwangjin:security_light:LC7081",
        "type": "security_light",
        "name": "스마트보안등 LC7081",
        "address": null,
        "purpose": null,
        "managingAgency": "서울특별시 광진구",
        "sourceDatasetId": "gwangjin-smart-security-light",
        "sourceRecordId": "LC7081",
        "sourceUpdatedAt": null,
        "collectedAt": "2026-09-13T15:06:54.013Z"
      }
    },
    {
      "type": "Feature",
      "id": "gwangjin:security_light:LC7096",
      "geometry": {
        "type": "Point",
        "coordinates": [
          127.063589,
          37.53877514
        ]
      },
      "properties": {
        "id": "gwangjin:security_light:LC7096",
        "type": "security_light",
        "name": "스마트보안등 LC7096",
        "address": null,
        "purpose": null,
        "managingAgency": "서울특별시 광진구",
        "sourceDatasetId": "gwangjin-smart-security-light",
        "sourceRecordId": "LC7096",
        "sourceUpdatedAt": null,
        "collectedAt": "2026-09-13T15:06:54.013Z"
      }
    },
    {
      "type": "Feature",
      "id": "gwangjin:security_light:LC7098",
      "geometry": {
        "type": "Point",
        "coordinates": [
          127.066354,
          37.54316294
        ]
      },
      "properties": {
        "id": "gwangjin:security_light:LC7098",
        "type": "security_light",
        "name": "스마트보안등 LC7098",
        "address": null,
        "purpose": null,
        "managingAgency": "서울특별시 광진구",
        "sourceDatasetId": "gwangjin-smart-security-light",
        "sourceRecordId": "LC7098",
        "sourceUpdatedAt": null,
        "collectedAt": "2026-09-13T15:06:54.013Z"
      }
    },
    {
      "type": "Feature",
      "id": "gwangjin:security_light:LC7108",
      "geometry": {
        "type": "Point",
        "coordinates": [
          127.0686159,
          37.54554474
        ]
      },
      "properties": {
        "id": "gwangjin:security_light:LC7108",
        "type": "security_light",
        "name": "스마트보안등 LC7108",
        "address": null,
        "purpose": null,
        "managingAgency": "서울특별시 광진구",
        "sourceDatasetId": "gwangjin-smart-security-light",
        "sourceRecordId": "LC7108",
        "sourceUpdatedAt": null,
        "collectedAt": "2026-09-13T15:06:54.013Z"
      }
    },
    {
      "type": "Feature",
      "id": "gwangjin:security_light:LC7112",
      "geometry": {
        "type": "Point",
        "coordinates": [
          127.06937,
          37.54448304
        ]
      },
      "properties": {
        "id": "gwangjin:security_light:LC7112",
        "type": "security_light",
        "name": "스마트보안등 LC7112",
        "address": null,
        "purpose": null,
        "managingAgency": "서울특별시 광진구",
        "sourceDatasetId": "gwangjin-smart-security-light",
        "sourceRecordId": "LC7112",
        "sourceUpdatedAt": null,
        "collectedAt": "2026-09-13T15:06:54.013Z"
      }
    },
    {
      "type": "Feature",
      "id": "gwangjin:security_light:LC7763",
      "geometry": {
        "type": "Point",
        "coordinates": [
          127.0667304,
          37.54347294
        ]
      },
      "properties": {
        "id": "gwangjin:security_light:LC7763",
        "type": "security_light",
        "name": "스마트보안등 LC7763",
        "address": null,
        "purpose": null,
        "managingAgency": "서울특별시 광진구",
        "sourceDatasetId": "gwangjin-smart-security-light",
        "sourceRecordId": "LC7763",
        "sourceUpdatedAt": null,
        "collectedAt": "2026-09-13T15:06:54.013Z"
      }
    },
    {
      "type": "Feature",
      "id": "gwangjin:security_light:LC7765",
      "geometry": {
        "type": "Point",
        "coordinates": [
          127.0681006,
          37.54611584
        ]
      },
      "properties": {
        "id": "gwangjin:security_light:LC7765",
        "type": "security_light",
        "name": "스마트보안등 LC7765",
        "address": null,
        "purpose": null,
        "managingAgency": "서울특별시 광진구",
        "sourceDatasetId": "gwangjin-smart-security-light",
        "sourceRecordId": "LC7765",
        "sourceUpdatedAt": null,
        "collectedAt": "2026-09-13T15:06:54.013Z"
      }
    },
    {
      "type": "Feature",
      "id": "gwangjin:security_light:LC7767",
      "geometry": {
        "type": "Point",
        "coordinates": [
          127.0680296,
          37.54282724
        ]
      },
      "properties": {
        "id": "gwangjin:security_light:LC7767",
        "type": "security_light",
        "name": "스마트보안등 LC7767",
        "address": null,
        "purpose": null,
        "managingAgency": "서울특별시 광진구",
        "sourceDatasetId": "gwangjin-smart-security-light",
        "sourceRecordId": "LC7767",
        "sourceUpdatedAt": null,
        "collectedAt": "2026-09-13T15:06:54.013Z"
      }
    },
    {
      "type": "Feature",
      "id": "gwangjin:security_light:LC7768",
      "geometry": {
        "type": "Point",
        "coordinates": [
          127.0676139,
          37.54548564
        ]
      },
      "properties": {
        "id": "gwangjin:security_light:LC7768",
        "type": "security_light",
        "name": "스마트보안등 LC7768",
        "address": null,
        "purpose": null,
        "managingAgency": "서울특별시 광진구",
        "sourceDatasetId": "gwangjin-smart-security-light",
        "sourceRecordId": "LC7768",
        "sourceUpdatedAt": null,
        "collectedAt": "2026-09-13T15:06:54.013Z"
      }
    },
    {
      "type": "Feature",
      "id": "gwangjin:security_light:LC7789",
      "geometry": {
        "type": "Point",
        "coordinates": [
          127.0668438,
          37.54345324
        ]
      },
      "properties": {
        "id": "gwangjin:security_light:LC7789",
        "type": "security_light",
        "name": "스마트보안등 LC7789",
        "address": null,
        "purpose": null,
        "managingAgency": "서울특별시 광진구",
        "sourceDatasetId": "gwangjin-smart-security-light",
        "sourceRecordId": "LC7789",
        "sourceUpdatedAt": null,
        "collectedAt": "2026-09-13T15:06:54.013Z"
      }
    },
    {
      "type": "Feature",
      "id": "gwangjin:security_light:LC7791",
      "geometry": {
        "type": "Point",
        "coordinates": [
          127.0676967,
          37.54550854
        ]
      },
      "properties": {
        "id": "gwangjin:security_light:LC7791",
        "type": "security_light",
        "name": "스마트보안등 LC7791",
        "address": null,
        "purpose": null,
        "managingAgency": "서울특별시 광진구",
        "sourceDatasetId": "gwangjin-smart-security-light",
        "sourceRecordId": "LC7791",
        "sourceUpdatedAt": null,
        "collectedAt": "2026-09-13T15:06:54.013Z"
      }
    },
    {
      "type": "Feature",
      "id": "gwangjin:security_light:LC7794",
      "geometry": {
        "type": "Point",
        "coordinates": [
          127.0690949,
          37.54468874
        ]
      },
      "properties": {
        "id": "gwangjin:security_light:LC7794",
        "type": "security_light",
        "name": "스마트보안등 LC7794",
        "address": null,
        "purpose": null,
        "managingAgency": "서울특별시 광진구",
        "sourceDatasetId": "gwangjin-smart-security-light",
        "sourceRecordId": "LC7794",
        "sourceUpdatedAt": null,
        "collectedAt": "2026-09-13T15:06:54.013Z"
      }
    },
    {
      "type": "Feature",
      "id": "gwangjin:security_light:LC7796",
      "geometry": {
        "type": "Point",
        "coordinates": [
          127.0672842,
          37.54415534
        ]
      },
      "properties": {
        "id": "gwangjin:security_light:LC7796",
        "type": "security_light",
        "name": "스마트보안등 LC7796",
        "address": null,
        "purpose": null,
        "managingAgency": "서울특별시 광진구",
        "sourceDatasetId": "gwangjin-smart-security-light",
        "sourceRecordId": "LC7796",
        "sourceUpdatedAt": null,
        "collectedAt": "2026-09-13T15:06:54.013Z"
      }
    },
    {
      "type": "Feature",
      "id": "gwangjin:security_light:LC8288",
      "geometry": {
        "type": "Point",
        "coordinates": [
          127.0665318,
          37.54226004
        ]
      },
      "properties": {
        "id": "gwangjin:security_light:LC8288",
        "type": "security_light",
        "name": "스마트보안등 LC8288",
        "address": null,
        "purpose": null,
        "managingAgency": "서울특별시 광진구",
        "sourceDatasetId": "gwangjin-smart-security-light",
        "sourceRecordId": "LC8288",
        "sourceUpdatedAt": null,
        "collectedAt": "2026-09-13T15:06:54.013Z"
      }
    },
    {
      "type": "Feature",
      "id": "gwangjin:security_light:LC8296",
      "geometry": {
        "type": "Point",
        "coordinates": [
          127.0665782,
          37.54288844
        ]
      },
      "properties": {
        "id": "gwangjin:security_light:LC8296",
        "type": "security_light",
        "name": "스마트보안등 LC8296",
        "address": null,
        "purpose": null,
        "managingAgency": "서울특별시 광진구",
        "sourceDatasetId": "gwangjin-smart-security-light",
        "sourceRecordId": "LC8296",
        "sourceUpdatedAt": null,
        "collectedAt": "2026-09-13T15:06:54.013Z"
      }
    },
    {
      "type": "Feature",
      "id": "gwangjin:security_light:LC8303",
      "geometry": {
        "type": "Point",
        "coordinates": [
          127.0675202,
          37.54212994
        ]
      },
      "properties": {
        "id": "gwangjin:security_light:LC8303",
        "type": "security_light",
        "name": "스마트보안등 LC8303",
        "address": null,
        "purpose": null,
        "managingAgency": "서울특별시 광진구",
        "sourceDatasetId": "gwangjin-smart-security-light",
        "sourceRecordId": "LC8303",
        "sourceUpdatedAt": null,
        "collectedAt": "2026-09-13T15:06:54.013Z"
      }
    },
    {
      "type": "Feature",
      "id": "gwangjin:security_light:LC8798",
      "geometry": {
        "type": "Point",
        "coordinates": [
          127.0666326,
          37.54299634
        ]
      },
      "properties": {
        "id": "gwangjin:security_light:LC8798",
        "type": "security_light",
        "name": "스마트보안등 LC8798",
        "address": null,
        "purpose": null,
        "managingAgency": "서울특별시 광진구",
        "sourceDatasetId": "gwangjin-smart-security-light",
        "sourceRecordId": "LC8798",
        "sourceUpdatedAt": null,
        "collectedAt": "2026-09-13T15:06:54.013Z"
      }
    },
    {
      "type": "Feature",
      "id": "gwangjin:security_light:LD1097",
      "geometry": {
        "type": "Point",
        "coordinates": [
          127.0696326,
          37.54685721
        ]
      },
      "properties": {
        "id": "gwangjin:security_light:LD1097",
        "type": "security_light",
        "name": "스마트보안등 LD1097",
        "address": null,
        "purpose": null,
        "managingAgency": "서울특별시 광진구",
        "sourceDatasetId": "gwangjin-smart-security-light",
        "sourceRecordId": "LD1097",
        "sourceUpdatedAt": null,
        "collectedAt": "2026-09-13T15:06:54.013Z"
      }
    },
    {
      "type": "Feature",
      "id": "gwangjin:security_light:LD1099",
      "geometry": {
        "type": "Point",
        "coordinates": [
          127.0745644,
          37.53698494
        ]
      },
      "properties": {
        "id": "gwangjin:security_light:LD1099",
        "type": "security_light",
        "name": "스마트보안등 LD1099",
        "address": null,
        "purpose": null,
        "managingAgency": "서울특별시 광진구",
        "sourceDatasetId": "gwangjin-smart-security-light",
        "sourceRecordId": "LD1099",
        "sourceUpdatedAt": null,
        "collectedAt": "2026-09-13T15:06:54.013Z"
      }
    },
    {
      "type": "Feature",
      "id": "gwangjin:security_light:LD1101",
      "geometry": {
        "type": "Point",
        "coordinates": [
          127.0773816,
          37.53449794
        ]
      },
      "properties": {
        "id": "gwangjin:security_light:LD1101",
        "type": "security_light",
        "name": "스마트보안등 LD1101",
        "address": null,
        "purpose": null,
        "managingAgency": "서울특별시 광진구",
        "sourceDatasetId": "gwangjin-smart-security-light",
        "sourceRecordId": "LD1101",
        "sourceUpdatedAt": null,
        "collectedAt": "2026-09-13T15:06:54.013Z"
      }
    },
    {
      "type": "Feature",
      "id": "gwangjin:security_light:LD1112",
      "geometry": {
        "type": "Point",
        "coordinates": [
          127.0676465,
          37.54127094
        ]
      },
      "properties": {
        "id": "gwangjin:security_light:LD1112",
        "type": "security_light",
        "name": "스마트보안등 LD1112",
        "address": null,
        "purpose": null,
        "managingAgency": "서울특별시 광진구",
        "sourceDatasetId": "gwangjin-smart-security-light",
        "sourceRecordId": "LD1112",
        "sourceUpdatedAt": null,
        "collectedAt": "2026-09-13T15:06:54.013Z"
      }
    },
    {
      "type": "Feature",
      "id": "gwangjin:security_light:LD1526",
      "geometry": {
        "type": "Point",
        "coordinates": [
          127.0688246,
          37.54530994
        ]
      },
      "properties": {
        "id": "gwangjin:security_light:LD1526",
        "type": "security_light",
        "name": "스마트보안등 LD1526",
        "address": null,
        "purpose": null,
        "managingAgency": "서울특별시 광진구",
        "sourceDatasetId": "gwangjin-smart-security-light",
        "sourceRecordId": "LD1526",
        "sourceUpdatedAt": null,
        "collectedAt": "2026-09-13T15:06:54.013Z"
      }
    },
    {
      "type": "Feature",
      "id": "gwangjin:security_light:LD1538",
      "geometry": {
        "type": "Point",
        "coordinates": [
          127.0687419,
          37.54414764
        ]
      },
      "properties": {
        "id": "gwangjin:security_light:LD1538",
        "type": "security_light",
        "name": "스마트보안등 LD1538",
        "address": null,
        "purpose": null,
        "managingAgency": "서울특별시 광진구",
        "sourceDatasetId": "gwangjin-smart-security-light",
        "sourceRecordId": "LD1538",
        "sourceUpdatedAt": null,
        "collectedAt": "2026-09-13T15:06:54.013Z"
      }
    },
    {
      "type": "Feature",
      "id": "gwangjin:security_light:LD1550",
      "geometry": {
        "type": "Point",
        "coordinates": [
          127.0694063,
          37.54468414
        ]
      },
      "properties": {
        "id": "gwangjin:security_light:LD1550",
        "type": "security_light",
        "name": "스마트보안등 LD1550",
        "address": null,
        "purpose": null,
        "managingAgency": "서울특별시 광진구",
        "sourceDatasetId": "gwangjin-smart-security-light",
        "sourceRecordId": "LD1550",
        "sourceUpdatedAt": null,
        "collectedAt": "2026-09-13T15:06:54.013Z"
      }
    },
    {
      "type": "Feature",
      "id": "gwangjin:security_light:LD1559",
      "geometry": {
        "type": "Point",
        "coordinates": [
          127.0690108,
          37.54510884
        ]
      },
      "properties": {
        "id": "gwangjin:security_light:LD1559",
        "type": "security_light",
        "name": "스마트보안등 LD1559",
        "address": null,
        "purpose": null,
        "managingAgency": "서울특별시 광진구",
        "sourceDatasetId": "gwangjin-smart-security-light",
        "sourceRecordId": "LD1559",
        "sourceUpdatedAt": null,
        "collectedAt": "2026-09-13T15:06:54.013Z"
      }
    },
    {
      "type": "Feature",
      "id": "gwangjin:security_light:LD1570",
      "geometry": {
        "type": "Point",
        "coordinates": [
          127.0692223,
          37.54457734
        ]
      },
      "properties": {
        "id": "gwangjin:security_light:LD1570",
        "type": "security_light",
        "name": "스마트보안등 LD1570",
        "address": null,
        "purpose": null,
        "managingAgency": "서울특별시 광진구",
        "sourceDatasetId": "gwangjin-smart-security-light",
        "sourceRecordId": "LD1570",
        "sourceUpdatedAt": null,
        "collectedAt": "2026-09-13T15:06:54.013Z"
      }
    },
    {
      "type": "Feature",
      "id": "gwangjin:security_light:LD1586",
      "geometry": {
        "type": "Point",
        "coordinates": [
          127.0661395,
          37.54260384
        ]
      },
      "properties": {
        "id": "gwangjin:security_light:LD1586",
        "type": "security_light",
        "name": "스마트보안등 LD1586",
        "address": null,
        "purpose": null,
        "managingAgency": "서울특별시 광진구",
        "sourceDatasetId": "gwangjin-smart-security-light",
        "sourceRecordId": "LD1586",
        "sourceUpdatedAt": null,
        "collectedAt": "2026-09-13T15:06:54.013Z"
      }
    },
    {
      "type": "Feature",
      "id": "gwangjin:security_light:LD1712",
      "geometry": {
        "type": "Point",
        "coordinates": [
          127.0680972,
          37.54295964
        ]
      },
      "properties": {
        "id": "gwangjin:security_light:LD1712",
        "type": "security_light",
        "name": "스마트보안등 LD1712",
        "address": null,
        "purpose": null,
        "managingAgency": "서울특별시 광진구",
        "sourceDatasetId": "gwangjin-smart-security-light",
        "sourceRecordId": "LD1712",
        "sourceUpdatedAt": null,
        "collectedAt": "2026-09-13T15:06:54.013Z"
      }
    },
    {
      "type": "Feature",
      "id": "gwangjin:security_light:LD1871",
      "geometry": {
        "type": "Point",
        "coordinates": [
          127.0679278,
          37.54249914
        ]
      },
      "properties": {
        "id": "gwangjin:security_light:LD1871",
        "type": "security_light",
        "name": "스마트보안등 LD1871",
        "address": null,
        "purpose": null,
        "managingAgency": "서울특별시 광진구",
        "sourceDatasetId": "gwangjin-smart-security-light",
        "sourceRecordId": "LD1871",
        "sourceUpdatedAt": null,
        "collectedAt": "2026-09-13T15:06:54.013Z"
      }
    },
    {
      "type": "Feature",
      "id": "gwangjin:security_light:LD1872",
      "geometry": {
        "type": "Point",
        "coordinates": [
          127.06757,
          37.54247264
        ]
      },
      "properties": {
        "id": "gwangjin:security_light:LD1872",
        "type": "security_light",
        "name": "스마트보안등 LD1872",
        "address": null,
        "purpose": null,
        "managingAgency": "서울특별시 광진구",
        "sourceDatasetId": "gwangjin-smart-security-light",
        "sourceRecordId": "LD1872",
        "sourceUpdatedAt": null,
        "collectedAt": "2026-09-13T15:06:54.013Z"
      }
    },
    {
      "type": "Feature",
      "id": "gwangjin:security_light:LD1879",
      "geometry": {
        "type": "Point",
        "coordinates": [
          127.0688069,
          37.54479144
        ]
      },
      "properties": {
        "id": "gwangjin:security_light:LD1879",
        "type": "security_light",
        "name": "스마트보안등 LD1879",
        "address": null,
        "purpose": null,
        "managingAgency": "서울특별시 광진구",
        "sourceDatasetId": "gwangjin-smart-security-light",
        "sourceRecordId": "LD1879",
        "sourceUpdatedAt": null,
        "collectedAt": "2026-09-13T15:06:54.013Z"
      }
    },
    {
      "type": "Feature",
      "id": "gwangjin:security_light:LD1880",
      "geometry": {
        "type": "Point",
        "coordinates": [
          127.0684577,
          37.54428744
        ]
      },
      "properties": {
        "id": "gwangjin:security_light:LD1880",
        "type": "security_light",
        "name": "스마트보안등 LD1880",
        "address": null,
        "purpose": null,
        "managingAgency": "서울특별시 광진구",
        "sourceDatasetId": "gwangjin-smart-security-light",
        "sourceRecordId": "LD1880",
        "sourceUpdatedAt": null,
        "collectedAt": "2026-09-13T15:06:54.013Z"
      }
    },
    {
      "type": "Feature",
      "id": "gwangjin:security_light:LD1881",
      "geometry": {
        "type": "Point",
        "coordinates": [
          127.0667315,
          37.54385814
        ]
      },
      "properties": {
        "id": "gwangjin:security_light:LD1881",
        "type": "security_light",
        "name": "스마트보안등 LD1881",
        "address": null,
        "purpose": null,
        "managingAgency": "서울특별시 광진구",
        "sourceDatasetId": "gwangjin-smart-security-light",
        "sourceRecordId": "LD1881",
        "sourceUpdatedAt": null,
        "collectedAt": "2026-09-13T15:06:54.013Z"
      }
    },
    {
      "type": "Feature",
      "id": "gwangjin:security_light:LD1882",
      "geometry": {
        "type": "Point",
        "coordinates": [
          127.0677883,
          37.54263164
        ]
      },
      "properties": {
        "id": "gwangjin:security_light:LD1882",
        "type": "security_light",
        "name": "스마트보안등 LD1882",
        "address": null,
        "purpose": null,
        "managingAgency": "서울특별시 광진구",
        "sourceDatasetId": "gwangjin-smart-security-light",
        "sourceRecordId": "LD1882",
        "sourceUpdatedAt": null,
        "collectedAt": "2026-09-13T15:06:54.013Z"
      }
    },
    {
      "type": "Feature",
      "id": "gwangjin:security_light:LD1887",
      "geometry": {
        "type": "Point",
        "coordinates": [
          127.0686143,
          37.54391874
        ]
      },
      "properties": {
        "id": "gwangjin:security_light:LD1887",
        "type": "security_light",
        "name": "스마트보안등 LD1887",
        "address": null,
        "purpose": null,
        "managingAgency": "서울특별시 광진구",
        "sourceDatasetId": "gwangjin-smart-security-light",
        "sourceRecordId": "LD1887",
        "sourceUpdatedAt": null,
        "collectedAt": "2026-09-13T15:06:54.013Z"
      }
    },
    {
      "type": "Feature",
      "id": "gwangjin:security_light:LD1893",
      "geometry": {
        "type": "Point",
        "coordinates": [
          127.0672523,
          37.54482024
        ]
      },
      "properties": {
        "id": "gwangjin:security_light:LD1893",
        "type": "security_light",
        "name": "스마트보안등 LD1893",
        "address": null,
        "purpose": null,
        "managingAgency": "서울특별시 광진구",
        "sourceDatasetId": "gwangjin-smart-security-light",
        "sourceRecordId": "LD1893",
        "sourceUpdatedAt": null,
        "collectedAt": "2026-09-13T15:06:54.013Z"
      }
    },
    {
      "type": "Feature",
      "id": "gwangjin:security_light:LD1915",
      "geometry": {
        "type": "Point",
        "coordinates": [
          127.0670685,
          37.54448144
        ]
      },
      "properties": {
        "id": "gwangjin:security_light:LD1915",
        "type": "security_light",
        "name": "스마트보안등 LD1915",
        "address": null,
        "purpose": null,
        "managingAgency": "서울특별시 광진구",
        "sourceDatasetId": "gwangjin-smart-security-light",
        "sourceRecordId": "LD1915",
        "sourceUpdatedAt": null,
        "collectedAt": "2026-09-13T15:06:54.013Z"
      }
    },
    {
      "type": "Feature",
      "id": "gwangjin:security_light:LD1952",
      "geometry": {
        "type": "Point",
        "coordinates": [
          127.0670416,
          37.54610021
        ]
      },
      "properties": {
        "id": "gwangjin:security_light:LD1952",
        "type": "security_light",
        "name": "스마트보안등 LD1952",
        "address": null,
        "purpose": null,
        "managingAgency": "서울특별시 광진구",
        "sourceDatasetId": "gwangjin-smart-security-light",
        "sourceRecordId": "LD1952",
        "sourceUpdatedAt": null,
        "collectedAt": "2026-09-13T15:06:54.013Z"
      }
    },
    {
      "type": "Feature",
      "id": "gwangjin:security_light:LD1956",
      "geometry": {
        "type": "Point",
        "coordinates": [
          127.0661358,
          37.54274134
        ]
      },
      "properties": {
        "id": "gwangjin:security_light:LD1956",
        "type": "security_light",
        "name": "스마트보안등 LD1956",
        "address": null,
        "purpose": null,
        "managingAgency": "서울특별시 광진구",
        "sourceDatasetId": "gwangjin-smart-security-light",
        "sourceRecordId": "LD1956",
        "sourceUpdatedAt": null,
        "collectedAt": "2026-09-13T15:06:54.013Z"
      }
    },
    {
      "type": "Feature",
      "id": "gwangjin:security_light:LD1976",
      "geometry": {
        "type": "Point",
        "coordinates": [
          127.0670036,
          37.54435654
        ]
      },
      "properties": {
        "id": "gwangjin:security_light:LD1976",
        "type": "security_light",
        "name": "스마트보안등 LD1976",
        "address": null,
        "purpose": null,
        "managingAgency": "서울특별시 광진구",
        "sourceDatasetId": "gwangjin-smart-security-light",
        "sourceRecordId": "LD1976",
        "sourceUpdatedAt": null,
        "collectedAt": "2026-09-13T15:06:54.013Z"
      }
    },
    {
      "type": "Feature",
      "id": "gwangjin:security_light:LD1980",
      "geometry": {
        "type": "Point",
        "coordinates": [
          127.0679821,
          37.54604194
        ]
      },
      "properties": {
        "id": "gwangjin:security_light:LD1980",
        "type": "security_light",
        "name": "스마트보안등 LD1980",
        "address": null,
        "purpose": null,
        "managingAgency": "서울특별시 광진구",
        "sourceDatasetId": "gwangjin-smart-security-light",
        "sourceRecordId": "LD1980",
        "sourceUpdatedAt": null,
        "collectedAt": "2026-09-13T15:06:54.013Z"
      }
    },
    {
      "type": "Feature",
      "id": "gwangjin:security_light:LD1984",
      "geometry": {
        "type": "Point",
        "coordinates": [
          127.0682106,
          37.54321504
        ]
      },
      "properties": {
        "id": "gwangjin:security_light:LD1984",
        "type": "security_light",
        "name": "스마트보안등 LD1984",
        "address": null,
        "purpose": null,
        "managingAgency": "서울특별시 광진구",
        "sourceDatasetId": "gwangjin-smart-security-light",
        "sourceRecordId": "LD1984",
        "sourceUpdatedAt": null,
        "collectedAt": "2026-09-13T15:06:54.013Z"
      }
    },
    {
      "type": "Feature",
      "id": "gwangjin:security_light:LD2001",
      "geometry": {
        "type": "Point",
        "coordinates": [
          127.0673066,
          37.54657521
        ]
      },
      "properties": {
        "id": "gwangjin:security_light:LD2001",
        "type": "security_light",
        "name": "스마트보안등 LD2001",
        "address": null,
        "purpose": null,
        "managingAgency": "서울특별시 광진구",
        "sourceDatasetId": "gwangjin-smart-security-light",
        "sourceRecordId": "LD2001",
        "sourceUpdatedAt": null,
        "collectedAt": "2026-09-13T15:06:54.013Z"
      }
    },
    {
      "type": "Feature",
      "id": "gwangjin:security_light:LD2012",
      "geometry": {
        "type": "Point",
        "coordinates": [
          127.0688485,
          37.54440834
        ]
      },
      "properties": {
        "id": "gwangjin:security_light:LD2012",
        "type": "security_light",
        "name": "스마트보안등 LD2012",
        "address": null,
        "purpose": null,
        "managingAgency": "서울특별시 광진구",
        "sourceDatasetId": "gwangjin-smart-security-light",
        "sourceRecordId": "LD2012",
        "sourceUpdatedAt": null,
        "collectedAt": "2026-09-13T15:06:54.013Z"
      }
    },
    {
      "type": "Feature",
      "id": "gwangjin:security_light:LD2013",
      "geometry": {
        "type": "Point",
        "coordinates": [
          127.0669286,
          37.54588721
        ]
      },
      "properties": {
        "id": "gwangjin:security_light:LD2013",
        "type": "security_light",
        "name": "스마트보안등 LD2013",
        "address": null,
        "purpose": null,
        "managingAgency": "서울특별시 광진구",
        "sourceDatasetId": "gwangjin-smart-security-light",
        "sourceRecordId": "LD2013",
        "sourceUpdatedAt": null,
        "collectedAt": "2026-09-13T15:06:54.013Z"
      }
    },
    {
      "type": "Feature",
      "id": "gwangjin:security_light:LD2050",
      "geometry": {
        "type": "Point",
        "coordinates": [
          127.0683009,
          37.54588954
        ]
      },
      "properties": {
        "id": "gwangjin:security_light:LD2050",
        "type": "security_light",
        "name": "스마트보안등 LD2050",
        "address": null,
        "purpose": null,
        "managingAgency": "서울특별시 광진구",
        "sourceDatasetId": "gwangjin-smart-security-light",
        "sourceRecordId": "LD2050",
        "sourceUpdatedAt": null,
        "collectedAt": "2026-09-13T15:06:54.013Z"
      }
    },
    {
      "type": "Feature",
      "id": "gwangjin:security_light:LD2054",
      "geometry": {
        "type": "Point",
        "coordinates": [
          127.0668555,
          37.54367324
        ]
      },
      "properties": {
        "id": "gwangjin:security_light:LD2054",
        "type": "security_light",
        "name": "스마트보안등 LD2054",
        "address": null,
        "purpose": null,
        "managingAgency": "서울특별시 광진구",
        "sourceDatasetId": "gwangjin-smart-security-light",
        "sourceRecordId": "LD2054",
        "sourceUpdatedAt": null,
        "collectedAt": "2026-09-13T15:06:54.013Z"
      }
    },
    {
      "type": "Feature",
      "id": "gwangjin:security_light:LD2064",
      "geometry": {
        "type": "Point",
        "coordinates": [
          127.0668862,
          37.54413094
        ]
      },
      "properties": {
        "id": "gwangjin:security_light:LD2064",
        "type": "security_light",
        "name": "스마트보안등 LD2064",
        "address": null,
        "purpose": null,
        "managingAgency": "서울특별시 광진구",
        "sourceDatasetId": "gwangjin-smart-security-light",
        "sourceRecordId": "LD2064",
        "sourceUpdatedAt": null,
        "collectedAt": "2026-09-13T15:06:54.013Z"
      }
    },
    {
      "type": "Feature",
      "id": "gwangjin:security_light:LD2141",
      "geometry": {
        "type": "Point",
        "coordinates": [
          127.0687335,
          37.54528334
        ]
      },
      "properties": {
        "id": "gwangjin:security_light:LD2141",
        "type": "security_light",
        "name": "스마트보안등 LD2141",
        "address": null,
        "purpose": null,
        "managingAgency": "서울특별시 광진구",
        "sourceDatasetId": "gwangjin-smart-security-light",
        "sourceRecordId": "LD2141",
        "sourceUpdatedAt": null,
        "collectedAt": "2026-09-13T15:06:54.013Z"
      }
    },
    {
      "type": "Feature",
      "id": "gwangjin:security_light:LD2704",
      "geometry": {
        "type": "Point",
        "coordinates": [
          127.0682753,
          37.54327944
        ]
      },
      "properties": {
        "id": "gwangjin:security_light:LD2704",
        "type": "security_light",
        "name": "스마트보안등 LD2704",
        "address": null,
        "purpose": null,
        "managingAgency": "서울특별시 광진구",
        "sourceDatasetId": "gwangjin-smart-security-light",
        "sourceRecordId": "LD2704",
        "sourceUpdatedAt": null,
        "collectedAt": "2026-09-13T15:06:54.013Z"
      }
    },
    {
      "type": "Feature",
      "id": "gwangjin:security_light:LD2705",
      "geometry": {
        "type": "Point",
        "coordinates": [
          127.0683729,
          37.54403274
        ]
      },
      "properties": {
        "id": "gwangjin:security_light:LD2705",
        "type": "security_light",
        "name": "스마트보안등 LD2705",
        "address": null,
        "purpose": null,
        "managingAgency": "서울특별시 광진구",
        "sourceDatasetId": "gwangjin-smart-security-light",
        "sourceRecordId": "LD2705",
        "sourceUpdatedAt": null,
        "collectedAt": "2026-09-13T15:06:54.013Z"
      }
    },
    {
      "type": "Feature",
      "id": "gwangjin:security_light:LD2707",
      "geometry": {
        "type": "Point",
        "coordinates": [
          127.0684035,
          37.54353204
        ]
      },
      "properties": {
        "id": "gwangjin:security_light:LD2707",
        "type": "security_light",
        "name": "스마트보안등 LD2707",
        "address": null,
        "purpose": null,
        "managingAgency": "서울특별시 광진구",
        "sourceDatasetId": "gwangjin-smart-security-light",
        "sourceRecordId": "LD2707",
        "sourceUpdatedAt": null,
        "collectedAt": "2026-09-13T15:06:54.013Z"
      }
    },
    {
      "type": "Feature",
      "id": "gwangjin:security_light:LD3319",
      "geometry": {
        "type": "Point",
        "coordinates": [
          127.0682163,
          37.54317514
        ]
      },
      "properties": {
        "id": "gwangjin:security_light:LD3319",
        "type": "security_light",
        "name": "스마트보안등 LD3319",
        "address": null,
        "purpose": null,
        "managingAgency": "서울특별시 광진구",
        "sourceDatasetId": "gwangjin-smart-security-light",
        "sourceRecordId": "LD3319",
        "sourceUpdatedAt": null,
        "collectedAt": "2026-09-13T15:06:54.013Z"
      }
    },
    {
      "type": "Feature",
      "id": "gwangjin:security_light:LD5301",
      "geometry": {
        "type": "Point",
        "coordinates": [
          127.0687416,
          37.54355121
        ]
      },
      "properties": {
        "id": "gwangjin:security_light:LD5301",
        "type": "security_light",
        "name": "스마트보안등 LD5301",
        "address": null,
        "purpose": null,
        "managingAgency": "서울특별시 광진구",
        "sourceDatasetId": "gwangjin-smart-security-light",
        "sourceRecordId": "LD5301",
        "sourceUpdatedAt": null,
        "collectedAt": "2026-09-13T15:06:54.013Z"
      }
    },
    {
      "type": "Feature",
      "id": "gwangjin:security_light:LD5302",
      "geometry": {
        "type": "Point",
        "coordinates": [
          127.0633226,
          37.53909921
        ]
      },
      "properties": {
        "id": "gwangjin:security_light:LD5302",
        "type": "security_light",
        "name": "스마트보안등 LD5302",
        "address": null,
        "purpose": null,
        "managingAgency": "서울특별시 광진구",
        "sourceDatasetId": "gwangjin-smart-security-light",
        "sourceRecordId": "LD5302",
        "sourceUpdatedAt": null,
        "collectedAt": "2026-09-13T15:06:54.013Z"
      }
    },
    {
      "type": "Feature",
      "id": "gwangjin:security_light:LD5310",
      "geometry": {
        "type": "Point",
        "coordinates": [
          127.0636336,
          37.53839721
        ]
      },
      "properties": {
        "id": "gwangjin:security_light:LD5310",
        "type": "security_light",
        "name": "스마트보안등 LD5310",
        "address": null,
        "purpose": null,
        "managingAgency": "서울특별시 광진구",
        "sourceDatasetId": "gwangjin-smart-security-light",
        "sourceRecordId": "LD5310",
        "sourceUpdatedAt": null,
        "collectedAt": "2026-09-13T15:06:54.013Z"
      }
    },
    {
      "type": "Feature",
      "id": "gwangjin:security_light:LD5313",
      "geometry": {
        "type": "Point",
        "coordinates": [
          127.0629066,
          37.53928521
        ]
      },
      "properties": {
        "id": "gwangjin:security_light:LD5313",
        "type": "security_light",
        "name": "스마트보안등 LD5313",
        "address": null,
        "purpose": null,
        "managingAgency": "서울특별시 광진구",
        "sourceDatasetId": "gwangjin-smart-security-light",
        "sourceRecordId": "LD5313",
        "sourceUpdatedAt": null,
        "collectedAt": "2026-09-13T15:06:54.013Z"
      }
    },
    {
      "type": "Feature",
      "id": "gwangjin:security_light:LD5315",
      "geometry": {
        "type": "Point",
        "coordinates": [
          127.0636566,
          37.53972321
        ]
      },
      "properties": {
        "id": "gwangjin:security_light:LD5315",
        "type": "security_light",
        "name": "스마트보안등 LD5315",
        "address": null,
        "purpose": null,
        "managingAgency": "서울특별시 광진구",
        "sourceDatasetId": "gwangjin-smart-security-light",
        "sourceRecordId": "LD5315",
        "sourceUpdatedAt": null,
        "collectedAt": "2026-09-13T15:06:54.013Z"
      }
    },
    {
      "type": "Feature",
      "id": "gwangjin:security_light:LD5317",
      "geometry": {
        "type": "Point",
        "coordinates": [
          127.0654399,
          37.53848644
        ]
      },
      "properties": {
        "id": "gwangjin:security_light:LD5317",
        "type": "security_light",
        "name": "스마트보안등 LD5317",
        "address": null,
        "purpose": null,
        "managingAgency": "서울특별시 광진구",
        "sourceDatasetId": "gwangjin-smart-security-light",
        "sourceRecordId": "LD5317",
        "sourceUpdatedAt": null,
        "collectedAt": "2026-09-13T15:06:54.013Z"
      }
    },
    {
      "type": "Feature",
      "id": "gwangjin:security_light:LD5318",
      "geometry": {
        "type": "Point",
        "coordinates": [
          127.0644196,
          37.53806821
        ]
      },
      "properties": {
        "id": "gwangjin:security_light:LD5318",
        "type": "security_light",
        "name": "스마트보안등 LD5318",
        "address": null,
        "purpose": null,
        "managingAgency": "서울특별시 광진구",
        "sourceDatasetId": "gwangjin-smart-security-light",
        "sourceRecordId": "LD5318",
        "sourceUpdatedAt": null,
        "collectedAt": "2026-09-13T15:06:54.013Z"
      }
    },
    {
      "type": "Feature",
      "id": "gwangjin:security_light:LD5319",
      "geometry": {
        "type": "Point",
        "coordinates": [
          127.0652656,
          37.53828921
        ]
      },
      "properties": {
        "id": "gwangjin:security_light:LD5319",
        "type": "security_light",
        "name": "스마트보안등 LD5319",
        "address": null,
        "purpose": null,
        "managingAgency": "서울특별시 광진구",
        "sourceDatasetId": "gwangjin-smart-security-light",
        "sourceRecordId": "LD5319",
        "sourceUpdatedAt": null,
        "collectedAt": "2026-09-13T15:06:54.013Z"
      }
    },
    {
      "type": "Feature",
      "id": "gwangjin:security_light:LD5321",
      "geometry": {
        "type": "Point",
        "coordinates": [
          127.0639326,
          37.53952621
        ]
      },
      "properties": {
        "id": "gwangjin:security_light:LD5321",
        "type": "security_light",
        "name": "스마트보안등 LD5321",
        "address": null,
        "purpose": null,
        "managingAgency": "서울특별시 광진구",
        "sourceDatasetId": "gwangjin-smart-security-light",
        "sourceRecordId": "LD5321",
        "sourceUpdatedAt": null,
        "collectedAt": "2026-09-13T15:06:54.013Z"
      }
    },
    {
      "type": "Feature",
      "id": "gwangjin:security_light:LD5322",
      "geometry": {
        "type": "Point",
        "coordinates": [
          127.0640256,
          37.53833021
        ]
      },
      "properties": {
        "id": "gwangjin:security_light:LD5322",
        "type": "security_light",
        "name": "스마트보안등 LD5322",
        "address": null,
        "purpose": null,
        "managingAgency": "서울특별시 광진구",
        "sourceDatasetId": "gwangjin-smart-security-light",
        "sourceRecordId": "LD5322",
        "sourceUpdatedAt": null,
        "collectedAt": "2026-09-13T15:06:54.013Z"
      }
    },
    {
      "type": "Feature",
      "id": "gwangjin:security_light:LD5323",
      "geometry": {
        "type": "Point",
        "coordinates": [
          127.0687006,
          37.54334121
        ]
      },
      "properties": {
        "id": "gwangjin:security_light:LD5323",
        "type": "security_light",
        "name": "스마트보안등 LD5323",
        "address": null,
        "purpose": null,
        "managingAgency": "서울특별시 광진구",
        "sourceDatasetId": "gwangjin-smart-security-light",
        "sourceRecordId": "LD5323",
        "sourceUpdatedAt": null,
        "collectedAt": "2026-09-13T15:06:54.013Z"
      }
    },
    {
      "type": "Feature",
      "id": "gwangjin:security_light:LD5325",
      "geometry": {
        "type": "Point",
        "coordinates": [
          127.0638426,
          37.53962121
        ]
      },
      "properties": {
        "id": "gwangjin:security_light:LD5325",
        "type": "security_light",
        "name": "스마트보안등 LD5325",
        "address": null,
        "purpose": null,
        "managingAgency": "서울특별시 광진구",
        "sourceDatasetId": "gwangjin-smart-security-light",
        "sourceRecordId": "LD5325",
        "sourceUpdatedAt": null,
        "collectedAt": "2026-09-13T15:06:54.013Z"
      }
    },
    {
      "type": "Feature",
      "id": "gwangjin:security_light:LD5326",
      "geometry": {
        "type": "Point",
        "coordinates": [
          127.0631786,
          37.53879121
        ]
      },
      "properties": {
        "id": "gwangjin:security_light:LD5326",
        "type": "security_light",
        "name": "스마트보안등 LD5326",
        "address": null,
        "purpose": null,
        "managingAgency": "서울특별시 광진구",
        "sourceDatasetId": "gwangjin-smart-security-light",
        "sourceRecordId": "LD5326",
        "sourceUpdatedAt": null,
        "collectedAt": "2026-09-13T15:06:54.013Z"
      }
    },
    {
      "type": "Feature",
      "id": "gwangjin:security_light:LD5327",
      "geometry": {
        "type": "Point",
        "coordinates": [
          127.0646646,
          37.53765221
        ]
      },
      "properties": {
        "id": "gwangjin:security_light:LD5327",
        "type": "security_light",
        "name": "스마트보안등 LD5327",
        "address": null,
        "purpose": null,
        "managingAgency": "서울특별시 광진구",
        "sourceDatasetId": "gwangjin-smart-security-light",
        "sourceRecordId": "LD5327",
        "sourceUpdatedAt": null,
        "collectedAt": "2026-09-13T15:06:54.013Z"
      }
    },
    {
      "type": "Feature",
      "id": "gwangjin:security_light:LD5328",
      "geometry": {
        "type": "Point",
        "coordinates": [
          127.0641746,
          37.53921821
        ]
      },
      "properties": {
        "id": "gwangjin:security_light:LD5328",
        "type": "security_light",
        "name": "스마트보안등 LD5328",
        "address": null,
        "purpose": null,
        "managingAgency": "서울특별시 광진구",
        "sourceDatasetId": "gwangjin-smart-security-light",
        "sourceRecordId": "LD5328",
        "sourceUpdatedAt": null,
        "collectedAt": "2026-09-13T15:06:54.013Z"
      }
    },
    {
      "type": "Feature",
      "id": "gwangjin:security_light:LD5331",
      "geometry": {
        "type": "Point",
        "coordinates": [
          127.0656776,
          37.54415121
        ]
      },
      "properties": {
        "id": "gwangjin:security_light:LD5331",
        "type": "security_light",
        "name": "스마트보안등 LD5331",
        "address": null,
        "purpose": null,
        "managingAgency": "서울특별시 광진구",
        "sourceDatasetId": "gwangjin-smart-security-light",
        "sourceRecordId": "LD5331",
        "sourceUpdatedAt": null,
        "collectedAt": "2026-09-13T15:06:54.013Z"
      }
    },
    {
      "type": "Feature",
      "id": "gwangjin:security_light:LD5332",
      "geometry": {
        "type": "Point",
        "coordinates": [
          127.0680443,
          37.54443934
        ]
      },
      "properties": {
        "id": "gwangjin:security_light:LD5332",
        "type": "security_light",
        "name": "스마트보안등 LD5332",
        "address": null,
        "purpose": null,
        "managingAgency": "서울특별시 광진구",
        "sourceDatasetId": "gwangjin-smart-security-light",
        "sourceRecordId": "LD5332",
        "sourceUpdatedAt": null,
        "collectedAt": "2026-09-13T15:06:54.013Z"
      }
    },
    {
      "type": "Feature",
      "id": "gwangjin:security_light:LD5333",
      "geometry": {
        "type": "Point",
        "coordinates": [
          127.0687536,
          37.54374621
        ]
      },
      "properties": {
        "id": "gwangjin:security_light:LD5333",
        "type": "security_light",
        "name": "스마트보안등 LD5333",
        "address": null,
        "purpose": null,
        "managingAgency": "서울특별시 광진구",
        "sourceDatasetId": "gwangjin-smart-security-light",
        "sourceRecordId": "LD5333",
        "sourceUpdatedAt": null,
        "collectedAt": "2026-09-13T15:06:54.013Z"
      }
    },
    {
      "type": "Feature",
      "id": "gwangjin:security_light:LD5334",
      "geometry": {
        "type": "Point",
        "coordinates": [
          127.0634546,
          37.53934821
        ]
      },
      "properties": {
        "id": "gwangjin:security_light:LD5334",
        "type": "security_light",
        "name": "스마트보안등 LD5334",
        "address": null,
        "purpose": null,
        "managingAgency": "서울특별시 광진구",
        "sourceDatasetId": "gwangjin-smart-security-light",
        "sourceRecordId": "LD5334",
        "sourceUpdatedAt": null,
        "collectedAt": "2026-09-13T15:06:54.013Z"
      }
    },
    {
      "type": "Feature",
      "id": "gwangjin:security_light:LD5335",
      "geometry": {
        "type": "Point",
        "coordinates": [
          127.0691516,
          37.54373221
        ]
      },
      "properties": {
        "id": "gwangjin:security_light:LD5335",
        "type": "security_light",
        "name": "스마트보안등 LD5335",
        "address": null,
        "purpose": null,
        "managingAgency": "서울특별시 광진구",
        "sourceDatasetId": "gwangjin-smart-security-light",
        "sourceRecordId": "LD5335",
        "sourceUpdatedAt": null,
        "collectedAt": "2026-09-13T15:06:54.013Z"
      }
    },
    {
      "type": "Feature",
      "id": "gwangjin:security_light:LD5336",
      "geometry": {
        "type": "Point",
        "coordinates": [
          127.0664356,
          37.54379121
        ]
      },
      "properties": {
        "id": "gwangjin:security_light:LD5336",
        "type": "security_light",
        "name": "스마트보안등 LD5336",
        "address": null,
        "purpose": null,
        "managingAgency": "서울특별시 광진구",
        "sourceDatasetId": "gwangjin-smart-security-light",
        "sourceRecordId": "LD5336",
        "sourceUpdatedAt": null,
        "collectedAt": "2026-09-13T15:06:54.013Z"
      }
    },
    {
      "type": "Feature",
      "id": "gwangjin:security_light:LD5337",
      "geometry": {
        "type": "Point",
        "coordinates": [
          127.0657086,
          37.54402621
        ]
      },
      "properties": {
        "id": "gwangjin:security_light:LD5337",
        "type": "security_light",
        "name": "스마트보안등 LD5337",
        "address": null,
        "purpose": null,
        "managingAgency": "서울특별시 광진구",
        "sourceDatasetId": "gwangjin-smart-security-light",
        "sourceRecordId": "LD5337",
        "sourceUpdatedAt": null,
        "collectedAt": "2026-09-13T15:06:54.013Z"
      }
    },
    {
      "type": "Feature",
      "id": "gwangjin:security_light:LD5338",
      "geometry": {
        "type": "Point",
        "coordinates": [
          127.0636136,
          37.53914721
        ]
      },
      "properties": {
        "id": "gwangjin:security_light:LD5338",
        "type": "security_light",
        "name": "스마트보안등 LD5338",
        "address": null,
        "purpose": null,
        "managingAgency": "서울특별시 광진구",
        "sourceDatasetId": "gwangjin-smart-security-light",
        "sourceRecordId": "LD5338",
        "sourceUpdatedAt": null,
        "collectedAt": "2026-09-13T15:06:54.013Z"
      }
    },
    {
      "type": "Feature",
      "id": "gwangjin:security_light:LD5339",
      "geometry": {
        "type": "Point",
        "coordinates": [
          127.0654796,
          37.54408121
        ]
      },
      "properties": {
        "id": "gwangjin:security_light:LD5339",
        "type": "security_light",
        "name": "스마트보안등 LD5339",
        "address": null,
        "purpose": null,
        "managingAgency": "서울특별시 광진구",
        "sourceDatasetId": "gwangjin-smart-security-light",
        "sourceRecordId": "LD5339",
        "sourceUpdatedAt": null,
        "collectedAt": "2026-09-13T15:06:54.013Z"
      }
    },
    {
      "type": "Feature",
      "id": "gwangjin:security_light:LD5340",
      "geometry": {
        "type": "Point",
        "coordinates": [
          127.0642906,
          37.53934221
        ]
      },
      "properties": {
        "id": "gwangjin:security_light:LD5340",
        "type": "security_light",
        "name": "스마트보안등 LD5340",
        "address": null,
        "purpose": null,
        "managingAgency": "서울특별시 광진구",
        "sourceDatasetId": "gwangjin-smart-security-light",
        "sourceRecordId": "LD5340",
        "sourceUpdatedAt": null,
        "collectedAt": "2026-09-13T15:06:54.013Z"
      }
    },
    {
      "type": "Feature",
      "id": "gwangjin:security_light:LD5341",
      "geometry": {
        "type": "Point",
        "coordinates": [
          127.0639206,
          37.53811521
        ]
      },
      "properties": {
        "id": "gwangjin:security_light:LD5341",
        "type": "security_light",
        "name": "스마트보안등 LD5341",
        "address": null,
        "purpose": null,
        "managingAgency": "서울특별시 광진구",
        "sourceDatasetId": "gwangjin-smart-security-light",
        "sourceRecordId": "LD5341",
        "sourceUpdatedAt": null,
        "collectedAt": "2026-09-13T15:06:54.013Z"
      }
    },
    {
      "type": "Feature",
      "id": "gwangjin:security_light:LD5342",
      "geometry": {
        "type": "Point",
        "coordinates": [
          127.06416037,
          37.5381551
        ]
      },
      "properties": {
        "id": "gwangjin:security_light:LD5342",
        "type": "security_light",
        "name": "스마트보안등 LD5342",
        "address": null,
        "purpose": null,
        "managingAgency": "서울특별시 광진구",
        "sourceDatasetId": "gwangjin-smart-security-light",
        "sourceRecordId": "LD5342",
        "sourceUpdatedAt": null,
        "collectedAt": "2026-09-13T15:06:54.013Z"
      }
    },
    {
      "type": "Feature",
      "id": "gwangjin:security_light:LD5343",
      "geometry": {
        "type": "Point",
        "coordinates": [
          127.0668016,
          37.54495821
        ]
      },
      "properties": {
        "id": "gwangjin:security_light:LD5343",
        "type": "security_light",
        "name": "스마트보안등 LD5343",
        "address": null,
        "purpose": null,
        "managingAgency": "서울특별시 광진구",
        "sourceDatasetId": "gwangjin-smart-security-light",
        "sourceRecordId": "LD5343",
        "sourceUpdatedAt": null,
        "collectedAt": "2026-09-13T15:06:54.013Z"
      }
    },
    {
      "type": "Feature",
      "id": "gwangjin:security_light:LD5344",
      "geometry": {
        "type": "Point",
        "coordinates": [
          127.0662196,
          37.54465821
        ]
      },
      "properties": {
        "id": "gwangjin:security_light:LD5344",
        "type": "security_light",
        "name": "스마트보안등 LD5344",
        "address": null,
        "purpose": null,
        "managingAgency": "서울특별시 광진구",
        "sourceDatasetId": "gwangjin-smart-security-light",
        "sourceRecordId": "LD5344",
        "sourceUpdatedAt": null,
        "collectedAt": "2026-09-13T15:06:54.013Z"
      }
    },
    {
      "type": "Feature",
      "id": "gwangjin:security_light:LD5347",
      "geometry": {
        "type": "Point",
        "coordinates": [
          127.0652096,
          37.53780921
        ]
      },
      "properties": {
        "id": "gwangjin:security_light:LD5347",
        "type": "security_light",
        "name": "스마트보안등 LD5347",
        "address": null,
        "purpose": null,
        "managingAgency": "서울특별시 광진구",
        "sourceDatasetId": "gwangjin-smart-security-light",
        "sourceRecordId": "LD5347",
        "sourceUpdatedAt": null,
        "collectedAt": "2026-09-13T15:06:54.013Z"
      }
    },
    {
      "type": "Feature",
      "id": "gwangjin:security_light:LD5348",
      "geometry": {
        "type": "Point",
        "coordinates": [
          127.0653766,
          37.53774321
        ]
      },
      "properties": {
        "id": "gwangjin:security_light:LD5348",
        "type": "security_light",
        "name": "스마트보안등 LD5348",
        "address": null,
        "purpose": null,
        "managingAgency": "서울특별시 광진구",
        "sourceDatasetId": "gwangjin-smart-security-light",
        "sourceRecordId": "LD5348",
        "sourceUpdatedAt": null,
        "collectedAt": "2026-09-13T15:06:54.013Z"
      }
    },
    {
      "type": "Feature",
      "id": "gwangjin:security_light:LD5349",
      "geometry": {
        "type": "Point",
        "coordinates": [
          127.0696866,
          37.54423421
        ]
      },
      "properties": {
        "id": "gwangjin:security_light:LD5349",
        "type": "security_light",
        "name": "스마트보안등 LD5349",
        "address": null,
        "purpose": null,
        "managingAgency": "서울특별시 광진구",
        "sourceDatasetId": "gwangjin-smart-security-light",
        "sourceRecordId": "LD5349",
        "sourceUpdatedAt": null,
        "collectedAt": "2026-09-13T15:06:54.013Z"
      }
    },
    {
      "type": "Feature",
      "id": "gwangjin:security_light:LD5350",
      "geometry": {
        "type": "Point",
        "coordinates": [
          127.0642846,
          37.53830321
        ]
      },
      "properties": {
        "id": "gwangjin:security_light:LD5350",
        "type": "security_light",
        "name": "스마트보안등 LD5350",
        "address": null,
        "purpose": null,
        "managingAgency": "서울특별시 광진구",
        "sourceDatasetId": "gwangjin-smart-security-light",
        "sourceRecordId": "LD5350",
        "sourceUpdatedAt": null,
        "collectedAt": "2026-09-13T15:06:54.013Z"
      }
    },
    {
      "type": "Feature",
      "id": "gwangjin:security_light:LD5352",
      "geometry": {
        "type": "Point",
        "coordinates": [
          127.0690946,
          37.54429321
        ]
      },
      "properties": {
        "id": "gwangjin:security_light:LD5352",
        "type": "security_light",
        "name": "스마트보안등 LD5352",
        "address": null,
        "purpose": null,
        "managingAgency": "서울특별시 광진구",
        "sourceDatasetId": "gwangjin-smart-security-light",
        "sourceRecordId": "LD5352",
        "sourceUpdatedAt": null,
        "collectedAt": "2026-09-13T15:06:54.013Z"
      }
    },
    {
      "type": "Feature",
      "id": "gwangjin:security_light:LD5353",
      "geometry": {
        "type": "Point",
        "coordinates": [
          127.0665266,
          37.54390121
        ]
      },
      "properties": {
        "id": "gwangjin:security_light:LD5353",
        "type": "security_light",
        "name": "스마트보안등 LD5353",
        "address": null,
        "purpose": null,
        "managingAgency": "서울특별시 광진구",
        "sourceDatasetId": "gwangjin-smart-security-light",
        "sourceRecordId": "LD5353",
        "sourceUpdatedAt": null,
        "collectedAt": "2026-09-13T15:06:54.013Z"
      }
    },
    {
      "type": "Feature",
      "id": "gwangjin:security_light:LD5354",
      "geometry": {
        "type": "Point",
        "coordinates": [
          127.0660186,
          37.54368321
        ]
      },
      "properties": {
        "id": "gwangjin:security_light:LD5354",
        "type": "security_light",
        "name": "스마트보안등 LD5354",
        "address": null,
        "purpose": null,
        "managingAgency": "서울특별시 광진구",
        "sourceDatasetId": "gwangjin-smart-security-light",
        "sourceRecordId": "LD5354",
        "sourceUpdatedAt": null,
        "collectedAt": "2026-09-13T15:06:54.013Z"
      }
    },
    {
      "type": "Feature",
      "id": "gwangjin:security_light:LD5355",
      "geometry": {
        "type": "Point",
        "coordinates": [
          127.0667286,
          37.54443021
        ]
      },
      "properties": {
        "id": "gwangjin:security_light:LD5355",
        "type": "security_light",
        "name": "스마트보안등 LD5355",
        "address": null,
        "purpose": null,
        "managingAgency": "서울특별시 광진구",
        "sourceDatasetId": "gwangjin-smart-security-light",
        "sourceRecordId": "LD5355",
        "sourceUpdatedAt": null,
        "collectedAt": "2026-09-13T15:06:54.013Z"
      }
    },
    {
      "type": "Feature",
      "id": "gwangjin:security_light:LD5357",
      "geometry": {
        "type": "Point",
        "coordinates": [
          127.0645516,
          37.53861021
        ]
      },
      "properties": {
        "id": "gwangjin:security_light:LD5357",
        "type": "security_light",
        "name": "스마트보안등 LD5357",
        "address": null,
        "purpose": null,
        "managingAgency": "서울특별시 광진구",
        "sourceDatasetId": "gwangjin-smart-security-light",
        "sourceRecordId": "LD5357",
        "sourceUpdatedAt": null,
        "collectedAt": "2026-09-13T15:06:54.013Z"
      }
    },
    {
      "type": "Feature",
      "id": "gwangjin:security_light:LD5358",
      "geometry": {
        "type": "Point",
        "coordinates": [
          127.0689816,
          37.54293121
        ]
      },
      "properties": {
        "id": "gwangjin:security_light:LD5358",
        "type": "security_light",
        "name": "스마트보안등 LD5358",
        "address": null,
        "purpose": null,
        "managingAgency": "서울특별시 광진구",
        "sourceDatasetId": "gwangjin-smart-security-light",
        "sourceRecordId": "LD5358",
        "sourceUpdatedAt": null,
        "collectedAt": "2026-09-13T15:06:54.013Z"
      }
    },
    {
      "type": "Feature",
      "id": "gwangjin:security_light:LD5359",
      "geometry": {
        "type": "Point",
        "coordinates": [
          127.0661366,
          37.54451121
        ]
      },
      "properties": {
        "id": "gwangjin:security_light:LD5359",
        "type": "security_light",
        "name": "스마트보안등 LD5359",
        "address": null,
        "purpose": null,
        "managingAgency": "서울특별시 광진구",
        "sourceDatasetId": "gwangjin-smart-security-light",
        "sourceRecordId": "LD5359",
        "sourceUpdatedAt": null,
        "collectedAt": "2026-09-13T15:06:54.013Z"
      }
    },
    {
      "type": "Feature",
      "id": "gwangjin:security_light:LD5360",
      "geometry": {
        "type": "Point",
        "coordinates": [
          127.0652736,
          37.54295621
        ]
      },
      "properties": {
        "id": "gwangjin:security_light:LD5360",
        "type": "security_light",
        "name": "스마트보안등 LD5360",
        "address": null,
        "purpose": null,
        "managingAgency": "서울특별시 광진구",
        "sourceDatasetId": "gwangjin-smart-security-light",
        "sourceRecordId": "LD5360",
        "sourceUpdatedAt": null,
        "collectedAt": "2026-09-13T15:06:54.013Z"
      }
    },
    {
      "type": "Feature",
      "id": "gwangjin:security_light:LD5362",
      "geometry": {
        "type": "Point",
        "coordinates": [
          127.0663916,
          37.54495221
        ]
      },
      "properties": {
        "id": "gwangjin:security_light:LD5362",
        "type": "security_light",
        "name": "스마트보안등 LD5362",
        "address": null,
        "purpose": null,
        "managingAgency": "서울특별시 광진구",
        "sourceDatasetId": "gwangjin-smart-security-light",
        "sourceRecordId": "LD5362",
        "sourceUpdatedAt": null,
        "collectedAt": "2026-09-13T15:06:54.013Z"
      }
    },
    {
      "type": "Feature",
      "id": "gwangjin:security_light:LD5363",
      "geometry": {
        "type": "Point",
        "coordinates": [
          127.0659086,
          37.54291921
        ]
      },
      "properties": {
        "id": "gwangjin:security_light:LD5363",
        "type": "security_light",
        "name": "스마트보안등 LD5363",
        "address": null,
        "purpose": null,
        "managingAgency": "서울특별시 광진구",
        "sourceDatasetId": "gwangjin-smart-security-light",
        "sourceRecordId": "LD5363",
        "sourceUpdatedAt": null,
        "collectedAt": "2026-09-13T15:06:54.013Z"
      }
    },
    {
      "type": "Feature",
      "id": "gwangjin:security_light:LD5364",
      "geometry": {
        "type": "Point",
        "coordinates": [
          127.0649206,
          37.53856521
        ]
      },
      "properties": {
        "id": "gwangjin:security_light:LD5364",
        "type": "security_light",
        "name": "스마트보안등 LD5364",
        "address": null,
        "purpose": null,
        "managingAgency": "서울특별시 광진구",
        "sourceDatasetId": "gwangjin-smart-security-light",
        "sourceRecordId": "LD5364",
        "sourceUpdatedAt": null,
        "collectedAt": "2026-09-13T15:06:54.013Z"
      }
    },
    {
      "type": "Feature",
      "id": "gwangjin:security_light:LD5365",
      "geometry": {
        "type": "Point",
        "coordinates": [
          127.0641366,
          37.53768521
        ]
      },
      "properties": {
        "id": "gwangjin:security_light:LD5365",
        "type": "security_light",
        "name": "스마트보안등 LD5365",
        "address": null,
        "purpose": null,
        "managingAgency": "서울특별시 광진구",
        "sourceDatasetId": "gwangjin-smart-security-light",
        "sourceRecordId": "LD5365",
        "sourceUpdatedAt": null,
        "collectedAt": "2026-09-13T15:06:54.013Z"
      }
    },
    {
      "type": "Feature",
      "id": "gwangjin:security_light:LD5366",
      "geometry": {
        "type": "Point",
        "coordinates": [
          127.0695016,
          37.54386521
        ]
      },
      "properties": {
        "id": "gwangjin:security_light:LD5366",
        "type": "security_light",
        "name": "스마트보안등 LD5366",
        "address": null,
        "purpose": null,
        "managingAgency": "서울특별시 광진구",
        "sourceDatasetId": "gwangjin-smart-security-light",
        "sourceRecordId": "LD5366",
        "sourceUpdatedAt": null,
        "collectedAt": "2026-09-13T15:06:54.013Z"
      }
    },
    {
      "type": "Feature",
      "id": "gwangjin:security_light:LD5367",
      "geometry": {
        "type": "Point",
        "coordinates": [
          127.0648506,
          37.53772921
        ]
      },
      "properties": {
        "id": "gwangjin:security_light:LD5367",
        "type": "security_light",
        "name": "스마트보안등 LD5367",
        "address": null,
        "purpose": null,
        "managingAgency": "서울특별시 광진구",
        "sourceDatasetId": "gwangjin-smart-security-light",
        "sourceRecordId": "LD5367",
        "sourceUpdatedAt": null,
        "collectedAt": "2026-09-13T15:06:54.013Z"
      }
    },
    {
      "type": "Feature",
      "id": "gwangjin:security_light:LD5368",
      "geometry": {
        "type": "Point",
        "coordinates": [
          127.0663516,
          37.54540121
        ]
      },
      "properties": {
        "id": "gwangjin:security_light:LD5368",
        "type": "security_light",
        "name": "스마트보안등 LD5368",
        "address": null,
        "purpose": null,
        "managingAgency": "서울특별시 광진구",
        "sourceDatasetId": "gwangjin-smart-security-light",
        "sourceRecordId": "LD5368",
        "sourceUpdatedAt": null,
        "collectedAt": "2026-09-13T15:06:54.013Z"
      }
    },
    {
      "type": "Feature",
      "id": "gwangjin:security_light:LD5369",
      "geometry": {
        "type": "Point",
        "coordinates": [
          127.0646496,
          37.53818821
        ]
      },
      "properties": {
        "id": "gwangjin:security_light:LD5369",
        "type": "security_light",
        "name": "스마트보안등 LD5369",
        "address": null,
        "purpose": null,
        "managingAgency": "서울특별시 광진구",
        "sourceDatasetId": "gwangjin-smart-security-light",
        "sourceRecordId": "LD5369",
        "sourceUpdatedAt": null,
        "collectedAt": "2026-09-13T15:06:54.013Z"
      }
    },
    {
      "type": "Feature",
      "id": "gwangjin:security_light:LD5370",
      "geometry": {
        "type": "Point",
        "coordinates": [
          127.0638976,
          37.53878521
        ]
      },
      "properties": {
        "id": "gwangjin:security_light:LD5370",
        "type": "security_light",
        "name": "스마트보안등 LD5370",
        "address": null,
        "purpose": null,
        "managingAgency": "서울특별시 광진구",
        "sourceDatasetId": "gwangjin-smart-security-light",
        "sourceRecordId": "LD5370",
        "sourceUpdatedAt": null,
        "collectedAt": "2026-09-13T15:06:54.013Z"
      }
    },
    {
      "type": "Feature",
      "id": "gwangjin:security_light:LD5371",
      "geometry": {
        "type": "Point",
        "coordinates": [
          127.0636726,
          37.53946021
        ]
      },
      "properties": {
        "id": "gwangjin:security_light:LD5371",
        "type": "security_light",
        "name": "스마트보안등 LD5371",
        "address": null,
        "purpose": null,
        "managingAgency": "서울특별시 광진구",
        "sourceDatasetId": "gwangjin-smart-security-light",
        "sourceRecordId": "LD5371",
        "sourceUpdatedAt": null,
        "collectedAt": "2026-09-13T15:06:54.013Z"
      }
    },
    {
      "type": "Feature",
      "id": "gwangjin:security_light:LD5372",
      "geometry": {
        "type": "Point",
        "coordinates": [
          127.0665846,
          37.54462721
        ]
      },
      "properties": {
        "id": "gwangjin:security_light:LD5372",
        "type": "security_light",
        "name": "스마트보안등 LD5372",
        "address": null,
        "purpose": null,
        "managingAgency": "서울특별시 광진구",
        "sourceDatasetId": "gwangjin-smart-security-light",
        "sourceRecordId": "LD5372",
        "sourceUpdatedAt": null,
        "collectedAt": "2026-09-13T15:06:54.013Z"
      }
    },
    {
      "type": "Feature",
      "id": "gwangjin:security_light:LD5373",
      "geometry": {
        "type": "Point",
        "coordinates": [
          127.0665376,
          37.54504721
        ]
      },
      "properties": {
        "id": "gwangjin:security_light:LD5373",
        "type": "security_light",
        "name": "스마트보안등 LD5373",
        "address": null,
        "purpose": null,
        "managingAgency": "서울특별시 광진구",
        "sourceDatasetId": "gwangjin-smart-security-light",
        "sourceRecordId": "LD5373",
        "sourceUpdatedAt": null,
        "collectedAt": "2026-09-13T15:06:54.013Z"
      }
    },
    {
      "type": "Feature",
      "id": "gwangjin:security_light:LD5375",
      "geometry": {
        "type": "Point",
        "coordinates": [
          127.0653646,
          37.53761621
        ]
      },
      "properties": {
        "id": "gwangjin:security_light:LD5375",
        "type": "security_light",
        "name": "스마트보안등 LD5375",
        "address": null,
        "purpose": null,
        "managingAgency": "서울특별시 광진구",
        "sourceDatasetId": "gwangjin-smart-security-light",
        "sourceRecordId": "LD5375",
        "sourceUpdatedAt": null,
        "collectedAt": "2026-09-13T15:06:54.013Z"
      }
    },
    {
      "type": "Feature",
      "id": "gwangjin:security_light:LD5376",
      "geometry": {
        "type": "Point",
        "coordinates": [
          127.0666543,
          37.54541014
        ]
      },
      "properties": {
        "id": "gwangjin:security_light:LD5376",
        "type": "security_light",
        "name": "스마트보안등 LD5376",
        "address": null,
        "purpose": null,
        "managingAgency": "서울특별시 광진구",
        "sourceDatasetId": "gwangjin-smart-security-light",
        "sourceRecordId": "LD5376",
        "sourceUpdatedAt": null,
        "collectedAt": "2026-09-13T15:06:54.013Z"
      }
    },
    {
      "type": "Feature",
      "id": "gwangjin:security_light:LD5377",
      "geometry": {
        "type": "Point",
        "coordinates": [
          127.0671915,
          37.54356604
        ]
      },
      "properties": {
        "id": "gwangjin:security_light:LD5377",
        "type": "security_light",
        "name": "스마트보안등 LD5377",
        "address": null,
        "purpose": null,
        "managingAgency": "서울특별시 광진구",
        "sourceDatasetId": "gwangjin-smart-security-light",
        "sourceRecordId": "LD5377",
        "sourceUpdatedAt": null,
        "collectedAt": "2026-09-13T15:06:54.013Z"
      }
    },
    {
      "type": "Feature",
      "id": "gwangjin:security_light:LD5382",
      "geometry": {
        "type": "Point",
        "coordinates": [
          127.0641716,
          37.53954421
        ]
      },
      "properties": {
        "id": "gwangjin:security_light:LD5382",
        "type": "security_light",
        "name": "스마트보안등 LD5382",
        "address": null,
        "purpose": null,
        "managingAgency": "서울특별시 광진구",
        "sourceDatasetId": "gwangjin-smart-security-light",
        "sourceRecordId": "LD5382",
        "sourceUpdatedAt": null,
        "collectedAt": "2026-09-13T15:06:54.013Z"
      }
    },
    {
      "type": "Feature",
      "id": "gwangjin:security_light:LD5383",
      "geometry": {
        "type": "Point",
        "coordinates": [
          127.0677872,
          37.54446134
        ]
      },
      "properties": {
        "id": "gwangjin:security_light:LD5383",
        "type": "security_light",
        "name": "스마트보안등 LD5383",
        "address": null,
        "purpose": null,
        "managingAgency": "서울특별시 광진구",
        "sourceDatasetId": "gwangjin-smart-security-light",
        "sourceRecordId": "LD5383",
        "sourceUpdatedAt": null,
        "collectedAt": "2026-09-13T15:06:54.013Z"
      }
    },
    {
      "type": "Feature",
      "id": "gwangjin:security_light:LD5384",
      "geometry": {
        "type": "Point",
        "coordinates": [
          127.0684136,
          37.54289821
        ]
      },
      "properties": {
        "id": "gwangjin:security_light:LD5384",
        "type": "security_light",
        "name": "스마트보안등 LD5384",
        "address": null,
        "purpose": null,
        "managingAgency": "서울특별시 광진구",
        "sourceDatasetId": "gwangjin-smart-security-light",
        "sourceRecordId": "LD5384",
        "sourceUpdatedAt": null,
        "collectedAt": "2026-09-13T15:06:54.013Z"
      }
    },
    {
      "type": "Feature",
      "id": "gwangjin:security_light:LD5389",
      "geometry": {
        "type": "Point",
        "coordinates": [
          127.0686406,
          37.54304721
        ]
      },
      "properties": {
        "id": "gwangjin:security_light:LD5389",
        "type": "security_light",
        "name": "스마트보안등 LD5389",
        "address": null,
        "purpose": null,
        "managingAgency": "서울특별시 광진구",
        "sourceDatasetId": "gwangjin-smart-security-light",
        "sourceRecordId": "LD5389",
        "sourceUpdatedAt": null,
        "collectedAt": "2026-09-13T15:06:54.013Z"
      }
    },
    {
      "type": "Feature",
      "id": "gwangjin:security_light:LD5390",
      "geometry": {
        "type": "Point",
        "coordinates": [
          127.06900033,
          37.54349706
        ]
      },
      "properties": {
        "id": "gwangjin:security_light:LD5390",
        "type": "security_light",
        "name": "스마트보안등 LD5390",
        "address": null,
        "purpose": null,
        "managingAgency": "서울특별시 광진구",
        "sourceDatasetId": "gwangjin-smart-security-light",
        "sourceRecordId": "LD5390",
        "sourceUpdatedAt": null,
        "collectedAt": "2026-09-13T15:06:54.013Z"
      }
    },
    {
      "type": "Feature",
      "id": "gwangjin:security_light:LD5392",
      "geometry": {
        "type": "Point",
        "coordinates": [
          127.0657796,
          37.54387621
        ]
      },
      "properties": {
        "id": "gwangjin:security_light:LD5392",
        "type": "security_light",
        "name": "스마트보안등 LD5392",
        "address": null,
        "purpose": null,
        "managingAgency": "서울특별시 광진구",
        "sourceDatasetId": "gwangjin-smart-security-light",
        "sourceRecordId": "LD5392",
        "sourceUpdatedAt": null,
        "collectedAt": "2026-09-13T15:06:54.013Z"
      }
    },
    {
      "type": "Feature",
      "id": "gwangjin:security_light:LD5395",
      "geometry": {
        "type": "Point",
        "coordinates": [
          127.0644476,
          37.53754021
        ]
      },
      "properties": {
        "id": "gwangjin:security_light:LD5395",
        "type": "security_light",
        "name": "스마트보안등 LD5395",
        "address": null,
        "purpose": null,
        "managingAgency": "서울특별시 광진구",
        "sourceDatasetId": "gwangjin-smart-security-light",
        "sourceRecordId": "LD5395",
        "sourceUpdatedAt": null,
        "collectedAt": "2026-09-13T15:06:54.013Z"
      }
    },
    {
      "type": "Feature",
      "id": "gwangjin:security_light:LD5397",
      "geometry": {
        "type": "Point",
        "coordinates": [
          127.0653436,
          37.53746321
        ]
      },
      "properties": {
        "id": "gwangjin:security_light:LD5397",
        "type": "security_light",
        "name": "스마트보안등 LD5397",
        "address": null,
        "purpose": null,
        "managingAgency": "서울특별시 광진구",
        "sourceDatasetId": "gwangjin-smart-security-light",
        "sourceRecordId": "LD5397",
        "sourceUpdatedAt": null,
        "collectedAt": "2026-09-13T15:06:54.013Z"
      }
    },
    {
      "type": "Feature",
      "id": "gwangjin:security_light:LD5399",
      "geometry": {
        "type": "Point",
        "coordinates": [
          127.06593,
          37.54410604
        ]
      },
      "properties": {
        "id": "gwangjin:security_light:LD5399",
        "type": "security_light",
        "name": "스마트보안등 LD5399",
        "address": null,
        "purpose": null,
        "managingAgency": "서울특별시 광진구",
        "sourceDatasetId": "gwangjin-smart-security-light",
        "sourceRecordId": "LD5399",
        "sourceUpdatedAt": null,
        "collectedAt": "2026-09-13T15:06:54.013Z"
      }
    },
    {
      "type": "Feature",
      "id": "gwangjin:security_light:LD5402",
      "geometry": {
        "type": "Point",
        "coordinates": [
          127.0667716,
          37.54412904
        ]
      },
      "properties": {
        "id": "gwangjin:security_light:LD5402",
        "type": "security_light",
        "name": "스마트보안등 LD5402",
        "address": null,
        "purpose": null,
        "managingAgency": "서울특별시 광진구",
        "sourceDatasetId": "gwangjin-smart-security-light",
        "sourceRecordId": "LD5402",
        "sourceUpdatedAt": null,
        "collectedAt": "2026-09-13T15:06:54.013Z"
      }
    },
    {
      "type": "Feature",
      "id": "gwangjin:security_light:LD5916",
      "geometry": {
        "type": "Point",
        "coordinates": [
          127.0630766,
          37.53893021
        ]
      },
      "properties": {
        "id": "gwangjin:security_light:LD5916",
        "type": "security_light",
        "name": "스마트보안등 LD5916",
        "address": null,
        "purpose": null,
        "managingAgency": "서울특별시 광진구",
        "sourceDatasetId": "gwangjin-smart-security-light",
        "sourceRecordId": "LD5916",
        "sourceUpdatedAt": null,
        "collectedAt": "2026-09-13T15:06:54.013Z"
      }
    },
    {
      "type": "Feature",
      "id": "gwangjin:security_light:LD5955",
      "geometry": {
        "type": "Point",
        "coordinates": [
          127.0635096,
          37.53990321
        ]
      },
      "properties": {
        "id": "gwangjin:security_light:LD5955",
        "type": "security_light",
        "name": "스마트보안등 LD5955",
        "address": null,
        "purpose": null,
        "managingAgency": "서울특별시 광진구",
        "sourceDatasetId": "gwangjin-smart-security-light",
        "sourceRecordId": "LD5955",
        "sourceUpdatedAt": null,
        "collectedAt": "2026-09-13T15:06:54.013Z"
      }
    },
    {
      "type": "Feature",
      "id": "gwangjin:security_light:LD5993",
      "geometry": {
        "type": "Point",
        "coordinates": [
          127.0629566,
          37.53910321
        ]
      },
      "properties": {
        "id": "gwangjin:security_light:LD5993",
        "type": "security_light",
        "name": "스마트보안등 LD5993",
        "address": null,
        "purpose": null,
        "managingAgency": "서울특별시 광진구",
        "sourceDatasetId": "gwangjin-smart-security-light",
        "sourceRecordId": "LD5993",
        "sourceUpdatedAt": null,
        "collectedAt": "2026-09-13T15:06:54.013Z"
      }
    },
    {
      "type": "Feature",
      "id": "gwangjin:security_light:LD6042",
      "geometry": {
        "type": "Point",
        "coordinates": [
          127.0657816,
          37.54314921
        ]
      },
      "properties": {
        "id": "gwangjin:security_light:LD6042",
        "type": "security_light",
        "name": "스마트보안등 LD6042",
        "address": null,
        "purpose": null,
        "managingAgency": "서울특별시 광진구",
        "sourceDatasetId": "gwangjin-smart-security-light",
        "sourceRecordId": "LD6042",
        "sourceUpdatedAt": null,
        "collectedAt": "2026-09-13T15:06:54.013Z"
      }
    },
    {
      "type": "Feature",
      "id": "gwangjin:security_light:LD6252",
      "geometry": {
        "type": "Point",
        "coordinates": [
          127.0677334,
          37.54382924
        ]
      },
      "properties": {
        "id": "gwangjin:security_light:LD6252",
        "type": "security_light",
        "name": "스마트보안등 LD6252",
        "address": null,
        "purpose": null,
        "managingAgency": "서울특별시 광진구",
        "sourceDatasetId": "gwangjin-smart-security-light",
        "sourceRecordId": "LD6252",
        "sourceUpdatedAt": null,
        "collectedAt": "2026-09-13T15:06:54.013Z"
      }
    },
    {
      "type": "Feature",
      "id": "gwangjin:security_light:LD6469",
      "geometry": {
        "type": "Point",
        "coordinates": [
          127.0664202,
          37.54445294
        ]
      },
      "properties": {
        "id": "gwangjin:security_light:LD6469",
        "type": "security_light",
        "name": "스마트보안등 LD6469",
        "address": null,
        "purpose": null,
        "managingAgency": "서울특별시 광진구",
        "sourceDatasetId": "gwangjin-smart-security-light",
        "sourceRecordId": "LD6469",
        "sourceUpdatedAt": null,
        "collectedAt": "2026-09-13T15:06:54.013Z"
      }
    },
    {
      "type": "Feature",
      "id": "gwangjin:security_light:LD6575",
      "geometry": {
        "type": "Point",
        "coordinates": [
          127.0656036,
          37.53730021
        ]
      },
      "properties": {
        "id": "gwangjin:security_light:LD6575",
        "type": "security_light",
        "name": "스마트보안등 LD6575",
        "address": null,
        "purpose": null,
        "managingAgency": "서울특별시 광진구",
        "sourceDatasetId": "gwangjin-smart-security-light",
        "sourceRecordId": "LD6575",
        "sourceUpdatedAt": null,
        "collectedAt": "2026-09-13T15:06:54.013Z"
      }
    },
    {
      "type": "Feature",
      "id": "gwangjin:security_light:LD6850",
      "geometry": {
        "type": "Point",
        "coordinates": [
          127.063359,
          37.53960454
        ]
      },
      "properties": {
        "id": "gwangjin:security_light:LD6850",
        "type": "security_light",
        "name": "스마트보안등 LD6850",
        "address": null,
        "purpose": null,
        "managingAgency": "서울특별시 광진구",
        "sourceDatasetId": "gwangjin-smart-security-light",
        "sourceRecordId": "LD6850",
        "sourceUpdatedAt": null,
        "collectedAt": "2026-09-13T15:06:54.013Z"
      }
    },
    {
      "type": "Feature",
      "id": "gwangjin:security_light:LD6853",
      "geometry": {
        "type": "Point",
        "coordinates": [
          127.0628986,
          37.53888621
        ]
      },
      "properties": {
        "id": "gwangjin:security_light:LD6853",
        "type": "security_light",
        "name": "스마트보안등 LD6853",
        "address": null,
        "purpose": null,
        "managingAgency": "서울특별시 광진구",
        "sourceDatasetId": "gwangjin-smart-security-light",
        "sourceRecordId": "LD6853",
        "sourceUpdatedAt": null,
        "collectedAt": "2026-09-13T15:06:54.013Z"
      }
    },
    {
      "type": "Feature",
      "id": "gwangjin:security_light:LD6857",
      "geometry": {
        "type": "Point",
        "coordinates": [
          127.06525292,
          37.54315494
        ]
      },
      "properties": {
        "id": "gwangjin:security_light:LD6857",
        "type": "security_light",
        "name": "스마트보안등 LD6857",
        "address": null,
        "purpose": null,
        "managingAgency": "서울특별시 광진구",
        "sourceDatasetId": "gwangjin-smart-security-light",
        "sourceRecordId": "LD6857",
        "sourceUpdatedAt": null,
        "collectedAt": "2026-09-13T15:06:54.013Z"
      }
    },
    {
      "type": "Feature",
      "id": "gwangjin:security_light:LD6858",
      "geometry": {
        "type": "Point",
        "coordinates": [
          127.0677262,
          37.54399714
        ]
      },
      "properties": {
        "id": "gwangjin:security_light:LD6858",
        "type": "security_light",
        "name": "스마트보안등 LD6858",
        "address": null,
        "purpose": null,
        "managingAgency": "서울특별시 광진구",
        "sourceDatasetId": "gwangjin-smart-security-light",
        "sourceRecordId": "LD6858",
        "sourceUpdatedAt": null,
        "collectedAt": "2026-09-13T15:06:54.013Z"
      }
    },
    {
      "type": "Feature",
      "id": "gwangjin:security_light:LD6861",
      "geometry": {
        "type": "Point",
        "coordinates": [
          127.0688729,
          37.54422254
        ]
      },
      "properties": {
        "id": "gwangjin:security_light:LD6861",
        "type": "security_light",
        "name": "스마트보안등 LD6861",
        "address": null,
        "purpose": null,
        "managingAgency": "서울특별시 광진구",
        "sourceDatasetId": "gwangjin-smart-security-light",
        "sourceRecordId": "LD6861",
        "sourceUpdatedAt": null,
        "collectedAt": "2026-09-13T15:06:54.013Z"
      }
    },
    {
      "type": "Feature",
      "id": "gwangjin:security_light:LD6907",
      "geometry": {
        "type": "Point",
        "coordinates": [
          127.0828526,
          37.54437921
        ]
      },
      "properties": {
        "id": "gwangjin:security_light:LD6907",
        "type": "security_light",
        "name": "스마트보안등 LD6907",
        "address": null,
        "purpose": null,
        "managingAgency": "서울특별시 광진구",
        "sourceDatasetId": "gwangjin-smart-security-light",
        "sourceRecordId": "LD6907",
        "sourceUpdatedAt": null,
        "collectedAt": "2026-09-13T15:06:54.013Z"
      }
    },
    {
      "type": "Feature",
      "id": "gwangjin:security_light:LD6917",
      "geometry": {
        "type": "Point",
        "coordinates": [
          127.0693576,
          37.54967221
        ]
      },
      "properties": {
        "id": "gwangjin:security_light:LD6917",
        "type": "security_light",
        "name": "스마트보안등 LD6917",
        "address": null,
        "purpose": null,
        "managingAgency": "서울특별시 광진구",
        "sourceDatasetId": "gwangjin-smart-security-light",
        "sourceRecordId": "LD6917",
        "sourceUpdatedAt": null,
        "collectedAt": "2026-09-13T15:06:54.013Z"
      }
    },
    {
      "type": "Feature",
      "id": "gwangjin:security_light:LD6927",
      "geometry": {
        "type": "Point",
        "coordinates": [
          127.0695176,
          37.55027721
        ]
      },
      "properties": {
        "id": "gwangjin:security_light:LD6927",
        "type": "security_light",
        "name": "스마트보안등 LD6927",
        "address": null,
        "purpose": null,
        "managingAgency": "서울특별시 광진구",
        "sourceDatasetId": "gwangjin-smart-security-light",
        "sourceRecordId": "LD6927",
        "sourceUpdatedAt": null,
        "collectedAt": "2026-09-13T15:06:54.013Z"
      }
    },
    {
      "type": "Feature",
      "id": "gwangjin:security_light:LD6932",
      "geometry": {
        "type": "Point",
        "coordinates": [
          127.0693706,
          37.55045621
        ]
      },
      "properties": {
        "id": "gwangjin:security_light:LD6932",
        "type": "security_light",
        "name": "스마트보안등 LD6932",
        "address": null,
        "purpose": null,
        "managingAgency": "서울특별시 광진구",
        "sourceDatasetId": "gwangjin-smart-security-light",
        "sourceRecordId": "LD6932",
        "sourceUpdatedAt": null,
        "collectedAt": "2026-09-13T15:06:54.013Z"
      }
    },
    {
      "type": "Feature",
      "id": "gwangjin:security_light:LD7247",
      "geometry": {
        "type": "Point",
        "coordinates": [
          127.0698936,
          37.54639621
        ]
      },
      "properties": {
        "id": "gwangjin:security_light:LD7247",
        "type": "security_light",
        "name": "스마트보안등 LD7247",
        "address": null,
        "purpose": null,
        "managingAgency": "서울특별시 광진구",
        "sourceDatasetId": "gwangjin-smart-security-light",
        "sourceRecordId": "LD7247",
        "sourceUpdatedAt": null,
        "collectedAt": "2026-09-13T15:06:54.013Z"
      }
    },
    {
      "type": "Feature",
      "id": "gwangjin:security_light:LD7267",
      "geometry": {
        "type": "Point",
        "coordinates": [
          127.0826026,
          37.54413521
        ]
      },
      "properties": {
        "id": "gwangjin:security_light:LD7267",
        "type": "security_light",
        "name": "스마트보안등 LD7267",
        "address": null,
        "purpose": null,
        "managingAgency": "서울특별시 광진구",
        "sourceDatasetId": "gwangjin-smart-security-light",
        "sourceRecordId": "LD7267",
        "sourceUpdatedAt": null,
        "collectedAt": "2026-09-13T15:06:54.013Z"
      }
    },
    {
      "type": "Feature",
      "id": "gwangjin:security_light:LD7268",
      "geometry": {
        "type": "Point",
        "coordinates": [
          127.0691386,
          37.54628821
        ]
      },
      "properties": {
        "id": "gwangjin:security_light:LD7268",
        "type": "security_light",
        "name": "스마트보안등 LD7268",
        "address": null,
        "purpose": null,
        "managingAgency": "서울특별시 광진구",
        "sourceDatasetId": "gwangjin-smart-security-light",
        "sourceRecordId": "LD7268",
        "sourceUpdatedAt": null,
        "collectedAt": "2026-09-13T15:06:54.013Z"
      }
    },
    {
      "type": "Feature",
      "id": "gwangjin:security_light:LD7269",
      "geometry": {
        "type": "Point",
        "coordinates": [
          127.0688276,
          37.54630221
        ]
      },
      "properties": {
        "id": "gwangjin:security_light:LD7269",
        "type": "security_light",
        "name": "스마트보안등 LD7269",
        "address": null,
        "purpose": null,
        "managingAgency": "서울특별시 광진구",
        "sourceDatasetId": "gwangjin-smart-security-light",
        "sourceRecordId": "LD7269",
        "sourceUpdatedAt": null,
        "collectedAt": "2026-09-13T15:06:54.013Z"
      }
    },
    {
      "type": "Feature",
      "id": "gwangjin:security_light:LD7373",
      "geometry": {
        "type": "Point",
        "coordinates": [
          127.0729776,
          37.54847721
        ]
      },
      "properties": {
        "id": "gwangjin:security_light:LD7373",
        "type": "security_light",
        "name": "스마트보안등 LD7373",
        "address": null,
        "purpose": null,
        "managingAgency": "서울특별시 광진구",
        "sourceDatasetId": "gwangjin-smart-security-light",
        "sourceRecordId": "LD7373",
        "sourceUpdatedAt": null,
        "collectedAt": "2026-09-13T15:06:54.013Z"
      }
    },
    {
      "type": "Feature",
      "id": "gwangjin:security_light:LD7394",
      "geometry": {
        "type": "Point",
        "coordinates": [
          127.0693746,
          37.55003321
        ]
      },
      "properties": {
        "id": "gwangjin:security_light:LD7394",
        "type": "security_light",
        "name": "스마트보안등 LD7394",
        "address": null,
        "purpose": null,
        "managingAgency": "서울특별시 광진구",
        "sourceDatasetId": "gwangjin-smart-security-light",
        "sourceRecordId": "LD7394",
        "sourceUpdatedAt": null,
        "collectedAt": "2026-09-13T15:06:54.013Z"
      }
    },
    {
      "type": "Feature",
      "id": "gwangjin:security_light:LD7404",
      "geometry": {
        "type": "Point",
        "coordinates": [
          127.0688026,
          37.54712421
        ]
      },
      "properties": {
        "id": "gwangjin:security_light:LD7404",
        "type": "security_light",
        "name": "스마트보안등 LD7404",
        "address": null,
        "purpose": null,
        "managingAgency": "서울특별시 광진구",
        "sourceDatasetId": "gwangjin-smart-security-light",
        "sourceRecordId": "LD7404",
        "sourceUpdatedAt": null,
        "collectedAt": "2026-09-13T15:06:54.013Z"
      }
    },
    {
      "type": "Feature",
      "id": "gwangjin:security_light:LD7414",
      "geometry": {
        "type": "Point",
        "coordinates": [
          127.0689016,
          37.54649321
        ]
      },
      "properties": {
        "id": "gwangjin:security_light:LD7414",
        "type": "security_light",
        "name": "스마트보안등 LD7414",
        "address": null,
        "purpose": null,
        "managingAgency": "서울특별시 광진구",
        "sourceDatasetId": "gwangjin-smart-security-light",
        "sourceRecordId": "LD7414",
        "sourceUpdatedAt": null,
        "collectedAt": "2026-09-13T15:06:54.013Z"
      }
    },
    {
      "type": "Feature",
      "id": "gwangjin:security_light:LD7415",
      "geometry": {
        "type": "Point",
        "coordinates": [
          127.0692356,
          37.54637621
        ]
      },
      "properties": {
        "id": "gwangjin:security_light:LD7415",
        "type": "security_light",
        "name": "스마트보안등 LD7415",
        "address": null,
        "purpose": null,
        "managingAgency": "서울특별시 광진구",
        "sourceDatasetId": "gwangjin-smart-security-light",
        "sourceRecordId": "LD7415",
        "sourceUpdatedAt": null,
        "collectedAt": "2026-09-13T15:06:54.013Z"
      }
    },
    {
      "type": "Feature",
      "id": "gwangjin:security_light:LD7419",
      "geometry": {
        "type": "Point",
        "coordinates": [
          127.0679806,
          37.54708021
        ]
      },
      "properties": {
        "id": "gwangjin:security_light:LD7419",
        "type": "security_light",
        "name": "스마트보안등 LD7419",
        "address": null,
        "purpose": null,
        "managingAgency": "서울특별시 광진구",
        "sourceDatasetId": "gwangjin-smart-security-light",
        "sourceRecordId": "LD7419",
        "sourceUpdatedAt": null,
        "collectedAt": "2026-09-13T15:06:54.013Z"
      }
    },
    {
      "type": "Feature",
      "id": "gwangjin:security_light:LD7427",
      "geometry": {
        "type": "Point",
        "coordinates": [
          127.0696066,
          37.54969321
        ]
      },
      "properties": {
        "id": "gwangjin:security_light:LD7427",
        "type": "security_light",
        "name": "스마트보안등 LD7427",
        "address": null,
        "purpose": null,
        "managingAgency": "서울특별시 광진구",
        "sourceDatasetId": "gwangjin-smart-security-light",
        "sourceRecordId": "LD7427",
        "sourceUpdatedAt": null,
        "collectedAt": "2026-09-13T15:06:54.013Z"
      }
    },
    {
      "type": "Feature",
      "id": "gwangjin:security_light:LD7467",
      "geometry": {
        "type": "Point",
        "coordinates": [
          127.0833826,
          37.54341721
        ]
      },
      "properties": {
        "id": "gwangjin:security_light:LD7467",
        "type": "security_light",
        "name": "스마트보안등 LD7467",
        "address": null,
        "purpose": null,
        "managingAgency": "서울특별시 광진구",
        "sourceDatasetId": "gwangjin-smart-security-light",
        "sourceRecordId": "LD7467",
        "sourceUpdatedAt": null,
        "collectedAt": "2026-09-13T15:06:54.013Z"
      }
    },
    {
      "type": "Feature",
      "id": "gwangjin:security_light:LD7468",
      "geometry": {
        "type": "Point",
        "coordinates": [
          127.0706416,
          37.54686921
        ]
      },
      "properties": {
        "id": "gwangjin:security_light:LD7468",
        "type": "security_light",
        "name": "스마트보안등 LD7468",
        "address": null,
        "purpose": null,
        "managingAgency": "서울특별시 광진구",
        "sourceDatasetId": "gwangjin-smart-security-light",
        "sourceRecordId": "LD7468",
        "sourceUpdatedAt": null,
        "collectedAt": "2026-09-13T15:06:54.013Z"
      }
    },
    {
      "type": "Feature",
      "id": "gwangjin:security_light:LD7469",
      "geometry": {
        "type": "Point",
        "coordinates": [
          127.0683706,
          37.54766921
        ]
      },
      "properties": {
        "id": "gwangjin:security_light:LD7469",
        "type": "security_light",
        "name": "스마트보안등 LD7469",
        "address": null,
        "purpose": null,
        "managingAgency": "서울특별시 광진구",
        "sourceDatasetId": "gwangjin-smart-security-light",
        "sourceRecordId": "LD7469",
        "sourceUpdatedAt": null,
        "collectedAt": "2026-09-13T15:06:54.013Z"
      }
    },
    {
      "type": "Feature",
      "id": "gwangjin:security_light:LD7471",
      "geometry": {
        "type": "Point",
        "coordinates": [
          127.0688056,
          37.54760221
        ]
      },
      "properties": {
        "id": "gwangjin:security_light:LD7471",
        "type": "security_light",
        "name": "스마트보안등 LD7471",
        "address": null,
        "purpose": null,
        "managingAgency": "서울특별시 광진구",
        "sourceDatasetId": "gwangjin-smart-security-light",
        "sourceRecordId": "LD7471",
        "sourceUpdatedAt": null,
        "collectedAt": "2026-09-13T15:06:54.013Z"
      }
    },
    {
      "type": "Feature",
      "id": "gwangjin:security_light:LD7472",
      "geometry": {
        "type": "Point",
        "coordinates": [
          127.0701076,
          37.54743221
        ]
      },
      "properties": {
        "id": "gwangjin:security_light:LD7472",
        "type": "security_light",
        "name": "스마트보안등 LD7472",
        "address": null,
        "purpose": null,
        "managingAgency": "서울특별시 광진구",
        "sourceDatasetId": "gwangjin-smart-security-light",
        "sourceRecordId": "LD7472",
        "sourceUpdatedAt": null,
        "collectedAt": "2026-09-13T15:06:54.013Z"
      }
    },
    {
      "type": "Feature",
      "id": "gwangjin:security_light:LD7474",
      "geometry": {
        "type": "Point",
        "coordinates": [
          127.0704919,
          37.54690604
        ]
      },
      "properties": {
        "id": "gwangjin:security_light:LD7474",
        "type": "security_light",
        "name": "스마트보안등 LD7474",
        "address": null,
        "purpose": null,
        "managingAgency": "서울특별시 광진구",
        "sourceDatasetId": "gwangjin-smart-security-light",
        "sourceRecordId": "LD7474",
        "sourceUpdatedAt": null,
        "collectedAt": "2026-09-13T15:06:54.013Z"
      }
    },
    {
      "type": "Feature",
      "id": "gwangjin:security_light:LD7477",
      "geometry": {
        "type": "Point",
        "coordinates": [
          127.0681366,
          37.54698221
        ]
      },
      "properties": {
        "id": "gwangjin:security_light:LD7477",
        "type": "security_light",
        "name": "스마트보안등 LD7477",
        "address": null,
        "purpose": null,
        "managingAgency": "서울특별시 광진구",
        "sourceDatasetId": "gwangjin-smart-security-light",
        "sourceRecordId": "LD7477",
        "sourceUpdatedAt": null,
        "collectedAt": "2026-09-13T15:06:54.013Z"
      }
    },
    {
      "type": "Feature",
      "id": "gwangjin:security_light:LD7482",
      "geometry": {
        "type": "Point",
        "coordinates": [
          127.0695556,
          37.54565421
        ]
      },
      "properties": {
        "id": "gwangjin:security_light:LD7482",
        "type": "security_light",
        "name": "스마트보안등 LD7482",
        "address": null,
        "purpose": null,
        "managingAgency": "서울특별시 광진구",
        "sourceDatasetId": "gwangjin-smart-security-light",
        "sourceRecordId": "LD7482",
        "sourceUpdatedAt": null,
        "collectedAt": "2026-09-13T15:06:54.013Z"
      }
    },
    {
      "type": "Feature",
      "id": "gwangjin:security_light:LD7484",
      "geometry": {
        "type": "Point",
        "coordinates": [
          127.0702646,
          37.54725421
        ]
      },
      "properties": {
        "id": "gwangjin:security_light:LD7484",
        "type": "security_light",
        "name": "스마트보안등 LD7484",
        "address": null,
        "purpose": null,
        "managingAgency": "서울특별시 광진구",
        "sourceDatasetId": "gwangjin-smart-security-light",
        "sourceRecordId": "LD7484",
        "sourceUpdatedAt": null,
        "collectedAt": "2026-09-13T15:06:54.013Z"
      }
    },
    {
      "type": "Feature",
      "id": "gwangjin:security_light:LD7490",
      "geometry": {
        "type": "Point",
        "coordinates": [
          127.0700546,
          37.54698321
        ]
      },
      "properties": {
        "id": "gwangjin:security_light:LD7490",
        "type": "security_light",
        "name": "스마트보안등 LD7490",
        "address": null,
        "purpose": null,
        "managingAgency": "서울특별시 광진구",
        "sourceDatasetId": "gwangjin-smart-security-light",
        "sourceRecordId": "LD7490",
        "sourceUpdatedAt": null,
        "collectedAt": "2026-09-13T15:06:54.013Z"
      }
    },
    {
      "type": "Feature",
      "id": "gwangjin:security_light:LD7492",
      "geometry": {
        "type": "Point",
        "coordinates": [
          127.0684526,
          37.54697521
        ]
      },
      "properties": {
        "id": "gwangjin:security_light:LD7492",
        "type": "security_light",
        "name": "스마트보안등 LD7492",
        "address": null,
        "purpose": null,
        "managingAgency": "서울특별시 광진구",
        "sourceDatasetId": "gwangjin-smart-security-light",
        "sourceRecordId": "LD7492",
        "sourceUpdatedAt": null,
        "collectedAt": "2026-09-13T15:06:54.013Z"
      }
    },
    {
      "type": "Feature",
      "id": "gwangjin:security_light:LD7498",
      "geometry": {
        "type": "Point",
        "coordinates": [
          127.0685766,
          37.54719421
        ]
      },
      "properties": {
        "id": "gwangjin:security_light:LD7498",
        "type": "security_light",
        "name": "스마트보안등 LD7498",
        "address": null,
        "purpose": null,
        "managingAgency": "서울특별시 광진구",
        "sourceDatasetId": "gwangjin-smart-security-light",
        "sourceRecordId": "LD7498",
        "sourceUpdatedAt": null,
        "collectedAt": "2026-09-13T15:06:54.013Z"
      }
    },
    {
      "type": "Feature",
      "id": "gwangjin:security_light:LD7545",
      "geometry": {
        "type": "Point",
        "coordinates": [
          127.0687886,
          37.54651421
        ]
      },
      "properties": {
        "id": "gwangjin:security_light:LD7545",
        "type": "security_light",
        "name": "스마트보안등 LD7545",
        "address": null,
        "purpose": null,
        "managingAgency": "서울특별시 광진구",
        "sourceDatasetId": "gwangjin-smart-security-light",
        "sourceRecordId": "LD7545",
        "sourceUpdatedAt": null,
        "collectedAt": "2026-09-13T15:06:54.013Z"
      }
    },
    {
      "type": "Feature",
      "id": "gwangjin:security_light:LD7810",
      "geometry": {
        "type": "Point",
        "coordinates": [
          127.0815906,
          37.54234021
        ]
      },
      "properties": {
        "id": "gwangjin:security_light:LD7810",
        "type": "security_light",
        "name": "스마트보안등 LD7810",
        "address": null,
        "purpose": null,
        "managingAgency": "서울특별시 광진구",
        "sourceDatasetId": "gwangjin-smart-security-light",
        "sourceRecordId": "LD7810",
        "sourceUpdatedAt": null,
        "collectedAt": "2026-09-13T15:06:54.013Z"
      }
    },
    {
      "type": "Feature",
      "id": "gwangjin:security_light:LD7920",
      "geometry": {
        "type": "Point",
        "coordinates": [
          127.0817076,
          37.54320321
        ]
      },
      "properties": {
        "id": "gwangjin:security_light:LD7920",
        "type": "security_light",
        "name": "스마트보안등 LD7920",
        "address": null,
        "purpose": null,
        "managingAgency": "서울특별시 광진구",
        "sourceDatasetId": "gwangjin-smart-security-light",
        "sourceRecordId": "LD7920",
        "sourceUpdatedAt": null,
        "collectedAt": "2026-09-13T15:06:54.013Z"
      }
    },
    {
      "type": "Feature",
      "id": "gwangjin:security_light:LD7934",
      "geometry": {
        "type": "Point",
        "coordinates": [
          127.0818616,
          37.54348421
        ]
      },
      "properties": {
        "id": "gwangjin:security_light:LD7934",
        "type": "security_light",
        "name": "스마트보안등 LD7934",
        "address": null,
        "purpose": null,
        "managingAgency": "서울특별시 광진구",
        "sourceDatasetId": "gwangjin-smart-security-light",
        "sourceRecordId": "LD7934",
        "sourceUpdatedAt": null,
        "collectedAt": "2026-09-13T15:06:54.013Z"
      }
    },
    {
      "type": "Feature",
      "id": "gwangjin:security_light:LD7947",
      "geometry": {
        "type": "Point",
        "coordinates": [
          127.0820566,
          37.54385721
        ]
      },
      "properties": {
        "id": "gwangjin:security_light:LD7947",
        "type": "security_light",
        "name": "스마트보안등 LD7947",
        "address": null,
        "purpose": null,
        "managingAgency": "서울특별시 광진구",
        "sourceDatasetId": "gwangjin-smart-security-light",
        "sourceRecordId": "LD7947",
        "sourceUpdatedAt": null,
        "collectedAt": "2026-09-13T15:06:54.013Z"
      }
    },
    {
      "type": "Feature",
      "id": "gwangjin:security_light:LD8155",
      "geometry": {
        "type": "Point",
        "coordinates": [
          127.0651006,
          37.53868121
        ]
      },
      "properties": {
        "id": "gwangjin:security_light:LD8155",
        "type": "security_light",
        "name": "스마트보안등 LD8155",
        "address": null,
        "purpose": null,
        "managingAgency": "서울특별시 광진구",
        "sourceDatasetId": "gwangjin-smart-security-light",
        "sourceRecordId": "LD8155",
        "sourceUpdatedAt": null,
        "collectedAt": "2026-09-13T15:06:54.013Z"
      }
    },
    {
      "type": "Feature",
      "id": "gwangjin:security_light:LD8168",
      "geometry": {
        "type": "Point",
        "coordinates": [
          127.0656346,
          37.53815821
        ]
      },
      "properties": {
        "id": "gwangjin:security_light:LD8168",
        "type": "security_light",
        "name": "스마트보안등 LD8168",
        "address": null,
        "purpose": null,
        "managingAgency": "서울특별시 광진구",
        "sourceDatasetId": "gwangjin-smart-security-light",
        "sourceRecordId": "LD8168",
        "sourceUpdatedAt": null,
        "collectedAt": "2026-09-13T15:06:54.013Z"
      }
    },
    {
      "type": "Feature",
      "id": "gwangjin:security_light:LD8171",
      "geometry": {
        "type": "Point",
        "coordinates": [
          127.0627986,
          37.53905821
        ]
      },
      "properties": {
        "id": "gwangjin:security_light:LD8171",
        "type": "security_light",
        "name": "스마트보안등 LD8171",
        "address": null,
        "purpose": null,
        "managingAgency": "서울특별시 광진구",
        "sourceDatasetId": "gwangjin-smart-security-light",
        "sourceRecordId": "LD8171",
        "sourceUpdatedAt": null,
        "collectedAt": "2026-09-13T15:06:54.013Z"
      }
    },
    {
      "type": "Feature",
      "id": "gwangjin:security_light:LD8177",
      "geometry": {
        "type": "Point",
        "coordinates": [
          127.0653206,
          37.53867621
        ]
      },
      "properties": {
        "id": "gwangjin:security_light:LD8177",
        "type": "security_light",
        "name": "스마트보안등 LD8177",
        "address": null,
        "purpose": null,
        "managingAgency": "서울특별시 광진구",
        "sourceDatasetId": "gwangjin-smart-security-light",
        "sourceRecordId": "LD8177",
        "sourceUpdatedAt": null,
        "collectedAt": "2026-09-13T15:06:54.013Z"
      }
    },
    {
      "type": "Feature",
      "id": "gwangjin:security_light:LD8332",
      "geometry": {
        "type": "Point",
        "coordinates": [
          127.0656466,
          37.54363921
        ]
      },
      "properties": {
        "id": "gwangjin:security_light:LD8332",
        "type": "security_light",
        "name": "스마트보안등 LD8332",
        "address": null,
        "purpose": null,
        "managingAgency": "서울특별시 광진구",
        "sourceDatasetId": "gwangjin-smart-security-light",
        "sourceRecordId": "LD8332",
        "sourceUpdatedAt": null,
        "collectedAt": "2026-09-13T15:06:54.013Z"
      }
    },
    {
      "type": "Feature",
      "id": "gwangjin:security_light:LD8333",
      "geometry": {
        "type": "Point",
        "coordinates": [
          127.0652941,
          37.53812574
        ]
      },
      "properties": {
        "id": "gwangjin:security_light:LD8333",
        "type": "security_light",
        "name": "스마트보안등 LD8333",
        "address": null,
        "purpose": null,
        "managingAgency": "서울특별시 광진구",
        "sourceDatasetId": "gwangjin-smart-security-light",
        "sourceRecordId": "LD8333",
        "sourceUpdatedAt": null,
        "collectedAt": "2026-09-13T15:06:54.013Z"
      }
    },
    {
      "type": "Feature",
      "id": "gwangjin:security_light:LD8334",
      "geometry": {
        "type": "Point",
        "coordinates": [
          127.0650396,
          37.53717621
        ]
      },
      "properties": {
        "id": "gwangjin:security_light:LD8334",
        "type": "security_light",
        "name": "스마트보안등 LD8334",
        "address": null,
        "purpose": null,
        "managingAgency": "서울특별시 광진구",
        "sourceDatasetId": "gwangjin-smart-security-light",
        "sourceRecordId": "LD8334",
        "sourceUpdatedAt": null,
        "collectedAt": "2026-09-13T15:06:54.013Z"
      }
    },
    {
      "type": "Feature",
      "id": "gwangjin:security_light:LD9496",
      "geometry": {
        "type": "Point",
        "coordinates": [
          127.0696846,
          37.54728121
        ]
      },
      "properties": {
        "id": "gwangjin:security_light:LD9496",
        "type": "security_light",
        "name": "스마트보안등 LD9496",
        "address": null,
        "purpose": null,
        "managingAgency": "서울특별시 광진구",
        "sourceDatasetId": "gwangjin-smart-security-light",
        "sourceRecordId": "LD9496",
        "sourceUpdatedAt": null,
        "collectedAt": "2026-09-13T15:06:54.013Z"
      }
    },
    {
      "type": "Feature",
      "id": "gwangjin:security_light:LD9499",
      "geometry": {
        "type": "Point",
        "coordinates": [
          127.0689126,
          37.54770721
        ]
      },
      "properties": {
        "id": "gwangjin:security_light:LD9499",
        "type": "security_light",
        "name": "스마트보안등 LD9499",
        "address": null,
        "purpose": null,
        "managingAgency": "서울특별시 광진구",
        "sourceDatasetId": "gwangjin-smart-security-light",
        "sourceRecordId": "LD9499",
        "sourceUpdatedAt": null,
        "collectedAt": "2026-09-13T15:06:54.013Z"
      }
    },
    {
      "type": "Feature",
      "id": "gwangjin:security_light:LD9508",
      "geometry": {
        "type": "Point",
        "coordinates": [
          127.0701006,
          37.54950121
        ]
      },
      "properties": {
        "id": "gwangjin:security_light:LD9508",
        "type": "security_light",
        "name": "스마트보안등 LD9508",
        "address": null,
        "purpose": null,
        "managingAgency": "서울특별시 광진구",
        "sourceDatasetId": "gwangjin-smart-security-light",
        "sourceRecordId": "LD9508",
        "sourceUpdatedAt": null,
        "collectedAt": "2026-09-13T15:06:54.013Z"
      }
    },
    {
      "type": "Feature",
      "id": "gwangjin:security_light:LD9509",
      "geometry": {
        "type": "Point",
        "coordinates": [
          127.0704106,
          37.54964721
        ]
      },
      "properties": {
        "id": "gwangjin:security_light:LD9509",
        "type": "security_light",
        "name": "스마트보안등 LD9509",
        "address": null,
        "purpose": null,
        "managingAgency": "서울특별시 광진구",
        "sourceDatasetId": "gwangjin-smart-security-light",
        "sourceRecordId": "LD9509",
        "sourceUpdatedAt": null,
        "collectedAt": "2026-09-13T15:06:54.013Z"
      }
    },
    {
      "type": "Feature",
      "id": "gwangjin:security_light:LD9516",
      "geometry": {
        "type": "Point",
        "coordinates": [
          127.0691766,
          37.54700121
        ]
      },
      "properties": {
        "id": "gwangjin:security_light:LD9516",
        "type": "security_light",
        "name": "스마트보안등 LD9516",
        "address": null,
        "purpose": null,
        "managingAgency": "서울특별시 광진구",
        "sourceDatasetId": "gwangjin-smart-security-light",
        "sourceRecordId": "LD9516",
        "sourceUpdatedAt": null,
        "collectedAt": "2026-09-13T15:06:54.013Z"
      }
    },
    {
      "type": "Feature",
      "id": "gwangjin:security_light:LD9517",
      "geometry": {
        "type": "Point",
        "coordinates": [
          127.0693506,
          37.54728921
        ]
      },
      "properties": {
        "id": "gwangjin:security_light:LD9517",
        "type": "security_light",
        "name": "스마트보안등 LD9517",
        "address": null,
        "purpose": null,
        "managingAgency": "서울특별시 광진구",
        "sourceDatasetId": "gwangjin-smart-security-light",
        "sourceRecordId": "LD9517",
        "sourceUpdatedAt": null,
        "collectedAt": "2026-09-13T15:06:54.013Z"
      }
    },
    {
      "type": "Feature",
      "id": "gwangjin:security_light:LD9568",
      "geometry": {
        "type": "Point",
        "coordinates": [
          127.0701776,
          37.54937821
        ]
      },
      "properties": {
        "id": "gwangjin:security_light:LD9568",
        "type": "security_light",
        "name": "스마트보안등 LD9568",
        "address": null,
        "purpose": null,
        "managingAgency": "서울특별시 광진구",
        "sourceDatasetId": "gwangjin-smart-security-light",
        "sourceRecordId": "LD9568",
        "sourceUpdatedAt": null,
        "collectedAt": "2026-09-13T15:06:54.013Z"
      }
    },
    {
      "type": "Feature",
      "id": "gwangjin:security_light:LD9569",
      "geometry": {
        "type": "Point",
        "coordinates": [
          127.0691556,
          37.54736121
        ]
      },
      "properties": {
        "id": "gwangjin:security_light:LD9569",
        "type": "security_light",
        "name": "스마트보안등 LD9569",
        "address": null,
        "purpose": null,
        "managingAgency": "서울특별시 광진구",
        "sourceDatasetId": "gwangjin-smart-security-light",
        "sourceRecordId": "LD9569",
        "sourceUpdatedAt": null,
        "collectedAt": "2026-09-13T15:06:54.013Z"
      }
    },
    {
      "type": "Feature",
      "id": "gwangjin:security_light:LD9790",
      "geometry": {
        "type": "Point",
        "coordinates": [
          127.0836836,
          37.54328421
        ]
      },
      "properties": {
        "id": "gwangjin:security_light:LD9790",
        "type": "security_light",
        "name": "스마트보안등 LD9790",
        "address": null,
        "purpose": null,
        "managingAgency": "서울특별시 광진구",
        "sourceDatasetId": "gwangjin-smart-security-light",
        "sourceRecordId": "LD9790",
        "sourceUpdatedAt": null,
        "collectedAt": "2026-09-13T15:06:54.013Z"
      }
    },
    {
      "type": "Feature",
      "id": "gwangjin:security_light:LD9795",
      "geometry": {
        "type": "Point",
        "coordinates": [
          127.0704016,
          37.54925221
        ]
      },
      "properties": {
        "id": "gwangjin:security_light:LD9795",
        "type": "security_light",
        "name": "스마트보안등 LD9795",
        "address": null,
        "purpose": null,
        "managingAgency": "서울특별시 광진구",
        "sourceDatasetId": "gwangjin-smart-security-light",
        "sourceRecordId": "LD9795",
        "sourceUpdatedAt": null,
        "collectedAt": "2026-09-13T15:06:54.013Z"
      }
    },
    {
      "type": "Feature",
      "id": "gwangjin:security_light:LD9796",
      "geometry": {
        "type": "Point",
        "coordinates": [
          127.0703036,
          37.55061721
        ]
      },
      "properties": {
        "id": "gwangjin:security_light:LD9796",
        "type": "security_light",
        "name": "스마트보안등 LD9796",
        "address": null,
        "purpose": null,
        "managingAgency": "서울특별시 광진구",
        "sourceDatasetId": "gwangjin-smart-security-light",
        "sourceRecordId": "LD9796",
        "sourceUpdatedAt": null,
        "collectedAt": "2026-09-13T15:06:54.013Z"
      }
    },
    {
      "type": "Feature",
      "id": "gwangjin:security_light:LD9816",
      "geometry": {
        "type": "Point",
        "coordinates": [
          127.0705876,
          37.55052821
        ]
      },
      "properties": {
        "id": "gwangjin:security_light:LD9816",
        "type": "security_light",
        "name": "스마트보안등 LD9816",
        "address": null,
        "purpose": null,
        "managingAgency": "서울특별시 광진구",
        "sourceDatasetId": "gwangjin-smart-security-light",
        "sourceRecordId": "LD9816",
        "sourceUpdatedAt": null,
        "collectedAt": "2026-09-13T15:06:54.013Z"
      }
    },
    {
      "type": "Feature",
      "id": "gwangjin:security_light:LD9823",
      "geometry": {
        "type": "Point",
        "coordinates": [
          127.0717866,
          37.55073721
        ]
      },
      "properties": {
        "id": "gwangjin:security_light:LD9823",
        "type": "security_light",
        "name": "스마트보안등 LD9823",
        "address": null,
        "purpose": null,
        "managingAgency": "서울특별시 광진구",
        "sourceDatasetId": "gwangjin-smart-security-light",
        "sourceRecordId": "LD9823",
        "sourceUpdatedAt": null,
        "collectedAt": "2026-09-13T15:06:54.013Z"
      }
    },
    {
      "type": "Feature",
      "id": "gwangjin:security_light:LD9848",
      "geometry": {
        "type": "Point",
        "coordinates": [
          127.0824836,
          37.54427121
        ]
      },
      "properties": {
        "id": "gwangjin:security_light:LD9848",
        "type": "security_light",
        "name": "스마트보안등 LD9848",
        "address": null,
        "purpose": null,
        "managingAgency": "서울특별시 광진구",
        "sourceDatasetId": "gwangjin-smart-security-light",
        "sourceRecordId": "LD9848",
        "sourceUpdatedAt": null,
        "collectedAt": "2026-09-13T15:06:54.013Z"
      }
    },
    {
      "type": "Feature",
      "id": "gwangjin:security_light:LE0050",
      "geometry": {
        "type": "Point",
        "coordinates": [
          127.0631706,
          37.53927321
        ]
      },
      "properties": {
        "id": "gwangjin:security_light:LE0050",
        "type": "security_light",
        "name": "스마트보안등 LE0050",
        "address": null,
        "purpose": null,
        "managingAgency": "서울특별시 광진구",
        "sourceDatasetId": "gwangjin-smart-security-light",
        "sourceRecordId": "LE0050",
        "sourceUpdatedAt": null,
        "collectedAt": "2026-09-13T15:06:54.013Z"
      }
    },
    {
      "type": "Feature",
      "id": "gwangjin:security_light:LE0051",
      "geometry": {
        "type": "Point",
        "coordinates": [
          127.0683776,
          37.54282321
        ]
      },
      "properties": {
        "id": "gwangjin:security_light:LE0051",
        "type": "security_light",
        "name": "스마트보안등 LE0051",
        "address": null,
        "purpose": null,
        "managingAgency": "서울특별시 광진구",
        "sourceDatasetId": "gwangjin-smart-security-light",
        "sourceRecordId": "LE0051",
        "sourceUpdatedAt": null,
        "collectedAt": "2026-09-13T15:06:54.013Z"
      }
    },
    {
      "type": "Feature",
      "id": "gwangjin:security_light:LE0055",
      "geometry": {
        "type": "Point",
        "coordinates": [
          127.0638196,
          37.53852721
        ]
      },
      "properties": {
        "id": "gwangjin:security_light:LE0055",
        "type": "security_light",
        "name": "스마트보안등 LE0055",
        "address": null,
        "purpose": null,
        "managingAgency": "서울특별시 광진구",
        "sourceDatasetId": "gwangjin-smart-security-light",
        "sourceRecordId": "LE0055",
        "sourceUpdatedAt": null,
        "collectedAt": "2026-09-13T15:06:54.013Z"
      }
    },
    {
      "type": "Feature",
      "id": "gwangjin:security_light:LE0061",
      "geometry": {
        "type": "Point",
        "coordinates": [
          127.0643436,
          37.53883121
        ]
      },
      "properties": {
        "id": "gwangjin:security_light:LE0061",
        "type": "security_light",
        "name": "스마트보안등 LE0061",
        "address": null,
        "purpose": null,
        "managingAgency": "서울특별시 광진구",
        "sourceDatasetId": "gwangjin-smart-security-light",
        "sourceRecordId": "LE0061",
        "sourceUpdatedAt": null,
        "collectedAt": "2026-09-13T15:06:54.013Z"
      }
    },
    {
      "type": "Feature",
      "id": "gwangjin:security_light:LE0062",
      "geometry": {
        "type": "Point",
        "coordinates": [
          127.0651459,
          37.53809314
        ]
      },
      "properties": {
        "id": "gwangjin:security_light:LE0062",
        "type": "security_light",
        "name": "스마트보안등 LE0062",
        "address": null,
        "purpose": null,
        "managingAgency": "서울특별시 광진구",
        "sourceDatasetId": "gwangjin-smart-security-light",
        "sourceRecordId": "LE0062",
        "sourceUpdatedAt": null,
        "collectedAt": "2026-09-13T15:06:54.013Z"
      }
    },
    {
      "type": "Feature",
      "id": "gwangjin:security_light:LE0063",
      "geometry": {
        "type": "Point",
        "coordinates": [
          127.0691456,
          37.54439321
        ]
      },
      "properties": {
        "id": "gwangjin:security_light:LE0063",
        "type": "security_light",
        "name": "스마트보안등 LE0063",
        "address": null,
        "purpose": null,
        "managingAgency": "서울특별시 광진구",
        "sourceDatasetId": "gwangjin-smart-security-light",
        "sourceRecordId": "LE0063",
        "sourceUpdatedAt": null,
        "collectedAt": "2026-09-13T15:06:54.013Z"
      }
    },
    {
      "type": "Feature",
      "id": "gwangjin:security_light:LE0064",
      "geometry": {
        "type": "Point",
        "coordinates": [
          127.0689866,
          37.54389921
        ]
      },
      "properties": {
        "id": "gwangjin:security_light:LE0064",
        "type": "security_light",
        "name": "스마트보안등 LE0064",
        "address": null,
        "purpose": null,
        "managingAgency": "서울특별시 광진구",
        "sourceDatasetId": "gwangjin-smart-security-light",
        "sourceRecordId": "LE0064",
        "sourceUpdatedAt": null,
        "collectedAt": "2026-09-13T15:06:54.013Z"
      }
    },
    {
      "type": "Feature",
      "id": "gwangjin:security_light:LE0065",
      "geometry": {
        "type": "Point",
        "coordinates": [
          127.0635982,
          37.53868614
        ]
      },
      "properties": {
        "id": "gwangjin:security_light:LE0065",
        "type": "security_light",
        "name": "스마트보안등 LE0065",
        "address": null,
        "purpose": null,
        "managingAgency": "서울특별시 광진구",
        "sourceDatasetId": "gwangjin-smart-security-light",
        "sourceRecordId": "LE0065",
        "sourceUpdatedAt": null,
        "collectedAt": "2026-09-13T15:06:54.013Z"
      }
    },
    {
      "type": "Feature",
      "id": "gwangjin:security_light:LE0067",
      "geometry": {
        "type": "Point",
        "coordinates": [
          127.0640636,
          37.53935621
        ]
      },
      "properties": {
        "id": "gwangjin:security_light:LE0067",
        "type": "security_light",
        "name": "스마트보안등 LE0067",
        "address": null,
        "purpose": null,
        "managingAgency": "서울특별시 광진구",
        "sourceDatasetId": "gwangjin-smart-security-light",
        "sourceRecordId": "LE0067",
        "sourceUpdatedAt": null,
        "collectedAt": "2026-09-13T15:06:54.013Z"
      }
    },
    {
      "type": "Feature",
      "id": "gwangjin:security_light:LE0069",
      "geometry": {
        "type": "Point",
        "coordinates": [
          127.0634146,
          37.53852221
        ]
      },
      "properties": {
        "id": "gwangjin:security_light:LE0069",
        "type": "security_light",
        "name": "스마트보안등 LE0069",
        "address": null,
        "purpose": null,
        "managingAgency": "서울특별시 광진구",
        "sourceDatasetId": "gwangjin-smart-security-light",
        "sourceRecordId": "LE0069",
        "sourceUpdatedAt": null,
        "collectedAt": "2026-09-13T15:06:54.013Z"
      }
    },
    {
      "type": "Feature",
      "id": "gwangjin:security_light:LE0071",
      "geometry": {
        "type": "Point",
        "coordinates": [
          127.0671986,
          37.54525021
        ]
      },
      "properties": {
        "id": "gwangjin:security_light:LE0071",
        "type": "security_light",
        "name": "스마트보안등 LE0071",
        "address": null,
        "purpose": null,
        "managingAgency": "서울특별시 광진구",
        "sourceDatasetId": "gwangjin-smart-security-light",
        "sourceRecordId": "LE0071",
        "sourceUpdatedAt": null,
        "collectedAt": "2026-09-13T15:06:54.013Z"
      }
    },
    {
      "type": "Feature",
      "id": "gwangjin:security_light:LE0072",
      "geometry": {
        "type": "Point",
        "coordinates": [
          127.0665356,
          37.54453821
        ]
      },
      "properties": {
        "id": "gwangjin:security_light:LE0072",
        "type": "security_light",
        "name": "스마트보안등 LE0072",
        "address": null,
        "purpose": null,
        "managingAgency": "서울특별시 광진구",
        "sourceDatasetId": "gwangjin-smart-security-light",
        "sourceRecordId": "LE0072",
        "sourceUpdatedAt": null,
        "collectedAt": "2026-09-13T15:06:54.013Z"
      }
    },
    {
      "type": "Feature",
      "id": "gwangjin:security_light:LE0073",
      "geometry": {
        "type": "Point",
        "coordinates": [
          127.0669356,
          37.54522921
        ]
      },
      "properties": {
        "id": "gwangjin:security_light:LE0073",
        "type": "security_light",
        "name": "스마트보안등 LE0073",
        "address": null,
        "purpose": null,
        "managingAgency": "서울특별시 광진구",
        "sourceDatasetId": "gwangjin-smart-security-light",
        "sourceRecordId": "LE0073",
        "sourceUpdatedAt": null,
        "collectedAt": "2026-09-13T15:06:54.013Z"
      }
    },
    {
      "type": "Feature",
      "id": "gwangjin:security_light:LE0075",
      "geometry": {
        "type": "Point",
        "coordinates": [
          127.0690136,
          37.54415021
        ]
      },
      "properties": {
        "id": "gwangjin:security_light:LE0075",
        "type": "security_light",
        "name": "스마트보안등 LE0075",
        "address": null,
        "purpose": null,
        "managingAgency": "서울특별시 광진구",
        "sourceDatasetId": "gwangjin-smart-security-light",
        "sourceRecordId": "LE0075",
        "sourceUpdatedAt": null,
        "collectedAt": "2026-09-13T15:06:54.013Z"
      }
    },
    {
      "type": "Feature",
      "id": "gwangjin:security_light:LE0076",
      "geometry": {
        "type": "Point",
        "coordinates": [
          127.06410959,
          37.53858823
        ]
      },
      "properties": {
        "id": "gwangjin:security_light:LE0076",
        "type": "security_light",
        "name": "스마트보안등 LE0076",
        "address": null,
        "purpose": null,
        "managingAgency": "서울특별시 광진구",
        "sourceDatasetId": "gwangjin-smart-security-light",
        "sourceRecordId": "LE0076",
        "sourceUpdatedAt": null,
        "collectedAt": "2026-09-13T15:06:54.013Z"
      }
    },
    {
      "type": "Feature",
      "id": "gwangjin:security_light:LE0077",
      "geometry": {
        "type": "Point",
        "coordinates": [
          127.0639786,
          37.53883321
        ]
      },
      "properties": {
        "id": "gwangjin:security_light:LE0077",
        "type": "security_light",
        "name": "스마트보안등 LE0077",
        "address": null,
        "purpose": null,
        "managingAgency": "서울특별시 광진구",
        "sourceDatasetId": "gwangjin-smart-security-light",
        "sourceRecordId": "LE0077",
        "sourceUpdatedAt": null,
        "collectedAt": "2026-09-13T15:06:54.013Z"
      }
    },
    {
      "type": "Feature",
      "id": "gwangjin:security_light:LE0078",
      "geometry": {
        "type": "Point",
        "coordinates": [
          127.0640535,
          37.53917744
        ]
      },
      "properties": {
        "id": "gwangjin:security_light:LE0078",
        "type": "security_light",
        "name": "스마트보안등 LE0078",
        "address": null,
        "purpose": null,
        "managingAgency": "서울특별시 광진구",
        "sourceDatasetId": "gwangjin-smart-security-light",
        "sourceRecordId": "LE0078",
        "sourceUpdatedAt": null,
        "collectedAt": "2026-09-13T15:06:54.013Z"
      }
    },
    {
      "type": "Feature",
      "id": "gwangjin:security_light:LE0079",
      "geometry": {
        "type": "Point",
        "coordinates": [
          127.0638326,
          37.53922821
        ]
      },
      "properties": {
        "id": "gwangjin:security_light:LE0079",
        "type": "security_light",
        "name": "스마트보안등 LE0079",
        "address": null,
        "purpose": null,
        "managingAgency": "서울특별시 광진구",
        "sourceDatasetId": "gwangjin-smart-security-light",
        "sourceRecordId": "LE0079",
        "sourceUpdatedAt": null,
        "collectedAt": "2026-09-13T15:06:54.013Z"
      }
    },
    {
      "type": "Feature",
      "id": "gwangjin:security_light:LE0081",
      "geometry": {
        "type": "Point",
        "coordinates": [
          127.0632526,
          37.53865121
        ]
      },
      "properties": {
        "id": "gwangjin:security_light:LE0081",
        "type": "security_light",
        "name": "스마트보안등 LE0081",
        "address": null,
        "purpose": null,
        "managingAgency": "서울특별시 광진구",
        "sourceDatasetId": "gwangjin-smart-security-light",
        "sourceRecordId": "LE0081",
        "sourceUpdatedAt": null,
        "collectedAt": "2026-09-13T15:06:54.013Z"
      }
    },
    {
      "type": "Feature",
      "id": "gwangjin:security_light:LE0082",
      "geometry": {
        "type": "Point",
        "coordinates": [
          127.0660236,
          37.54431921
        ]
      },
      "properties": {
        "id": "gwangjin:security_light:LE0082",
        "type": "security_light",
        "name": "스마트보안등 LE0082",
        "address": null,
        "purpose": null,
        "managingAgency": "서울특별시 광진구",
        "sourceDatasetId": "gwangjin-smart-security-light",
        "sourceRecordId": "LE0082",
        "sourceUpdatedAt": null,
        "collectedAt": "2026-09-13T15:06:54.013Z"
      }
    },
    {
      "type": "Feature",
      "id": "gwangjin:security_light:LE0083",
      "geometry": {
        "type": "Point",
        "coordinates": [
          127.0655066,
          37.54363721
        ]
      },
      "properties": {
        "id": "gwangjin:security_light:LE0083",
        "type": "security_light",
        "name": "스마트보안등 LE0083",
        "address": null,
        "purpose": null,
        "managingAgency": "서울특별시 광진구",
        "sourceDatasetId": "gwangjin-smart-security-light",
        "sourceRecordId": "LE0083",
        "sourceUpdatedAt": null,
        "collectedAt": "2026-09-13T15:06:54.013Z"
      }
    },
    {
      "type": "Feature",
      "id": "gwangjin:security_light:LE0084",
      "geometry": {
        "type": "Point",
        "coordinates": [
          127.0654506,
          37.54422421
        ]
      },
      "properties": {
        "id": "gwangjin:security_light:LE0084",
        "type": "security_light",
        "name": "스마트보안등 LE0084",
        "address": null,
        "purpose": null,
        "managingAgency": "서울특별시 광진구",
        "sourceDatasetId": "gwangjin-smart-security-light",
        "sourceRecordId": "LE0084",
        "sourceUpdatedAt": null,
        "collectedAt": "2026-09-13T15:06:54.013Z"
      }
    },
    {
      "type": "Feature",
      "id": "gwangjin:security_light:LE0085",
      "geometry": {
        "type": "Point",
        "coordinates": [
          127.0662856,
          37.54477721
        ]
      },
      "properties": {
        "id": "gwangjin:security_light:LE0085",
        "type": "security_light",
        "name": "스마트보안등 LE0085",
        "address": null,
        "purpose": null,
        "managingAgency": "서울특별시 광진구",
        "sourceDatasetId": "gwangjin-smart-security-light",
        "sourceRecordId": "LE0085",
        "sourceUpdatedAt": null,
        "collectedAt": "2026-09-13T15:06:54.013Z"
      }
    },
    {
      "type": "Feature",
      "id": "gwangjin:security_light:LE0086",
      "geometry": {
        "type": "Point",
        "coordinates": [
          127.0644996,
          37.53782921
        ]
      },
      "properties": {
        "id": "gwangjin:security_light:LE0086",
        "type": "security_light",
        "name": "스마트보안등 LE0086",
        "address": null,
        "purpose": null,
        "managingAgency": "서울특별시 광진구",
        "sourceDatasetId": "gwangjin-smart-security-light",
        "sourceRecordId": "LE0086",
        "sourceUpdatedAt": null,
        "collectedAt": "2026-09-13T15:06:54.013Z"
      }
    },
    {
      "type": "Feature",
      "id": "gwangjin:security_light:LE0087",
      "geometry": {
        "type": "Point",
        "coordinates": [
          127.06921,
          37.54398304
        ]
      },
      "properties": {
        "id": "gwangjin:security_light:LE0087",
        "type": "security_light",
        "name": "스마트보안등 LE0087",
        "address": null,
        "purpose": null,
        "managingAgency": "서울특별시 광진구",
        "sourceDatasetId": "gwangjin-smart-security-light",
        "sourceRecordId": "LE0087",
        "sourceUpdatedAt": null,
        "collectedAt": "2026-09-13T15:06:54.013Z"
      }
    },
    {
      "type": "Feature",
      "id": "gwangjin:security_light:LE0088",
      "geometry": {
        "type": "Point",
        "coordinates": [
          127.0663506,
          37.54424721
        ]
      },
      "properties": {
        "id": "gwangjin:security_light:LE0088",
        "type": "security_light",
        "name": "스마트보안등 LE0088",
        "address": null,
        "purpose": null,
        "managingAgency": "서울특별시 광진구",
        "sourceDatasetId": "gwangjin-smart-security-light",
        "sourceRecordId": "LE0088",
        "sourceUpdatedAt": null,
        "collectedAt": "2026-09-13T15:06:54.013Z"
      }
    },
    {
      "type": "Feature",
      "id": "gwangjin:security_light:LE0089",
      "geometry": {
        "type": "Point",
        "coordinates": [
          127.0638376,
          37.53820421
        ]
      },
      "properties": {
        "id": "gwangjin:security_light:LE0089",
        "type": "security_light",
        "name": "스마트보안등 LE0089",
        "address": null,
        "purpose": null,
        "managingAgency": "서울특별시 광진구",
        "sourceDatasetId": "gwangjin-smart-security-light",
        "sourceRecordId": "LE0089",
        "sourceUpdatedAt": null,
        "collectedAt": "2026-09-13T15:06:54.013Z"
      }
    },
    {
      "type": "Feature",
      "id": "gwangjin:security_light:LE0090",
      "geometry": {
        "type": "Point",
        "coordinates": [
          127.0639566,
          37.53861921
        ]
      },
      "properties": {
        "id": "gwangjin:security_light:LE0090",
        "type": "security_light",
        "name": "스마트보안등 LE0090",
        "address": null,
        "purpose": null,
        "managingAgency": "서울특별시 광진구",
        "sourceDatasetId": "gwangjin-smart-security-light",
        "sourceRecordId": "LE0090",
        "sourceUpdatedAt": null,
        "collectedAt": "2026-09-13T15:06:54.013Z"
      }
    },
    {
      "type": "Feature",
      "id": "gwangjin:security_light:LE0092",
      "geometry": {
        "type": "Point",
        "coordinates": [
          127.0646716,
          37.53841221
        ]
      },
      "properties": {
        "id": "gwangjin:security_light:LE0092",
        "type": "security_light",
        "name": "스마트보안등 LE0092",
        "address": null,
        "purpose": null,
        "managingAgency": "서울특별시 광진구",
        "sourceDatasetId": "gwangjin-smart-security-light",
        "sourceRecordId": "LE0092",
        "sourceUpdatedAt": null,
        "collectedAt": "2026-09-13T15:06:54.013Z"
      }
    },
    {
      "type": "Feature",
      "id": "gwangjin:security_light:LE0093",
      "geometry": {
        "type": "Point",
        "coordinates": [
          127.0646206,
          37.53890321
        ]
      },
      "properties": {
        "id": "gwangjin:security_light:LE0093",
        "type": "security_light",
        "name": "스마트보안등 LE0093",
        "address": null,
        "purpose": null,
        "managingAgency": "서울특별시 광진구",
        "sourceDatasetId": "gwangjin-smart-security-light",
        "sourceRecordId": "LE0093",
        "sourceUpdatedAt": null,
        "collectedAt": "2026-09-13T15:06:54.013Z"
      }
    },
    {
      "type": "Feature",
      "id": "gwangjin:security_light:LE0094",
      "geometry": {
        "type": "Point",
        "coordinates": [
          127.0671456,
          37.54515721
        ]
      },
      "properties": {
        "id": "gwangjin:security_light:LE0094",
        "type": "security_light",
        "name": "스마트보안등 LE0094",
        "address": null,
        "purpose": null,
        "managingAgency": "서울특별시 광진구",
        "sourceDatasetId": "gwangjin-smart-security-light",
        "sourceRecordId": "LE0094",
        "sourceUpdatedAt": null,
        "collectedAt": "2026-09-13T15:06:54.013Z"
      }
    },
    {
      "type": "Feature",
      "id": "gwangjin:security_light:LE0095",
      "geometry": {
        "type": "Point",
        "coordinates": [
          127.0670435,
          37.54489714
        ]
      },
      "properties": {
        "id": "gwangjin:security_light:LE0095",
        "type": "security_light",
        "name": "스마트보안등 LE0095",
        "address": null,
        "purpose": null,
        "managingAgency": "서울특별시 광진구",
        "sourceDatasetId": "gwangjin-smart-security-light",
        "sourceRecordId": "LE0095",
        "sourceUpdatedAt": null,
        "collectedAt": "2026-09-13T15:06:54.013Z"
      }
    },
    {
      "type": "Feature",
      "id": "gwangjin:security_light:LE0096",
      "geometry": {
        "type": "Point",
        "coordinates": [
          127.0634636,
          37.53829421
        ]
      },
      "properties": {
        "id": "gwangjin:security_light:LE0096",
        "type": "security_light",
        "name": "스마트보안등 LE0096",
        "address": null,
        "purpose": null,
        "managingAgency": "서울특별시 광진구",
        "sourceDatasetId": "gwangjin-smart-security-light",
        "sourceRecordId": "LE0096",
        "sourceUpdatedAt": null,
        "collectedAt": "2026-09-13T15:06:54.013Z"
      }
    },
    {
      "type": "Feature",
      "id": "gwangjin:security_light:LE0097",
      "geometry": {
        "type": "Point",
        "coordinates": [
          127.0652756,
          37.54368321
        ]
      },
      "properties": {
        "id": "gwangjin:security_light:LE0097",
        "type": "security_light",
        "name": "스마트보안등 LE0097",
        "address": null,
        "purpose": null,
        "managingAgency": "서울특별시 광진구",
        "sourceDatasetId": "gwangjin-smart-security-light",
        "sourceRecordId": "LE0097",
        "sourceUpdatedAt": null,
        "collectedAt": "2026-09-13T15:06:54.013Z"
      }
    },
    {
      "type": "Feature",
      "id": "gwangjin:security_light:LE0099",
      "geometry": {
        "type": "Point",
        "coordinates": [
          127.0694516,
          37.54410521
        ]
      },
      "properties": {
        "id": "gwangjin:security_light:LE0099",
        "type": "security_light",
        "name": "스마트보안등 LE0099",
        "address": null,
        "purpose": null,
        "managingAgency": "서울특별시 광진구",
        "sourceDatasetId": "gwangjin-smart-security-light",
        "sourceRecordId": "LE0099",
        "sourceUpdatedAt": null,
        "collectedAt": "2026-09-13T15:06:54.013Z"
      }
    },
    {
      "type": "Feature",
      "id": "gwangjin:security_light:LE0100",
      "geometry": {
        "type": "Point",
        "coordinates": [
          127.06536351,
          37.54390288
        ]
      },
      "properties": {
        "id": "gwangjin:security_light:LE0100",
        "type": "security_light",
        "name": "스마트보안등 LE0100",
        "address": null,
        "purpose": null,
        "managingAgency": "서울특별시 광진구",
        "sourceDatasetId": "gwangjin-smart-security-light",
        "sourceRecordId": "LE0100",
        "sourceUpdatedAt": null,
        "collectedAt": "2026-09-13T15:06:54.013Z"
      }
    },
    {
      "type": "Feature",
      "id": "gwangjin:security_light:LE0101",
      "geometry": {
        "type": "Point",
        "coordinates": [
          127.0691866,
          37.54326721
        ]
      },
      "properties": {
        "id": "gwangjin:security_light:LE0101",
        "type": "security_light",
        "name": "스마트보안등 LE0101",
        "address": null,
        "purpose": null,
        "managingAgency": "서울특별시 광진구",
        "sourceDatasetId": "gwangjin-smart-security-light",
        "sourceRecordId": "LE0101",
        "sourceUpdatedAt": null,
        "collectedAt": "2026-09-13T15:06:54.013Z"
      }
    },
    {
      "type": "Feature",
      "id": "gwangjin:security_light:LE0102",
      "geometry": {
        "type": "Point",
        "coordinates": [
          127.0661826,
          37.54387921
        ]
      },
      "properties": {
        "id": "gwangjin:security_light:LE0102",
        "type": "security_light",
        "name": "스마트보안등 LE0102",
        "address": null,
        "purpose": null,
        "managingAgency": "서울특별시 광진구",
        "sourceDatasetId": "gwangjin-smart-security-light",
        "sourceRecordId": "LE0102",
        "sourceUpdatedAt": null,
        "collectedAt": "2026-09-13T15:06:54.013Z"
      }
    },
    {
      "type": "Feature",
      "id": "gwangjin:security_light:LE0103",
      "geometry": {
        "type": "Point",
        "coordinates": [
          127.06925708,
          37.54340788
        ]
      },
      "properties": {
        "id": "gwangjin:security_light:LE0103",
        "type": "security_light",
        "name": "스마트보안등 LE0103",
        "address": null,
        "purpose": null,
        "managingAgency": "서울특별시 광진구",
        "sourceDatasetId": "gwangjin-smart-security-light",
        "sourceRecordId": "LE0103",
        "sourceUpdatedAt": null,
        "collectedAt": "2026-09-13T15:06:54.013Z"
      }
    },
    {
      "type": "Feature",
      "id": "gwangjin:security_light:LE0104",
      "geometry": {
        "type": "Point",
        "coordinates": [
          127.0659606,
          37.54346521
        ]
      },
      "properties": {
        "id": "gwangjin:security_light:LE0104",
        "type": "security_light",
        "name": "스마트보안등 LE0104",
        "address": null,
        "purpose": null,
        "managingAgency": "서울특별시 광진구",
        "sourceDatasetId": "gwangjin-smart-security-light",
        "sourceRecordId": "LE0104",
        "sourceUpdatedAt": null,
        "collectedAt": "2026-09-13T15:06:54.013Z"
      }
    },
    {
      "type": "Feature",
      "id": "gwangjin:security_light:LE0105",
      "geometry": {
        "type": "Point",
        "coordinates": [
          127.0685016,
          37.54256421
        ]
      },
      "properties": {
        "id": "gwangjin:security_light:LE0105",
        "type": "security_light",
        "name": "스마트보안등 LE0105",
        "address": null,
        "purpose": null,
        "managingAgency": "서울특별시 광진구",
        "sourceDatasetId": "gwangjin-smart-security-light",
        "sourceRecordId": "LE0105",
        "sourceUpdatedAt": null,
        "collectedAt": "2026-09-13T15:06:54.013Z"
      }
    },
    {
      "type": "Feature",
      "id": "gwangjin:security_light:LE0106",
      "geometry": {
        "type": "Point",
        "coordinates": [
          127.0675922,
          37.54450304
        ]
      },
      "properties": {
        "id": "gwangjin:security_light:LE0106",
        "type": "security_light",
        "name": "스마트보안등 LE0106",
        "address": null,
        "purpose": null,
        "managingAgency": "서울특별시 광진구",
        "sourceDatasetId": "gwangjin-smart-security-light",
        "sourceRecordId": "LE0106",
        "sourceUpdatedAt": null,
        "collectedAt": "2026-09-13T15:06:54.013Z"
      }
    },
    {
      "type": "Feature",
      "id": "gwangjin:security_light:LE0108",
      "geometry": {
        "type": "Point",
        "coordinates": [
          127.0688286,
          37.54338521
        ]
      },
      "properties": {
        "id": "gwangjin:security_light:LE0108",
        "type": "security_light",
        "name": "스마트보안등 LE0108",
        "address": null,
        "purpose": null,
        "managingAgency": "서울특별시 광진구",
        "sourceDatasetId": "gwangjin-smart-security-light",
        "sourceRecordId": "LE0108",
        "sourceUpdatedAt": null,
        "collectedAt": "2026-09-13T15:06:54.013Z"
      }
    },
    {
      "type": "Feature",
      "id": "gwangjin:security_light:LE0109",
      "geometry": {
        "type": "Point",
        "coordinates": [
          127.0645866,
          37.53908721
        ]
      },
      "properties": {
        "id": "gwangjin:security_light:LE0109",
        "type": "security_light",
        "name": "스마트보안등 LE0109",
        "address": null,
        "purpose": null,
        "managingAgency": "서울특별시 광진구",
        "sourceDatasetId": "gwangjin-smart-security-light",
        "sourceRecordId": "LE0109",
        "sourceUpdatedAt": null,
        "collectedAt": "2026-09-13T15:06:54.013Z"
      }
    },
    {
      "type": "Feature",
      "id": "gwangjin:security_light:LE0110",
      "geometry": {
        "type": "Point",
        "coordinates": [
          127.0641626,
          37.53842421
        ]
      },
      "properties": {
        "id": "gwangjin:security_light:LE0110",
        "type": "security_light",
        "name": "스마트보안등 LE0110",
        "address": null,
        "purpose": null,
        "managingAgency": "서울특별시 광진구",
        "sourceDatasetId": "gwangjin-smart-security-light",
        "sourceRecordId": "LE0110",
        "sourceUpdatedAt": null,
        "collectedAt": "2026-09-13T15:06:54.013Z"
      }
    },
    {
      "type": "Feature",
      "id": "gwangjin:security_light:LE0111",
      "geometry": {
        "type": "Point",
        "coordinates": [
          127.0647016,
          37.53796621
        ]
      },
      "properties": {
        "id": "gwangjin:security_light:LE0111",
        "type": "security_light",
        "name": "스마트보안등 LE0111",
        "address": null,
        "purpose": null,
        "managingAgency": "서울특별시 광진구",
        "sourceDatasetId": "gwangjin-smart-security-light",
        "sourceRecordId": "LE0111",
        "sourceUpdatedAt": null,
        "collectedAt": "2026-09-13T15:06:54.013Z"
      }
    },
    {
      "type": "Feature",
      "id": "gwangjin:security_light:LE0113",
      "geometry": {
        "type": "Point",
        "coordinates": [
          127.0642196,
          37.53896121
        ]
      },
      "properties": {
        "id": "gwangjin:security_light:LE0113",
        "type": "security_light",
        "name": "스마트보안등 LE0113",
        "address": null,
        "purpose": null,
        "managingAgency": "서울특별시 광진구",
        "sourceDatasetId": "gwangjin-smart-security-light",
        "sourceRecordId": "LE0113",
        "sourceUpdatedAt": null,
        "collectedAt": "2026-09-13T15:06:54.013Z"
      }
    },
    {
      "type": "Feature",
      "id": "gwangjin:security_light:LE0114",
      "geometry": {
        "type": "Point",
        "coordinates": [
          127.0668266,
          37.54454221
        ]
      },
      "properties": {
        "id": "gwangjin:security_light:LE0114",
        "type": "security_light",
        "name": "스마트보안등 LE0114",
        "address": null,
        "purpose": null,
        "managingAgency": "서울특별시 광진구",
        "sourceDatasetId": "gwangjin-smart-security-light",
        "sourceRecordId": "LE0114",
        "sourceUpdatedAt": null,
        "collectedAt": "2026-09-13T15:06:54.013Z"
      }
    },
    {
      "type": "Feature",
      "id": "gwangjin:security_light:LE0115",
      "geometry": {
        "type": "Point",
        "coordinates": [
          127.06542151,
          37.54326334
        ]
      },
      "properties": {
        "id": "gwangjin:security_light:LE0115",
        "type": "security_light",
        "name": "스마트보안등 LE0115",
        "address": null,
        "purpose": null,
        "managingAgency": "서울특별시 광진구",
        "sourceDatasetId": "gwangjin-smart-security-light",
        "sourceRecordId": "LE0115",
        "sourceUpdatedAt": null,
        "collectedAt": "2026-09-13T15:06:54.013Z"
      }
    },
    {
      "type": "Feature",
      "id": "gwangjin:security_light:LE0116",
      "geometry": {
        "type": "Point",
        "coordinates": [
          127.0666936,
          37.54531421
        ]
      },
      "properties": {
        "id": "gwangjin:security_light:LE0116",
        "type": "security_light",
        "name": "스마트보안등 LE0116",
        "address": null,
        "purpose": null,
        "managingAgency": "서울특별시 광진구",
        "sourceDatasetId": "gwangjin-smart-security-light",
        "sourceRecordId": "LE0116",
        "sourceUpdatedAt": null,
        "collectedAt": "2026-09-13T15:06:54.013Z"
      }
    },
    {
      "type": "Feature",
      "id": "gwangjin:security_light:LE0117",
      "geometry": {
        "type": "Point",
        "coordinates": [
          127.0660936,
          37.54521221
        ]
      },
      "properties": {
        "id": "gwangjin:security_light:LE0117",
        "type": "security_light",
        "name": "스마트보안등 LE0117",
        "address": null,
        "purpose": null,
        "managingAgency": "서울특별시 광진구",
        "sourceDatasetId": "gwangjin-smart-security-light",
        "sourceRecordId": "LE0117",
        "sourceUpdatedAt": null,
        "collectedAt": "2026-09-13T15:06:54.013Z"
      }
    },
    {
      "type": "Feature",
      "id": "gwangjin:security_light:LE0118",
      "geometry": {
        "type": "Point",
        "coordinates": [
          127.0642406,
          37.53778421
        ]
      },
      "properties": {
        "id": "gwangjin:security_light:LE0118",
        "type": "security_light",
        "name": "스마트보안등 LE0118",
        "address": null,
        "purpose": null,
        "managingAgency": "서울특별시 광진구",
        "sourceDatasetId": "gwangjin-smart-security-light",
        "sourceRecordId": "LE0118",
        "sourceUpdatedAt": null,
        "collectedAt": "2026-09-13T15:06:54.013Z"
      }
    },
    {
      "type": "Feature",
      "id": "gwangjin:security_light:LE0119",
      "geometry": {
        "type": "Point",
        "coordinates": [
          127.0655676,
          37.53825221
        ]
      },
      "properties": {
        "id": "gwangjin:security_light:LE0119",
        "type": "security_light",
        "name": "스마트보안등 LE0119",
        "address": null,
        "purpose": null,
        "managingAgency": "서울특별시 광진구",
        "sourceDatasetId": "gwangjin-smart-security-light",
        "sourceRecordId": "LE0119",
        "sourceUpdatedAt": null,
        "collectedAt": "2026-09-13T15:06:54.013Z"
      }
    },
    {
      "type": "Feature",
      "id": "gwangjin:security_light:LE0120",
      "geometry": {
        "type": "Point",
        "coordinates": [
          127.0648586,
          37.53830321
        ]
      },
      "properties": {
        "id": "gwangjin:security_light:LE0120",
        "type": "security_light",
        "name": "스마트보안등 LE0120",
        "address": null,
        "purpose": null,
        "managingAgency": "서울특별시 광진구",
        "sourceDatasetId": "gwangjin-smart-security-light",
        "sourceRecordId": "LE0120",
        "sourceUpdatedAt": null,
        "collectedAt": "2026-09-13T15:06:54.013Z"
      }
    },
    {
      "type": "Feature",
      "id": "gwangjin:security_light:LE0121",
      "geometry": {
        "type": "Point",
        "coordinates": [
          127.0639996,
          37.53906221
        ]
      },
      "properties": {
        "id": "gwangjin:security_light:LE0121",
        "type": "security_light",
        "name": "스마트보안등 LE0121",
        "address": null,
        "purpose": null,
        "managingAgency": "서울특별시 광진구",
        "sourceDatasetId": "gwangjin-smart-security-light",
        "sourceRecordId": "LE0121",
        "sourceUpdatedAt": null,
        "collectedAt": "2026-09-13T15:06:54.013Z"
      }
    },
    {
      "type": "Feature",
      "id": "gwangjin:security_light:LE0122",
      "geometry": {
        "type": "Point",
        "coordinates": [
          127.0662431,
          37.54359754
        ]
      },
      "properties": {
        "id": "gwangjin:security_light:LE0122",
        "type": "security_light",
        "name": "스마트보안등 LE0122",
        "address": null,
        "purpose": null,
        "managingAgency": "서울특별시 광진구",
        "sourceDatasetId": "gwangjin-smart-security-light",
        "sourceRecordId": "LE0122",
        "sourceUpdatedAt": null,
        "collectedAt": "2026-09-13T15:06:54.013Z"
      }
    },
    {
      "type": "Feature",
      "id": "gwangjin:security_light:LE0123",
      "geometry": {
        "type": "Point",
        "coordinates": [
          127.0673786,
          37.54672721
        ]
      },
      "properties": {
        "id": "gwangjin:security_light:LE0123",
        "type": "security_light",
        "name": "스마트보안등 LE0123",
        "address": null,
        "purpose": null,
        "managingAgency": "서울특별시 광진구",
        "sourceDatasetId": "gwangjin-smart-security-light",
        "sourceRecordId": "LE0123",
        "sourceUpdatedAt": null,
        "collectedAt": "2026-09-13T15:06:54.013Z"
      }
    },
    {
      "type": "Feature",
      "id": "gwangjin:security_light:LE0124",
      "geometry": {
        "type": "Point",
        "coordinates": [
          127.06500879,
          37.53749072
        ]
      },
      "properties": {
        "id": "gwangjin:security_light:LE0124",
        "type": "security_light",
        "name": "스마트보안등 LE0124",
        "address": null,
        "purpose": null,
        "managingAgency": "서울특별시 광진구",
        "sourceDatasetId": "gwangjin-smart-security-light",
        "sourceRecordId": "LE0124",
        "sourceUpdatedAt": null,
        "collectedAt": "2026-09-13T15:06:54.013Z"
      }
    },
    {
      "type": "Feature",
      "id": "gwangjin:security_light:LE0125",
      "geometry": {
        "type": "Point",
        "coordinates": [
          127.0671616,
          37.54632221
        ]
      },
      "properties": {
        "id": "gwangjin:security_light:LE0125",
        "type": "security_light",
        "name": "스마트보안등 LE0125",
        "address": null,
        "purpose": null,
        "managingAgency": "서울특별시 광진구",
        "sourceDatasetId": "gwangjin-smart-security-light",
        "sourceRecordId": "LE0125",
        "sourceUpdatedAt": null,
        "collectedAt": "2026-09-13T15:06:54.013Z"
      }
    },
    {
      "type": "Feature",
      "id": "gwangjin:security_light:LE0126",
      "geometry": {
        "type": "Point",
        "coordinates": [
          127.0665066,
          37.54423621
        ]
      },
      "properties": {
        "id": "gwangjin:security_light:LE0126",
        "type": "security_light",
        "name": "스마트보안등 LE0126",
        "address": null,
        "purpose": null,
        "managingAgency": "서울특별시 광진구",
        "sourceDatasetId": "gwangjin-smart-security-light",
        "sourceRecordId": "LE0126",
        "sourceUpdatedAt": null,
        "collectedAt": "2026-09-13T15:06:54.013Z"
      }
    },
    {
      "type": "Feature",
      "id": "gwangjin:security_light:LE0127",
      "geometry": {
        "type": "Point",
        "coordinates": [
          127.0663406,
          37.54517721
        ]
      },
      "properties": {
        "id": "gwangjin:security_light:LE0127",
        "type": "security_light",
        "name": "스마트보안등 LE0127",
        "address": null,
        "purpose": null,
        "managingAgency": "서울특별시 광진구",
        "sourceDatasetId": "gwangjin-smart-security-light",
        "sourceRecordId": "LE0127",
        "sourceUpdatedAt": null,
        "collectedAt": "2026-09-13T15:06:54.013Z"
      }
    },
    {
      "type": "Feature",
      "id": "gwangjin:security_light:LE0133",
      "geometry": {
        "type": "Point",
        "coordinates": [
          127.0654055,
          37.53853124
        ]
      },
      "properties": {
        "id": "gwangjin:security_light:LE0133",
        "type": "security_light",
        "name": "스마트보안등 LE0133",
        "address": null,
        "purpose": null,
        "managingAgency": "서울특별시 광진구",
        "sourceDatasetId": "gwangjin-smart-security-light",
        "sourceRecordId": "LE0133",
        "sourceUpdatedAt": null,
        "collectedAt": "2026-09-13T15:06:54.013Z"
      }
    },
    {
      "type": "Feature",
      "id": "gwangjin:security_light:LE0135",
      "geometry": {
        "type": "Point",
        "coordinates": [
          127.0681849,
          37.54267224
        ]
      },
      "properties": {
        "id": "gwangjin:security_light:LE0135",
        "type": "security_light",
        "name": "스마트보안등 LE0135",
        "address": null,
        "purpose": null,
        "managingAgency": "서울특별시 광진구",
        "sourceDatasetId": "gwangjin-smart-security-light",
        "sourceRecordId": "LE0135",
        "sourceUpdatedAt": null,
        "collectedAt": "2026-09-13T15:06:54.013Z"
      }
    },
    {
      "type": "Feature",
      "id": "gwangjin:security_light:LE0139",
      "geometry": {
        "type": "Point",
        "coordinates": [
          127.0661548,
          37.54336074
        ]
      },
      "properties": {
        "id": "gwangjin:security_light:LE0139",
        "type": "security_light",
        "name": "스마트보안등 LE0139",
        "address": null,
        "purpose": null,
        "managingAgency": "서울특별시 광진구",
        "sourceDatasetId": "gwangjin-smart-security-light",
        "sourceRecordId": "LE0139",
        "sourceUpdatedAt": null,
        "collectedAt": "2026-09-13T15:06:54.013Z"
      }
    },
    {
      "type": "Feature",
      "id": "gwangjin:security_light:LE0142",
      "geometry": {
        "type": "Point",
        "coordinates": [
          127.0669652,
          37.54474914
        ]
      },
      "properties": {
        "id": "gwangjin:security_light:LE0142",
        "type": "security_light",
        "name": "스마트보안등 LE0142",
        "address": null,
        "purpose": null,
        "managingAgency": "서울특별시 광진구",
        "sourceDatasetId": "gwangjin-smart-security-light",
        "sourceRecordId": "LE0142",
        "sourceUpdatedAt": null,
        "collectedAt": "2026-09-13T15:06:54.013Z"
      }
    },
    {
      "type": "Feature",
      "id": "gwangjin:security_light:LE0144",
      "geometry": {
        "type": "Point",
        "coordinates": [
          127.0651486,
          37.53843521
        ]
      },
      "properties": {
        "id": "gwangjin:security_light:LE0144",
        "type": "security_light",
        "name": "스마트보안등 LE0144",
        "address": null,
        "purpose": null,
        "managingAgency": "서울특별시 광진구",
        "sourceDatasetId": "gwangjin-smart-security-light",
        "sourceRecordId": "LE0144",
        "sourceUpdatedAt": null,
        "collectedAt": "2026-09-13T15:06:54.013Z"
      }
    },
    {
      "type": "Feature",
      "id": "gwangjin:security_light:LE0149",
      "geometry": {
        "type": "Point",
        "coordinates": [
          127.0638276,
          37.53988221
        ]
      },
      "properties": {
        "id": "gwangjin:security_light:LE0149",
        "type": "security_light",
        "name": "스마트보안등 LE0149",
        "address": null,
        "purpose": null,
        "managingAgency": "서울특별시 광진구",
        "sourceDatasetId": "gwangjin-smart-security-light",
        "sourceRecordId": "LE0149",
        "sourceUpdatedAt": null,
        "collectedAt": "2026-09-13T15:06:54.013Z"
      }
    },
    {
      "type": "Feature",
      "id": "gwangjin:security_light:LE0150",
      "geometry": {
        "type": "Point",
        "coordinates": [
          127.0643866,
          37.53956621
        ]
      },
      "properties": {
        "id": "gwangjin:security_light:LE0150",
        "type": "security_light",
        "name": "스마트보안등 LE0150",
        "address": null,
        "purpose": null,
        "managingAgency": "서울특별시 광진구",
        "sourceDatasetId": "gwangjin-smart-security-light",
        "sourceRecordId": "LE0150",
        "sourceUpdatedAt": null,
        "collectedAt": "2026-09-13T15:06:54.013Z"
      }
    },
    {
      "type": "Feature",
      "id": "gwangjin:security_light:LE1030",
      "geometry": {
        "type": "Point",
        "coordinates": [
          127.0630716,
          37.53942121
        ]
      },
      "properties": {
        "id": "gwangjin:security_light:LE1030",
        "type": "security_light",
        "name": "스마트보안등 LE1030",
        "address": null,
        "purpose": null,
        "managingAgency": "서울특별시 광진구",
        "sourceDatasetId": "gwangjin-smart-security-light",
        "sourceRecordId": "LE1030",
        "sourceUpdatedAt": null,
        "collectedAt": "2026-09-13T15:06:54.013Z"
      }
    },
    {
      "type": "Feature",
      "id": "gwangjin:security_light:LE1229",
      "geometry": {
        "type": "Point",
        "coordinates": [
          127.0665013,
          37.54519634
        ]
      },
      "properties": {
        "id": "gwangjin:security_light:LE1229",
        "type": "security_light",
        "name": "스마트보안등 LE1229",
        "address": null,
        "purpose": null,
        "managingAgency": "서울특별시 광진구",
        "sourceDatasetId": "gwangjin-smart-security-light",
        "sourceRecordId": "LE1229",
        "sourceUpdatedAt": null,
        "collectedAt": "2026-09-13T15:06:54.013Z"
      }
    },
    {
      "type": "Feature",
      "id": "gwangjin:security_light:LE1291",
      "geometry": {
        "type": "Point",
        "coordinates": [
          127.0683209,
          37.54264524
        ]
      },
      "properties": {
        "id": "gwangjin:security_light:LE1291",
        "type": "security_light",
        "name": "스마트보안등 LE1291",
        "address": null,
        "purpose": null,
        "managingAgency": "서울특별시 광진구",
        "sourceDatasetId": "gwangjin-smart-security-light",
        "sourceRecordId": "LE1291",
        "sourceUpdatedAt": null,
        "collectedAt": "2026-09-13T15:06:54.013Z"
      }
    },
    {
      "type": "Feature",
      "id": "gwangjin:security_light:LE1601",
      "geometry": {
        "type": "Point",
        "coordinates": [
          127.0630356,
          37.53958021
        ]
      },
      "properties": {
        "id": "gwangjin:security_light:LE1601",
        "type": "security_light",
        "name": "스마트보안등 LE1601",
        "address": null,
        "purpose": null,
        "managingAgency": "서울특별시 광진구",
        "sourceDatasetId": "gwangjin-smart-security-light",
        "sourceRecordId": "LE1601",
        "sourceUpdatedAt": null,
        "collectedAt": "2026-09-13T15:06:54.013Z"
      }
    },
    {
      "type": "Feature",
      "id": "gwangjin:security_light:LE1603",
      "geometry": {
        "type": "Point",
        "coordinates": [
          127.0634096,
          37.53968321
        ]
      },
      "properties": {
        "id": "gwangjin:security_light:LE1603",
        "type": "security_light",
        "name": "스마트보안등 LE1603",
        "address": null,
        "purpose": null,
        "managingAgency": "서울특별시 광진구",
        "sourceDatasetId": "gwangjin-smart-security-light",
        "sourceRecordId": "LE1603",
        "sourceUpdatedAt": null,
        "collectedAt": "2026-09-13T15:06:54.013Z"
      }
    },
    {
      "type": "Feature",
      "id": "gwangjin:security_light:LE1608",
      "geometry": {
        "type": "Point",
        "coordinates": [
          127.0656806,
          37.54293521
        ]
      },
      "properties": {
        "id": "gwangjin:security_light:LE1608",
        "type": "security_light",
        "name": "스마트보안등 LE1608",
        "address": null,
        "purpose": null,
        "managingAgency": "서울특별시 광진구",
        "sourceDatasetId": "gwangjin-smart-security-light",
        "sourceRecordId": "LE1608",
        "sourceUpdatedAt": null,
        "collectedAt": "2026-09-13T15:06:54.013Z"
      }
    },
    {
      "type": "Feature",
      "id": "gwangjin:security_light:LE1609",
      "geometry": {
        "type": "Point",
        "coordinates": [
          127.068173,
          37.54483474
        ]
      },
      "properties": {
        "id": "gwangjin:security_light:LE1609",
        "type": "security_light",
        "name": "스마트보안등 LE1609",
        "address": null,
        "purpose": null,
        "managingAgency": "서울특별시 광진구",
        "sourceDatasetId": "gwangjin-smart-security-light",
        "sourceRecordId": "LE1609",
        "sourceUpdatedAt": null,
        "collectedAt": "2026-09-13T15:06:54.013Z"
      }
    },
    {
      "type": "Feature",
      "id": "gwangjin:security_light:LE1611",
      "geometry": {
        "type": "Point",
        "coordinates": [
          127.0626206,
          37.53925621
        ]
      },
      "properties": {
        "id": "gwangjin:security_light:LE1611",
        "type": "security_light",
        "name": "스마트보안등 LE1611",
        "address": null,
        "purpose": null,
        "managingAgency": "서울특별시 광진구",
        "sourceDatasetId": "gwangjin-smart-security-light",
        "sourceRecordId": "LE1611",
        "sourceUpdatedAt": null,
        "collectedAt": "2026-09-13T15:06:54.013Z"
      }
    },
    {
      "type": "Feature",
      "id": "gwangjin:security_light:LE1653",
      "geometry": {
        "type": "Point",
        "coordinates": [
          127.0823296,
          37.54376321
        ]
      },
      "properties": {
        "id": "gwangjin:security_light:LE1653",
        "type": "security_light",
        "name": "스마트보안등 LE1653",
        "address": null,
        "purpose": null,
        "managingAgency": "서울특별시 광진구",
        "sourceDatasetId": "gwangjin-smart-security-light",
        "sourceRecordId": "LE1653",
        "sourceUpdatedAt": null,
        "collectedAt": "2026-09-13T15:06:54.013Z"
      }
    },
    {
      "type": "Feature",
      "id": "gwangjin:security_light:LE1656",
      "geometry": {
        "type": "Point",
        "coordinates": [
          127.0691556,
          37.54555021
        ]
      },
      "properties": {
        "id": "gwangjin:security_light:LE1656",
        "type": "security_light",
        "name": "스마트보안등 LE1656",
        "address": null,
        "purpose": null,
        "managingAgency": "서울특별시 광진구",
        "sourceDatasetId": "gwangjin-smart-security-light",
        "sourceRecordId": "LE1656",
        "sourceUpdatedAt": null,
        "collectedAt": "2026-09-13T15:06:54.013Z"
      }
    },
    {
      "type": "Feature",
      "id": "gwangjin:security_light:LE1657",
      "geometry": {
        "type": "Point",
        "coordinates": [
          127.0833966,
          37.54360321
        ]
      },
      "properties": {
        "id": "gwangjin:security_light:LE1657",
        "type": "security_light",
        "name": "스마트보안등 LE1657",
        "address": null,
        "purpose": null,
        "managingAgency": "서울특별시 광진구",
        "sourceDatasetId": "gwangjin-smart-security-light",
        "sourceRecordId": "LE1657",
        "sourceUpdatedAt": null,
        "collectedAt": "2026-09-13T15:06:54.013Z"
      }
    },
    {
      "type": "Feature",
      "id": "gwangjin:security_light:LE1677",
      "geometry": {
        "type": "Point",
        "coordinates": [
          127.0828156,
          37.54426421
        ]
      },
      "properties": {
        "id": "gwangjin:security_light:LE1677",
        "type": "security_light",
        "name": "스마트보안등 LE1677",
        "address": null,
        "purpose": null,
        "managingAgency": "서울특별시 광진구",
        "sourceDatasetId": "gwangjin-smart-security-light",
        "sourceRecordId": "LE1677",
        "sourceUpdatedAt": null,
        "collectedAt": "2026-09-13T15:06:54.013Z"
      }
    },
    {
      "type": "Feature",
      "id": "gwangjin:security_light:LE1679",
      "geometry": {
        "type": "Point",
        "coordinates": [
          127.0819356,
          37.54305721
        ]
      },
      "properties": {
        "id": "gwangjin:security_light:LE1679",
        "type": "security_light",
        "name": "스마트보안등 LE1679",
        "address": null,
        "purpose": null,
        "managingAgency": "서울특별시 광진구",
        "sourceDatasetId": "gwangjin-smart-security-light",
        "sourceRecordId": "LE1679",
        "sourceUpdatedAt": null,
        "collectedAt": "2026-09-13T15:06:54.013Z"
      }
    },
    {
      "type": "Feature",
      "id": "gwangjin:security_light:LE1999",
      "geometry": {
        "type": "Point",
        "coordinates": [
          127.0689936,
          37.54567521
        ]
      },
      "properties": {
        "id": "gwangjin:security_light:LE1999",
        "type": "security_light",
        "name": "스마트보안등 LE1999",
        "address": null,
        "purpose": null,
        "managingAgency": "서울특별시 광진구",
        "sourceDatasetId": "gwangjin-smart-security-light",
        "sourceRecordId": "LE1999",
        "sourceUpdatedAt": null,
        "collectedAt": "2026-09-13T15:06:54.013Z"
      }
    },
    {
      "type": "Feature",
      "id": "gwangjin:security_light:LE2001",
      "geometry": {
        "type": "Point",
        "coordinates": [
          127.0816916,
          37.54282921
        ]
      },
      "properties": {
        "id": "gwangjin:security_light:LE2001",
        "type": "security_light",
        "name": "스마트보안등 LE2001",
        "address": null,
        "purpose": null,
        "managingAgency": "서울특별시 광진구",
        "sourceDatasetId": "gwangjin-smart-security-light",
        "sourceRecordId": "LE2001",
        "sourceUpdatedAt": null,
        "collectedAt": "2026-09-13T15:06:54.013Z"
      }
    },
    {
      "type": "Feature",
      "id": "gwangjin:security_light:LE2003",
      "geometry": {
        "type": "Point",
        "coordinates": [
          127.0688916,
          37.54674221
        ]
      },
      "properties": {
        "id": "gwangjin:security_light:LE2003",
        "type": "security_light",
        "name": "스마트보안등 LE2003",
        "address": null,
        "purpose": null,
        "managingAgency": "서울특별시 광진구",
        "sourceDatasetId": "gwangjin-smart-security-light",
        "sourceRecordId": "LE2003",
        "sourceUpdatedAt": null,
        "collectedAt": "2026-09-13T15:06:54.013Z"
      }
    },
    {
      "type": "Feature",
      "id": "gwangjin:security_light:LE2007",
      "geometry": {
        "type": "Point",
        "coordinates": [
          127.0694316,
          37.54619221
        ]
      },
      "properties": {
        "id": "gwangjin:security_light:LE2007",
        "type": "security_light",
        "name": "스마트보안등 LE2007",
        "address": null,
        "purpose": null,
        "managingAgency": "서울특별시 광진구",
        "sourceDatasetId": "gwangjin-smart-security-light",
        "sourceRecordId": "LE2007",
        "sourceUpdatedAt": null,
        "collectedAt": "2026-09-13T15:06:54.013Z"
      }
    },
    {
      "type": "Feature",
      "id": "gwangjin:security_light:LE2008",
      "geometry": {
        "type": "Point",
        "coordinates": [
          127.0824766,
          37.54388921
        ]
      },
      "properties": {
        "id": "gwangjin:security_light:LE2008",
        "type": "security_light",
        "name": "스마트보안등 LE2008",
        "address": null,
        "purpose": null,
        "managingAgency": "서울특별시 광진구",
        "sourceDatasetId": "gwangjin-smart-security-light",
        "sourceRecordId": "LE2008",
        "sourceUpdatedAt": null,
        "collectedAt": "2026-09-13T15:06:54.013Z"
      }
    },
    {
      "type": "Feature",
      "id": "gwangjin:security_light:LE2015",
      "geometry": {
        "type": "Point",
        "coordinates": [
          127.0834606,
          37.54374721
        ]
      },
      "properties": {
        "id": "gwangjin:security_light:LE2015",
        "type": "security_light",
        "name": "스마트보안등 LE2015",
        "address": null,
        "purpose": null,
        "managingAgency": "서울특별시 광진구",
        "sourceDatasetId": "gwangjin-smart-security-light",
        "sourceRecordId": "LE2015",
        "sourceUpdatedAt": null,
        "collectedAt": "2026-09-13T15:06:54.013Z"
      }
    },
    {
      "type": "Feature",
      "id": "gwangjin:security_light:LE2018",
      "geometry": {
        "type": "Point",
        "coordinates": [
          127.0817506,
          37.54330421
        ]
      },
      "properties": {
        "id": "gwangjin:security_light:LE2018",
        "type": "security_light",
        "name": "스마트보안등 LE2018",
        "address": null,
        "purpose": null,
        "managingAgency": "서울특별시 광진구",
        "sourceDatasetId": "gwangjin-smart-security-light",
        "sourceRecordId": "LE2018",
        "sourceUpdatedAt": null,
        "collectedAt": "2026-09-13T15:06:54.013Z"
      }
    },
    {
      "type": "Feature",
      "id": "gwangjin:security_light:LE2020",
      "geometry": {
        "type": "Point",
        "coordinates": [
          127.0692556,
          37.54588521
        ]
      },
      "properties": {
        "id": "gwangjin:security_light:LE2020",
        "type": "security_light",
        "name": "스마트보안등 LE2020",
        "address": null,
        "purpose": null,
        "managingAgency": "서울특별시 광진구",
        "sourceDatasetId": "gwangjin-smart-security-light",
        "sourceRecordId": "LE2020",
        "sourceUpdatedAt": null,
        "collectedAt": "2026-09-13T15:06:54.013Z"
      }
    },
    {
      "type": "Feature",
      "id": "gwangjin:security_light:LE2023",
      "geometry": {
        "type": "Point",
        "coordinates": [
          127.0708426,
          37.54685721
        ]
      },
      "properties": {
        "id": "gwangjin:security_light:LE2023",
        "type": "security_light",
        "name": "스마트보안등 LE2023",
        "address": null,
        "purpose": null,
        "managingAgency": "서울특별시 광진구",
        "sourceDatasetId": "gwangjin-smart-security-light",
        "sourceRecordId": "LE2023",
        "sourceUpdatedAt": null,
        "collectedAt": "2026-09-13T15:06:54.013Z"
      }
    },
    {
      "type": "Feature",
      "id": "gwangjin:security_light:LE2036",
      "geometry": {
        "type": "Point",
        "coordinates": [
          127.0690236,
          37.54670521
        ]
      },
      "properties": {
        "id": "gwangjin:security_light:LE2036",
        "type": "security_light",
        "name": "스마트보안등 LE2036",
        "address": null,
        "purpose": null,
        "managingAgency": "서울특별시 광진구",
        "sourceDatasetId": "gwangjin-smart-security-light",
        "sourceRecordId": "LE2036",
        "sourceUpdatedAt": null,
        "collectedAt": "2026-09-13T15:06:54.013Z"
      }
    },
    {
      "type": "Feature",
      "id": "gwangjin:security_light:LE2115",
      "geometry": {
        "type": "Point",
        "coordinates": [
          127.0692746,
          37.54598421
        ]
      },
      "properties": {
        "id": "gwangjin:security_light:LE2115",
        "type": "security_light",
        "name": "스마트보안등 LE2115",
        "address": null,
        "purpose": null,
        "managingAgency": "서울특별시 광진구",
        "sourceDatasetId": "gwangjin-smart-security-light",
        "sourceRecordId": "LE2115",
        "sourceUpdatedAt": null,
        "collectedAt": "2026-09-13T15:06:54.013Z"
      }
    },
    {
      "type": "Feature",
      "id": "gwangjin:security_light:LE2157",
      "geometry": {
        "type": "Point",
        "coordinates": [
          127.0696886,
          37.54990221
        ]
      },
      "properties": {
        "id": "gwangjin:security_light:LE2157",
        "type": "security_light",
        "name": "스마트보안등 LE2157",
        "address": null,
        "purpose": null,
        "managingAgency": "서울특별시 광진구",
        "sourceDatasetId": "gwangjin-smart-security-light",
        "sourceRecordId": "LE2157",
        "sourceUpdatedAt": null,
        "collectedAt": "2026-09-13T15:06:54.013Z"
      }
    },
    {
      "type": "Feature",
      "id": "gwangjin:security_light:LE2198",
      "geometry": {
        "type": "Point",
        "coordinates": [
          127.0702006,
          37.54693221
        ]
      },
      "properties": {
        "id": "gwangjin:security_light:LE2198",
        "type": "security_light",
        "name": "스마트보안등 LE2198",
        "address": null,
        "purpose": null,
        "managingAgency": "서울특별시 광진구",
        "sourceDatasetId": "gwangjin-smart-security-light",
        "sourceRecordId": "LE2198",
        "sourceUpdatedAt": null,
        "collectedAt": "2026-09-13T15:06:54.013Z"
      }
    },
    {
      "type": "Feature",
      "id": "gwangjin:security_light:LE2217",
      "geometry": {
        "type": "Point",
        "coordinates": [
          127.0830216,
          37.54289921
        ]
      },
      "properties": {
        "id": "gwangjin:security_light:LE2217",
        "type": "security_light",
        "name": "스마트보안등 LE2217",
        "address": null,
        "purpose": null,
        "managingAgency": "서울특별시 광진구",
        "sourceDatasetId": "gwangjin-smart-security-light",
        "sourceRecordId": "LE2217",
        "sourceUpdatedAt": null,
        "collectedAt": "2026-09-13T15:06:54.013Z"
      }
    },
    {
      "type": "Feature",
      "id": "gwangjin:security_light:LE2219",
      "geometry": {
        "type": "Point",
        "coordinates": [
          127.0682466,
          37.54767521
        ]
      },
      "properties": {
        "id": "gwangjin:security_light:LE2219",
        "type": "security_light",
        "name": "스마트보안등 LE2219",
        "address": null,
        "purpose": null,
        "managingAgency": "서울특별시 광진구",
        "sourceDatasetId": "gwangjin-smart-security-light",
        "sourceRecordId": "LE2219",
        "sourceUpdatedAt": null,
        "collectedAt": "2026-09-13T15:06:54.013Z"
      }
    },
    {
      "type": "Feature",
      "id": "gwangjin:security_light:LE2223",
      "geometry": {
        "type": "Point",
        "coordinates": [
          127.0684976,
          37.54682021
        ]
      },
      "properties": {
        "id": "gwangjin:security_light:LE2223",
        "type": "security_light",
        "name": "스마트보안등 LE2223",
        "address": null,
        "purpose": null,
        "managingAgency": "서울특별시 광진구",
        "sourceDatasetId": "gwangjin-smart-security-light",
        "sourceRecordId": "LE2223",
        "sourceUpdatedAt": null,
        "collectedAt": "2026-09-13T15:06:54.013Z"
      }
    },
    {
      "type": "Feature",
      "id": "gwangjin:security_light:LE2225",
      "geometry": {
        "type": "Point",
        "coordinates": [
          127.0701476,
          37.54668321
        ]
      },
      "properties": {
        "id": "gwangjin:security_light:LE2225",
        "type": "security_light",
        "name": "스마트보안등 LE2225",
        "address": null,
        "purpose": null,
        "managingAgency": "서울특별시 광진구",
        "sourceDatasetId": "gwangjin-smart-security-light",
        "sourceRecordId": "LE2225",
        "sourceUpdatedAt": null,
        "collectedAt": "2026-09-13T15:06:54.013Z"
      }
    },
    {
      "type": "Feature",
      "id": "gwangjin:security_light:LE2226",
      "geometry": {
        "type": "Point",
        "coordinates": [
          127.0696996,
          37.54624221
        ]
      },
      "properties": {
        "id": "gwangjin:security_light:LE2226",
        "type": "security_light",
        "name": "스마트보안등 LE2226",
        "address": null,
        "purpose": null,
        "managingAgency": "서울특별시 광진구",
        "sourceDatasetId": "gwangjin-smart-security-light",
        "sourceRecordId": "LE2226",
        "sourceUpdatedAt": null,
        "collectedAt": "2026-09-13T15:06:54.013Z"
      }
    },
    {
      "type": "Feature",
      "id": "gwangjin:security_light:LE2229",
      "geometry": {
        "type": "Point",
        "coordinates": [
          127.0695246,
          37.54610021
        ]
      },
      "properties": {
        "id": "gwangjin:security_light:LE2229",
        "type": "security_light",
        "name": "스마트보안등 LE2229",
        "address": null,
        "purpose": null,
        "managingAgency": "서울특별시 광진구",
        "sourceDatasetId": "gwangjin-smart-security-light",
        "sourceRecordId": "LE2229",
        "sourceUpdatedAt": null,
        "collectedAt": "2026-09-13T15:06:54.013Z"
      }
    },
    {
      "type": "Feature",
      "id": "gwangjin:security_light:LE2233",
      "geometry": {
        "type": "Point",
        "coordinates": [
          127.0670356,
          37.54684221
        ]
      },
      "properties": {
        "id": "gwangjin:security_light:LE2233",
        "type": "security_light",
        "name": "스마트보안등 LE2233",
        "address": null,
        "purpose": null,
        "managingAgency": "서울특별시 광진구",
        "sourceDatasetId": "gwangjin-smart-security-light",
        "sourceRecordId": "LE2233",
        "sourceUpdatedAt": null,
        "collectedAt": "2026-09-13T15:06:54.013Z"
      }
    },
    {
      "type": "Feature",
      "id": "gwangjin:security_light:LE2303",
      "geometry": {
        "type": "Point",
        "coordinates": [
          127.0692316,
          37.54972221
        ]
      },
      "properties": {
        "id": "gwangjin:security_light:LE2303",
        "type": "security_light",
        "name": "스마트보안등 LE2303",
        "address": null,
        "purpose": null,
        "managingAgency": "서울특별시 광진구",
        "sourceDatasetId": "gwangjin-smart-security-light",
        "sourceRecordId": "LE2303",
        "sourceUpdatedAt": null,
        "collectedAt": "2026-09-13T15:06:54.013Z"
      }
    },
    {
      "type": "Feature",
      "id": "gwangjin:security_light:LE2564",
      "geometry": {
        "type": "Point",
        "coordinates": [
          127.0820436,
          37.54320921
        ]
      },
      "properties": {
        "id": "gwangjin:security_light:LE2564",
        "type": "security_light",
        "name": "스마트보안등 LE2564",
        "address": null,
        "purpose": null,
        "managingAgency": "서울특별시 광진구",
        "sourceDatasetId": "gwangjin-smart-security-light",
        "sourceRecordId": "LE2564",
        "sourceUpdatedAt": null,
        "collectedAt": "2026-09-13T15:06:54.013Z"
      }
    },
    {
      "type": "Feature",
      "id": "gwangjin:security_light:LE2665",
      "geometry": {
        "type": "Point",
        "coordinates": [
          127.0821496,
          37.54402321
        ]
      },
      "properties": {
        "id": "gwangjin:security_light:LE2665",
        "type": "security_light",
        "name": "스마트보안등 LE2665",
        "address": null,
        "purpose": null,
        "managingAgency": "서울특별시 광진구",
        "sourceDatasetId": "gwangjin-smart-security-light",
        "sourceRecordId": "LE2665",
        "sourceUpdatedAt": null,
        "collectedAt": "2026-09-13T15:06:54.013Z"
      }
    },
    {
      "type": "Feature",
      "id": "gwangjin:security_light:LE2672",
      "geometry": {
        "type": "Point",
        "coordinates": [
          127.0816016,
          37.54287721
        ]
      },
      "properties": {
        "id": "gwangjin:security_light:LE2672",
        "type": "security_light",
        "name": "스마트보안등 LE2672",
        "address": null,
        "purpose": null,
        "managingAgency": "서울특별시 광진구",
        "sourceDatasetId": "gwangjin-smart-security-light",
        "sourceRecordId": "LE2672",
        "sourceUpdatedAt": null,
        "collectedAt": "2026-09-13T15:06:54.013Z"
      }
    },
    {
      "type": "Feature",
      "id": "gwangjin:security_light:LE2676",
      "geometry": {
        "type": "Point",
        "coordinates": [
          127.0705536,
          37.54712621
        ]
      },
      "properties": {
        "id": "gwangjin:security_light:LE2676",
        "type": "security_light",
        "name": "스마트보안등 LE2676",
        "address": null,
        "purpose": null,
        "managingAgency": "서울특별시 광진구",
        "sourceDatasetId": "gwangjin-smart-security-light",
        "sourceRecordId": "LE2676",
        "sourceUpdatedAt": null,
        "collectedAt": "2026-09-13T15:06:54.013Z"
      }
    },
    {
      "type": "Feature",
      "id": "gwangjin:security_light:LE2681",
      "geometry": {
        "type": "Point",
        "coordinates": [
          127.0815786,
          37.54265221
        ]
      },
      "properties": {
        "id": "gwangjin:security_light:LE2681",
        "type": "security_light",
        "name": "스마트보안등 LE2681",
        "address": null,
        "purpose": null,
        "managingAgency": "서울특별시 광진구",
        "sourceDatasetId": "gwangjin-smart-security-light",
        "sourceRecordId": "LE2681",
        "sourceUpdatedAt": null,
        "collectedAt": "2026-09-13T15:06:54.013Z"
      }
    },
    {
      "type": "Feature",
      "id": "gwangjin:security_light:LE2893",
      "geometry": {
        "type": "Point",
        "coordinates": [
          127.0648396,
          37.53880721
        ]
      },
      "properties": {
        "id": "gwangjin:security_light:LE2893",
        "type": "security_light",
        "name": "스마트보안등 LE2893",
        "address": null,
        "purpose": null,
        "managingAgency": "서울특별시 광진구",
        "sourceDatasetId": "gwangjin-smart-security-light",
        "sourceRecordId": "LE2893",
        "sourceUpdatedAt": null,
        "collectedAt": "2026-09-13T15:06:54.013Z"
      }
    },
    {
      "type": "Feature",
      "id": "gwangjin:security_light:LE2917",
      "geometry": {
        "type": "Point",
        "coordinates": [
          127.0653526,
          37.53726421
        ]
      },
      "properties": {
        "id": "gwangjin:security_light:LE2917",
        "type": "security_light",
        "name": "스마트보안등 LE2917",
        "address": null,
        "purpose": null,
        "managingAgency": "서울특별시 광진구",
        "sourceDatasetId": "gwangjin-smart-security-light",
        "sourceRecordId": "LE2917",
        "sourceUpdatedAt": null,
        "collectedAt": "2026-09-13T15:06:54.013Z"
      }
    },
    {
      "type": "Feature",
      "id": "gwangjin:security_light:LE2923",
      "geometry": {
        "type": "Point",
        "coordinates": [
          127.0655096,
          37.53908621
        ]
      },
      "properties": {
        "id": "gwangjin:security_light:LE2923",
        "type": "security_light",
        "name": "스마트보안등 LE2923",
        "address": null,
        "purpose": null,
        "managingAgency": "서울특별시 광진구",
        "sourceDatasetId": "gwangjin-smart-security-light",
        "sourceRecordId": "LE2923",
        "sourceUpdatedAt": null,
        "collectedAt": "2026-09-13T15:06:54.013Z"
      }
    },
    {
      "type": "Feature",
      "id": "gwangjin:security_light:LE2925",
      "geometry": {
        "type": "Point",
        "coordinates": [
          127.0657396,
          37.53839021
        ]
      },
      "properties": {
        "id": "gwangjin:security_light:LE2925",
        "type": "security_light",
        "name": "스마트보안등 LE2925",
        "address": null,
        "purpose": null,
        "managingAgency": "서울특별시 광진구",
        "sourceDatasetId": "gwangjin-smart-security-light",
        "sourceRecordId": "LE2925",
        "sourceUpdatedAt": null,
        "collectedAt": "2026-09-13T15:06:54.013Z"
      }
    },
    {
      "type": "Feature",
      "id": "gwangjin:security_light:LE2927",
      "geometry": {
        "type": "Point",
        "coordinates": [
          127.06550209,
          37.53897145
        ]
      },
      "properties": {
        "id": "gwangjin:security_light:LE2927",
        "type": "security_light",
        "name": "스마트보안등 LE2927",
        "address": null,
        "purpose": null,
        "managingAgency": "서울특별시 광진구",
        "sourceDatasetId": "gwangjin-smart-security-light",
        "sourceRecordId": "LE2927",
        "sourceUpdatedAt": null,
        "collectedAt": "2026-09-13T15:06:54.013Z"
      }
    },
    {
      "type": "Feature",
      "id": "gwangjin:security_light:LE4245",
      "geometry": {
        "type": "Point",
        "coordinates": [
          127.0692816,
          37.54760821
        ]
      },
      "properties": {
        "id": "gwangjin:security_light:LE4245",
        "type": "security_light",
        "name": "스마트보안등 LE4245",
        "address": null,
        "purpose": null,
        "managingAgency": "서울특별시 광진구",
        "sourceDatasetId": "gwangjin-smart-security-light",
        "sourceRecordId": "LE4245",
        "sourceUpdatedAt": null,
        "collectedAt": "2026-09-13T15:06:54.013Z"
      }
    },
    {
      "type": "Feature",
      "id": "gwangjin:security_light:LE4249",
      "geometry": {
        "type": "Point",
        "coordinates": [
          127.0691036,
          37.54685921
        ]
      },
      "properties": {
        "id": "gwangjin:security_light:LE4249",
        "type": "security_light",
        "name": "스마트보안등 LE4249",
        "address": null,
        "purpose": null,
        "managingAgency": "서울특별시 광진구",
        "sourceDatasetId": "gwangjin-smart-security-light",
        "sourceRecordId": "LE4249",
        "sourceUpdatedAt": null,
        "collectedAt": "2026-09-13T15:06:54.013Z"
      }
    },
    {
      "type": "Feature",
      "id": "gwangjin:security_light:LE4257",
      "geometry": {
        "type": "Point",
        "coordinates": [
          127.0707166,
          37.54959521
        ]
      },
      "properties": {
        "id": "gwangjin:security_light:LE4257",
        "type": "security_light",
        "name": "스마트보안등 LE4257",
        "address": null,
        "purpose": null,
        "managingAgency": "서울특별시 광진구",
        "sourceDatasetId": "gwangjin-smart-security-light",
        "sourceRecordId": "LE4257",
        "sourceUpdatedAt": null,
        "collectedAt": "2026-09-13T15:06:54.013Z"
      }
    },
    {
      "type": "Feature",
      "id": "gwangjin:security_light:LE4258",
      "geometry": {
        "type": "Point",
        "coordinates": [
          127.0699306,
          37.54954121
        ]
      },
      "properties": {
        "id": "gwangjin:security_light:LE4258",
        "type": "security_light",
        "name": "스마트보안등 LE4258",
        "address": null,
        "purpose": null,
        "managingAgency": "서울특별시 광진구",
        "sourceDatasetId": "gwangjin-smart-security-light",
        "sourceRecordId": "LE4258",
        "sourceUpdatedAt": null,
        "collectedAt": "2026-09-13T15:06:54.013Z"
      }
    },
    {
      "type": "Feature",
      "id": "gwangjin:security_light:LE4260",
      "geometry": {
        "type": "Point",
        "coordinates": [
          127.0689706,
          37.54787021
        ]
      },
      "properties": {
        "id": "gwangjin:security_light:LE4260",
        "type": "security_light",
        "name": "스마트보안등 LE4260",
        "address": null,
        "purpose": null,
        "managingAgency": "서울특별시 광진구",
        "sourceDatasetId": "gwangjin-smart-security-light",
        "sourceRecordId": "LE4260",
        "sourceUpdatedAt": null,
        "collectedAt": "2026-09-13T15:06:54.013Z"
      }
    },
    {
      "type": "Feature",
      "id": "gwangjin:security_light:LE4261",
      "geometry": {
        "type": "Point",
        "coordinates": [
          127.0699036,
          37.54936221
        ]
      },
      "properties": {
        "id": "gwangjin:security_light:LE4261",
        "type": "security_light",
        "name": "스마트보안등 LE4261",
        "address": null,
        "purpose": null,
        "managingAgency": "서울특별시 광진구",
        "sourceDatasetId": "gwangjin-smart-security-light",
        "sourceRecordId": "LE4261",
        "sourceUpdatedAt": null,
        "collectedAt": "2026-09-13T15:06:54.013Z"
      }
    },
    {
      "type": "Feature",
      "id": "gwangjin:security_light:LE4262",
      "geometry": {
        "type": "Point",
        "coordinates": [
          127.0697116,
          37.55001321
        ]
      },
      "properties": {
        "id": "gwangjin:security_light:LE4262",
        "type": "security_light",
        "name": "스마트보안등 LE4262",
        "address": null,
        "purpose": null,
        "managingAgency": "서울특별시 광진구",
        "sourceDatasetId": "gwangjin-smart-security-light",
        "sourceRecordId": "LE4262",
        "sourceUpdatedAt": null,
        "collectedAt": "2026-09-13T15:06:54.013Z"
      }
    },
    {
      "type": "Feature",
      "id": "gwangjin:security_light:LE4263",
      "geometry": {
        "type": "Point",
        "coordinates": [
          127.0699296,
          37.54914121
        ]
      },
      "properties": {
        "id": "gwangjin:security_light:LE4263",
        "type": "security_light",
        "name": "스마트보안등 LE4263",
        "address": null,
        "purpose": null,
        "managingAgency": "서울특별시 광진구",
        "sourceDatasetId": "gwangjin-smart-security-light",
        "sourceRecordId": "LE4263",
        "sourceUpdatedAt": null,
        "collectedAt": "2026-09-13T15:06:54.013Z"
      }
    },
    {
      "type": "Feature",
      "id": "gwangjin:security_light:LE4265",
      "geometry": {
        "type": "Point",
        "coordinates": [
          127.0695676,
          37.54714521
        ]
      },
      "properties": {
        "id": "gwangjin:security_light:LE4265",
        "type": "security_light",
        "name": "스마트보안등 LE4265",
        "address": null,
        "purpose": null,
        "managingAgency": "서울특별시 광진구",
        "sourceDatasetId": "gwangjin-smart-security-light",
        "sourceRecordId": "LE4265",
        "sourceUpdatedAt": null,
        "collectedAt": "2026-09-13T15:06:54.013Z"
      }
    },
    {
      "type": "Feature",
      "id": "gwangjin:security_light:LE4266",
      "geometry": {
        "type": "Point",
        "coordinates": [
          127.0689166,
          37.54748621
        ]
      },
      "properties": {
        "id": "gwangjin:security_light:LE4266",
        "type": "security_light",
        "name": "스마트보안등 LE4266",
        "address": null,
        "purpose": null,
        "managingAgency": "서울특별시 광진구",
        "sourceDatasetId": "gwangjin-smart-security-light",
        "sourceRecordId": "LE4266",
        "sourceUpdatedAt": null,
        "collectedAt": "2026-09-13T15:06:54.013Z"
      }
    },
    {
      "type": "Feature",
      "id": "gwangjin:security_light:LE4486",
      "geometry": {
        "type": "Point",
        "coordinates": [
          127.0714816,
          37.55059821
        ]
      },
      "properties": {
        "id": "gwangjin:security_light:LE4486",
        "type": "security_light",
        "name": "스마트보안등 LE4486",
        "address": null,
        "purpose": null,
        "managingAgency": "서울특별시 광진구",
        "sourceDatasetId": "gwangjin-smart-security-light",
        "sourceRecordId": "LE4486",
        "sourceUpdatedAt": null,
        "collectedAt": "2026-09-13T15:06:54.013Z"
      }
    },
    {
      "type": "Feature",
      "id": "gwangjin:security_light:LE4544",
      "geometry": {
        "type": "Point",
        "coordinates": [
          127.0684529,
          37.54616294
        ]
      },
      "properties": {
        "id": "gwangjin:security_light:LE4544",
        "type": "security_light",
        "name": "스마트보안등 LE4544",
        "address": null,
        "purpose": null,
        "managingAgency": "서울특별시 광진구",
        "sourceDatasetId": "gwangjin-smart-security-light",
        "sourceRecordId": "LE4544",
        "sourceUpdatedAt": null,
        "collectedAt": "2026-09-13T15:06:54.013Z"
      }
    },
    {
      "type": "Feature",
      "id": "gwangjin:security_light:LE4553",
      "geometry": {
        "type": "Point",
        "coordinates": [
          127.0712286,
          37.55054721
        ]
      },
      "properties": {
        "id": "gwangjin:security_light:LE4553",
        "type": "security_light",
        "name": "스마트보안등 LE4553",
        "address": null,
        "purpose": null,
        "managingAgency": "서울특별시 광진구",
        "sourceDatasetId": "gwangjin-smart-security-light",
        "sourceRecordId": "LE4553",
        "sourceUpdatedAt": null,
        "collectedAt": "2026-09-13T15:06:54.013Z"
      }
    },
    {
      "type": "Feature",
      "id": "gwangjin:security_light:LE4557",
      "geometry": {
        "type": "Point",
        "coordinates": [
          127.0716496,
          37.55082021
        ]
      },
      "properties": {
        "id": "gwangjin:security_light:LE4557",
        "type": "security_light",
        "name": "스마트보안등 LE4557",
        "address": null,
        "purpose": null,
        "managingAgency": "서울특별시 광진구",
        "sourceDatasetId": "gwangjin-smart-security-light",
        "sourceRecordId": "LE4557",
        "sourceUpdatedAt": null,
        "collectedAt": "2026-09-13T15:06:54.013Z"
      }
    },
    {
      "type": "Feature",
      "id": "gwangjin:security_light:LE4562",
      "geometry": {
        "type": "Point",
        "coordinates": [
          127.0702316,
          37.55037621
        ]
      },
      "properties": {
        "id": "gwangjin:security_light:LE4562",
        "type": "security_light",
        "name": "스마트보안등 LE4562",
        "address": null,
        "purpose": null,
        "managingAgency": "서울특별시 광진구",
        "sourceDatasetId": "gwangjin-smart-security-light",
        "sourceRecordId": "LE4562",
        "sourceUpdatedAt": null,
        "collectedAt": "2026-09-13T15:06:54.013Z"
      }
    },
    {
      "type": "Feature",
      "id": "gwangjin:security_light:LE4577",
      "geometry": {
        "type": "Point",
        "coordinates": [
          127.0814446,
          37.54318621
        ]
      },
      "properties": {
        "id": "gwangjin:security_light:LE4577",
        "type": "security_light",
        "name": "스마트보안등 LE4577",
        "address": null,
        "purpose": null,
        "managingAgency": "서울특별시 광진구",
        "sourceDatasetId": "gwangjin-smart-security-light",
        "sourceRecordId": "LE4577",
        "sourceUpdatedAt": null,
        "collectedAt": "2026-09-13T15:06:54.013Z"
      }
    },
    {
      "type": "Feature",
      "id": "gwangjin:security_light:LE4593",
      "geometry": {
        "type": "Point",
        "coordinates": [
          127.0826456,
          37.54458221
        ]
      },
      "properties": {
        "id": "gwangjin:security_light:LE4593",
        "type": "security_light",
        "name": "스마트보안등 LE4593",
        "address": null,
        "purpose": null,
        "managingAgency": "서울특별시 광진구",
        "sourceDatasetId": "gwangjin-smart-security-light",
        "sourceRecordId": "LE4593",
        "sourceUpdatedAt": null,
        "collectedAt": "2026-09-13T15:06:54.013Z"
      }
    },
    {
      "type": "Feature",
      "id": "gwangjin:security_light:LE4600",
      "geometry": {
        "type": "Point",
        "coordinates": [
          127.0826626,
          37.54462621
        ]
      },
      "properties": {
        "id": "gwangjin:security_light:LE4600",
        "type": "security_light",
        "name": "스마트보안등 LE4600",
        "address": null,
        "purpose": null,
        "managingAgency": "서울특별시 광진구",
        "sourceDatasetId": "gwangjin-smart-security-light",
        "sourceRecordId": "LE4600",
        "sourceUpdatedAt": null,
        "collectedAt": "2026-09-13T15:06:54.013Z"
      }
    },
    {
      "type": "Feature",
      "id": "gwangjin:security_light:LE8991",
      "geometry": {
        "type": "Point",
        "coordinates": [
          127.0709356,
          37.54394421
        ]
      },
      "properties": {
        "id": "gwangjin:security_light:LE8991",
        "type": "security_light",
        "name": "스마트보안등 LE8991",
        "address": null,
        "purpose": null,
        "managingAgency": "서울특별시 광진구",
        "sourceDatasetId": "gwangjin-smart-security-light",
        "sourceRecordId": "LE8991",
        "sourceUpdatedAt": null,
        "collectedAt": "2026-09-13T15:06:54.013Z"
      }
    },
    {
      "type": "Feature",
      "id": "gwangjin:security_light:LE8993",
      "geometry": {
        "type": "Point",
        "coordinates": [
          127.0712076,
          37.54365621
        ]
      },
      "properties": {
        "id": "gwangjin:security_light:LE8993",
        "type": "security_light",
        "name": "스마트보안등 LE8993",
        "address": null,
        "purpose": null,
        "managingAgency": "서울특별시 광진구",
        "sourceDatasetId": "gwangjin-smart-security-light",
        "sourceRecordId": "LE8993",
        "sourceUpdatedAt": null,
        "collectedAt": "2026-09-13T15:06:54.013Z"
      }
    },
    {
      "type": "Feature",
      "id": "gwangjin:security_light:LE9005",
      "geometry": {
        "type": "Point",
        "coordinates": [
          127.0712966,
          37.54356721
        ]
      },
      "properties": {
        "id": "gwangjin:security_light:LE9005",
        "type": "security_light",
        "name": "스마트보안등 LE9005",
        "address": null,
        "purpose": null,
        "managingAgency": "서울특별시 광진구",
        "sourceDatasetId": "gwangjin-smart-security-light",
        "sourceRecordId": "LE9005",
        "sourceUpdatedAt": null,
        "collectedAt": "2026-09-13T15:06:54.013Z"
      }
    },
    {
      "type": "Feature",
      "id": "gwangjin:security_light:LF3000",
      "geometry": {
        "type": "Point",
        "coordinates": [
          127.0718096,
          37.54430721
        ]
      },
      "properties": {
        "id": "gwangjin:security_light:LF3000",
        "type": "security_light",
        "name": "스마트보안등 LF3000",
        "address": null,
        "purpose": null,
        "managingAgency": "서울특별시 광진구",
        "sourceDatasetId": "gwangjin-smart-security-light",
        "sourceRecordId": "LF3000",
        "sourceUpdatedAt": null,
        "collectedAt": "2026-09-13T15:06:54.013Z"
      }
    },
    {
      "type": "Feature",
      "id": "gwangjin:security_light:LF3006",
      "geometry": {
        "type": "Point",
        "coordinates": [
          127.0714616,
          37.54378021
        ]
      },
      "properties": {
        "id": "gwangjin:security_light:LF3006",
        "type": "security_light",
        "name": "스마트보안등 LF3006",
        "address": null,
        "purpose": null,
        "managingAgency": "서울특별시 광진구",
        "sourceDatasetId": "gwangjin-smart-security-light",
        "sourceRecordId": "LF3006",
        "sourceUpdatedAt": null,
        "collectedAt": "2026-09-13T15:06:54.013Z"
      }
    },
    {
      "type": "Feature",
      "id": "gwangjin:security_light:LF3009",
      "geometry": {
        "type": "Point",
        "coordinates": [
          127.0715226,
          37.54403721
        ]
      },
      "properties": {
        "id": "gwangjin:security_light:LF3009",
        "type": "security_light",
        "name": "스마트보안등 LF3009",
        "address": null,
        "purpose": null,
        "managingAgency": "서울특별시 광진구",
        "sourceDatasetId": "gwangjin-smart-security-light",
        "sourceRecordId": "LF3009",
        "sourceUpdatedAt": null,
        "collectedAt": "2026-09-13T15:06:54.013Z"
      }
    },
    {
      "type": "Feature",
      "id": "gwangjin:security_light:LF3130",
      "geometry": {
        "type": "Point",
        "coordinates": [
          127.0709966,
          37.54684721
        ]
      },
      "properties": {
        "id": "gwangjin:security_light:LF3130",
        "type": "security_light",
        "name": "스마트보안등 LF3130",
        "address": null,
        "purpose": null,
        "managingAgency": "서울특별시 광진구",
        "sourceDatasetId": "gwangjin-smart-security-light",
        "sourceRecordId": "LF3130",
        "sourceUpdatedAt": null,
        "collectedAt": "2026-09-13T15:06:54.013Z"
      }
    },
    {
      "type": "Feature",
      "id": "gwangjin:security_light:LF3269",
      "geometry": {
        "type": "Point",
        "coordinates": [
          127.0699326,
          37.54462321
        ]
      },
      "properties": {
        "id": "gwangjin:security_light:LF3269",
        "type": "security_light",
        "name": "스마트보안등 LF3269",
        "address": null,
        "purpose": null,
        "managingAgency": "서울특별시 광진구",
        "sourceDatasetId": "gwangjin-smart-security-light",
        "sourceRecordId": "LF3269",
        "sourceUpdatedAt": null,
        "collectedAt": "2026-09-13T15:06:54.013Z"
      }
    },
    {
      "type": "Feature",
      "id": "gwangjin:security_light:LF3270",
      "geometry": {
        "type": "Point",
        "coordinates": [
          127.0717949,
          37.54575534
        ]
      },
      "properties": {
        "id": "gwangjin:security_light:LF3270",
        "type": "security_light",
        "name": "스마트보안등 LF3270",
        "address": null,
        "purpose": null,
        "managingAgency": "서울특별시 광진구",
        "sourceDatasetId": "gwangjin-smart-security-light",
        "sourceRecordId": "LF3270",
        "sourceUpdatedAt": null,
        "collectedAt": "2026-09-13T15:06:54.013Z"
      }
    },
    {
      "type": "Feature",
      "id": "gwangjin:security_light:LF3271",
      "geometry": {
        "type": "Point",
        "coordinates": [
          127.0715986,
          37.54627221
        ]
      },
      "properties": {
        "id": "gwangjin:security_light:LF3271",
        "type": "security_light",
        "name": "스마트보안등 LF3271",
        "address": null,
        "purpose": null,
        "managingAgency": "서울특별시 광진구",
        "sourceDatasetId": "gwangjin-smart-security-light",
        "sourceRecordId": "LF3271",
        "sourceUpdatedAt": null,
        "collectedAt": "2026-09-13T15:06:54.013Z"
      }
    },
    {
      "type": "Feature",
      "id": "gwangjin:security_light:LF3273",
      "geometry": {
        "type": "Point",
        "coordinates": [
          127.0703896,
          37.54453021
        ]
      },
      "properties": {
        "id": "gwangjin:security_light:LF3273",
        "type": "security_light",
        "name": "스마트보안등 LF3273",
        "address": null,
        "purpose": null,
        "managingAgency": "서울특별시 광진구",
        "sourceDatasetId": "gwangjin-smart-security-light",
        "sourceRecordId": "LF3273",
        "sourceUpdatedAt": null,
        "collectedAt": "2026-09-13T15:06:54.013Z"
      }
    },
    {
      "type": "Feature",
      "id": "gwangjin:security_light:LF3275",
      "geometry": {
        "type": "Point",
        "coordinates": [
          127.0711636,
          37.54498321
        ]
      },
      "properties": {
        "id": "gwangjin:security_light:LF3275",
        "type": "security_light",
        "name": "스마트보안등 LF3275",
        "address": null,
        "purpose": null,
        "managingAgency": "서울특별시 광진구",
        "sourceDatasetId": "gwangjin-smart-security-light",
        "sourceRecordId": "LF3275",
        "sourceUpdatedAt": null,
        "collectedAt": "2026-09-13T15:06:54.013Z"
      }
    },
    {
      "type": "Feature",
      "id": "gwangjin:security_light:LF3283",
      "geometry": {
        "type": "Point",
        "coordinates": [
          127.0711046,
          37.54523321
        ]
      },
      "properties": {
        "id": "gwangjin:security_light:LF3283",
        "type": "security_light",
        "name": "스마트보안등 LF3283",
        "address": null,
        "purpose": null,
        "managingAgency": "서울특별시 광진구",
        "sourceDatasetId": "gwangjin-smart-security-light",
        "sourceRecordId": "LF3283",
        "sourceUpdatedAt": null,
        "collectedAt": "2026-09-13T15:06:54.013Z"
      }
    },
    {
      "type": "Feature",
      "id": "gwangjin:security_light:LF3284",
      "geometry": {
        "type": "Point",
        "coordinates": [
          127.071286,
          37.54560054
        ]
      },
      "properties": {
        "id": "gwangjin:security_light:LF3284",
        "type": "security_light",
        "name": "스마트보안등 LF3284",
        "address": null,
        "purpose": null,
        "managingAgency": "서울특별시 광진구",
        "sourceDatasetId": "gwangjin-smart-security-light",
        "sourceRecordId": "LF3284",
        "sourceUpdatedAt": null,
        "collectedAt": "2026-09-13T15:06:54.013Z"
      }
    },
    {
      "type": "Feature",
      "id": "gwangjin:security_light:LF3285",
      "geometry": {
        "type": "Point",
        "coordinates": [
          127.0720056,
          37.54559321
        ]
      },
      "properties": {
        "id": "gwangjin:security_light:LF3285",
        "type": "security_light",
        "name": "스마트보안등 LF3285",
        "address": null,
        "purpose": null,
        "managingAgency": "서울특별시 광진구",
        "sourceDatasetId": "gwangjin-smart-security-light",
        "sourceRecordId": "LF3285",
        "sourceUpdatedAt": null,
        "collectedAt": "2026-09-13T15:06:54.013Z"
      }
    },
    {
      "type": "Feature",
      "id": "gwangjin:security_light:LF3286",
      "geometry": {
        "type": "Point",
        "coordinates": [
          127.0713536,
          37.54558421
        ]
      },
      "properties": {
        "id": "gwangjin:security_light:LF3286",
        "type": "security_light",
        "name": "스마트보안등 LF3286",
        "address": null,
        "purpose": null,
        "managingAgency": "서울특별시 광진구",
        "sourceDatasetId": "gwangjin-smart-security-light",
        "sourceRecordId": "LF3286",
        "sourceUpdatedAt": null,
        "collectedAt": "2026-09-13T15:06:54.013Z"
      }
    },
    {
      "type": "Feature",
      "id": "gwangjin:security_light:LF3288",
      "geometry": {
        "type": "Point",
        "coordinates": [
          127.0708636,
          37.54480621
        ]
      },
      "properties": {
        "id": "gwangjin:security_light:LF3288",
        "type": "security_light",
        "name": "스마트보안등 LF3288",
        "address": null,
        "purpose": null,
        "managingAgency": "서울특별시 광진구",
        "sourceDatasetId": "gwangjin-smart-security-light",
        "sourceRecordId": "LF3288",
        "sourceUpdatedAt": null,
        "collectedAt": "2026-09-13T15:06:54.013Z"
      }
    },
    {
      "type": "Feature",
      "id": "gwangjin:security_light:LF3296",
      "geometry": {
        "type": "Point",
        "coordinates": [
          127.0718646,
          37.54583721
        ]
      },
      "properties": {
        "id": "gwangjin:security_light:LF3296",
        "type": "security_light",
        "name": "스마트보안등 LF3296",
        "address": null,
        "purpose": null,
        "managingAgency": "서울특별시 광진구",
        "sourceDatasetId": "gwangjin-smart-security-light",
        "sourceRecordId": "LF3296",
        "sourceUpdatedAt": null,
        "collectedAt": "2026-09-13T15:06:54.013Z"
      }
    },
    {
      "type": "Feature",
      "id": "gwangjin:security_light:LF3298",
      "geometry": {
        "type": "Point",
        "coordinates": [
          127.0720346,
          37.54626021
        ]
      },
      "properties": {
        "id": "gwangjin:security_light:LF3298",
        "type": "security_light",
        "name": "스마트보안등 LF3298",
        "address": null,
        "purpose": null,
        "managingAgency": "서울특별시 광진구",
        "sourceDatasetId": "gwangjin-smart-security-light",
        "sourceRecordId": "LF3298",
        "sourceUpdatedAt": null,
        "collectedAt": "2026-09-13T15:06:54.013Z"
      }
    },
    {
      "type": "Feature",
      "id": "gwangjin:security_light:LF6078",
      "geometry": {
        "type": "Point",
        "coordinates": [
          127.0690826,
          37.54285521
        ]
      },
      "properties": {
        "id": "gwangjin:security_light:LF6078",
        "type": "security_light",
        "name": "스마트보안등 LF6078",
        "address": null,
        "purpose": null,
        "managingAgency": "서울특별시 광진구",
        "sourceDatasetId": "gwangjin-smart-security-light",
        "sourceRecordId": "LF6078",
        "sourceUpdatedAt": null,
        "collectedAt": "2026-09-13T15:06:54.013Z"
      }
    },
    {
      "type": "Feature",
      "id": "gwangjin:security_light:LF6942",
      "geometry": {
        "type": "Point",
        "coordinates": [
          127.0697466,
          37.54223921
        ]
      },
      "properties": {
        "id": "gwangjin:security_light:LF6942",
        "type": "security_light",
        "name": "스마트보안등 LF6942",
        "address": null,
        "purpose": null,
        "managingAgency": "서울특별시 광진구",
        "sourceDatasetId": "gwangjin-smart-security-light",
        "sourceRecordId": "LF6942",
        "sourceUpdatedAt": null,
        "collectedAt": "2026-09-13T15:06:54.013Z"
      }
    },
    {
      "type": "Feature",
      "id": "gwangjin:security_light:LF6945",
      "geometry": {
        "type": "Point",
        "coordinates": [
          127.0695266,
          37.54168121
        ]
      },
      "properties": {
        "id": "gwangjin:security_light:LF6945",
        "type": "security_light",
        "name": "스마트보안등 LF6945",
        "address": null,
        "purpose": null,
        "managingAgency": "서울특별시 광진구",
        "sourceDatasetId": "gwangjin-smart-security-light",
        "sourceRecordId": "LF6945",
        "sourceUpdatedAt": null,
        "collectedAt": "2026-09-13T15:06:54.013Z"
      }
    },
    {
      "type": "Feature",
      "id": "gwangjin:security_light:LF7698",
      "geometry": {
        "type": "Point",
        "coordinates": [
          127.0790986,
          37.53858921
        ]
      },
      "properties": {
        "id": "gwangjin:security_light:LF7698",
        "type": "security_light",
        "name": "스마트보안등 LF7698",
        "address": null,
        "purpose": null,
        "managingAgency": "서울특별시 광진구",
        "sourceDatasetId": "gwangjin-smart-security-light",
        "sourceRecordId": "LF7698",
        "sourceUpdatedAt": null,
        "collectedAt": "2026-09-13T15:06:54.013Z"
      }
    },
    {
      "type": "Feature",
      "id": "gwangjin:security_light:LF7945",
      "geometry": {
        "type": "Point",
        "coordinates": [
          127.0811916,
          37.54024221
        ]
      },
      "properties": {
        "id": "gwangjin:security_light:LF7945",
        "type": "security_light",
        "name": "스마트보안등 LF7945",
        "address": null,
        "purpose": null,
        "managingAgency": "서울특별시 광진구",
        "sourceDatasetId": "gwangjin-smart-security-light",
        "sourceRecordId": "LF7945",
        "sourceUpdatedAt": null,
        "collectedAt": "2026-09-13T15:06:54.013Z"
      }
    },
    {
      "type": "Feature",
      "id": "gwangjin:security_light:LF7961",
      "geometry": {
        "type": "Point",
        "coordinates": [
          127.0711866,
          37.54192621
        ]
      },
      "properties": {
        "id": "gwangjin:security_light:LF7961",
        "type": "security_light",
        "name": "스마트보안등 LF7961",
        "address": null,
        "purpose": null,
        "managingAgency": "서울특별시 광진구",
        "sourceDatasetId": "gwangjin-smart-security-light",
        "sourceRecordId": "LF7961",
        "sourceUpdatedAt": null,
        "collectedAt": "2026-09-13T15:06:54.013Z"
      }
    },
    {
      "type": "Feature",
      "id": "gwangjin:security_light:LF7968",
      "geometry": {
        "type": "Point",
        "coordinates": [
          127.0802476,
          37.53805221
        ]
      },
      "properties": {
        "id": "gwangjin:security_light:LF7968",
        "type": "security_light",
        "name": "스마트보안등 LF7968",
        "address": null,
        "purpose": null,
        "managingAgency": "서울특별시 광진구",
        "sourceDatasetId": "gwangjin-smart-security-light",
        "sourceRecordId": "LF7968",
        "sourceUpdatedAt": null,
        "collectedAt": "2026-09-13T15:06:54.013Z"
      }
    },
    {
      "type": "Feature",
      "id": "gwangjin:security_light:LF7976",
      "geometry": {
        "type": "Point",
        "coordinates": [
          127.0707376,
          37.54187221
        ]
      },
      "properties": {
        "id": "gwangjin:security_light:LF7976",
        "type": "security_light",
        "name": "스마트보안등 LF7976",
        "address": null,
        "purpose": null,
        "managingAgency": "서울특별시 광진구",
        "sourceDatasetId": "gwangjin-smart-security-light",
        "sourceRecordId": "LF7976",
        "sourceUpdatedAt": null,
        "collectedAt": "2026-09-13T15:06:54.013Z"
      }
    },
    {
      "type": "Feature",
      "id": "gwangjin:security_light:LF7977",
      "geometry": {
        "type": "Point",
        "coordinates": [
          127.0702416,
          37.54129421
        ]
      },
      "properties": {
        "id": "gwangjin:security_light:LF7977",
        "type": "security_light",
        "name": "스마트보안등 LF7977",
        "address": null,
        "purpose": null,
        "managingAgency": "서울특별시 광진구",
        "sourceDatasetId": "gwangjin-smart-security-light",
        "sourceRecordId": "LF7977",
        "sourceUpdatedAt": null,
        "collectedAt": "2026-09-13T15:06:54.013Z"
      }
    },
    {
      "type": "Feature",
      "id": "gwangjin:security_light:LF7979",
      "geometry": {
        "type": "Point",
        "coordinates": [
          127.0710546,
          37.54187421
        ]
      },
      "properties": {
        "id": "gwangjin:security_light:LF7979",
        "type": "security_light",
        "name": "스마트보안등 LF7979",
        "address": null,
        "purpose": null,
        "managingAgency": "서울특별시 광진구",
        "sourceDatasetId": "gwangjin-smart-security-light",
        "sourceRecordId": "LF7979",
        "sourceUpdatedAt": null,
        "collectedAt": "2026-09-13T15:06:54.013Z"
      }
    },
    {
      "type": "Feature",
      "id": "gwangjin:security_light:LF8040",
      "geometry": {
        "type": "Point",
        "coordinates": [
          127.0757756,
          37.53940721
        ]
      },
      "properties": {
        "id": "gwangjin:security_light:LF8040",
        "type": "security_light",
        "name": "스마트보안등 LF8040",
        "address": null,
        "purpose": null,
        "managingAgency": "서울특별시 광진구",
        "sourceDatasetId": "gwangjin-smart-security-light",
        "sourceRecordId": "LF8040",
        "sourceUpdatedAt": null,
        "collectedAt": "2026-09-13T15:06:54.013Z"
      }
    },
    {
      "type": "Feature",
      "id": "gwangjin:security_light:LF8048",
      "geometry": {
        "type": "Point",
        "coordinates": [
          127.0767726,
          37.53931521
        ]
      },
      "properties": {
        "id": "gwangjin:security_light:LF8048",
        "type": "security_light",
        "name": "스마트보안등 LF8048",
        "address": null,
        "purpose": null,
        "managingAgency": "서울특별시 광진구",
        "sourceDatasetId": "gwangjin-smart-security-light",
        "sourceRecordId": "LF8048",
        "sourceUpdatedAt": null,
        "collectedAt": "2026-09-13T15:06:54.013Z"
      }
    },
    {
      "type": "Feature",
      "id": "gwangjin:security_light:LF8049",
      "geometry": {
        "type": "Point",
        "coordinates": [
          127.0765816,
          37.53906521
        ]
      },
      "properties": {
        "id": "gwangjin:security_light:LF8049",
        "type": "security_light",
        "name": "스마트보안등 LF8049",
        "address": null,
        "purpose": null,
        "managingAgency": "서울특별시 광진구",
        "sourceDatasetId": "gwangjin-smart-security-light",
        "sourceRecordId": "LF8049",
        "sourceUpdatedAt": null,
        "collectedAt": "2026-09-13T15:06:54.013Z"
      }
    },
    {
      "type": "Feature",
      "id": "gwangjin:security_light:LF8050",
      "geometry": {
        "type": "Point",
        "coordinates": [
          127.0764336,
          37.53935821
        ]
      },
      "properties": {
        "id": "gwangjin:security_light:LF8050",
        "type": "security_light",
        "name": "스마트보안등 LF8050",
        "address": null,
        "purpose": null,
        "managingAgency": "서울특별시 광진구",
        "sourceDatasetId": "gwangjin-smart-security-light",
        "sourceRecordId": "LF8050",
        "sourceUpdatedAt": null,
        "collectedAt": "2026-09-13T15:06:54.013Z"
      }
    },
    {
      "type": "Feature",
      "id": "gwangjin:security_light:LF8100",
      "geometry": {
        "type": "Point",
        "coordinates": [
          127.0696136,
          37.54486521
        ]
      },
      "properties": {
        "id": "gwangjin:security_light:LF8100",
        "type": "security_light",
        "name": "스마트보안등 LF8100",
        "address": null,
        "purpose": null,
        "managingAgency": "서울특별시 광진구",
        "sourceDatasetId": "gwangjin-smart-security-light",
        "sourceRecordId": "LF8100",
        "sourceUpdatedAt": null,
        "collectedAt": "2026-09-13T15:06:54.013Z"
      }
    },
    {
      "type": "Feature",
      "id": "gwangjin:security_light:LF8101",
      "geometry": {
        "type": "Point",
        "coordinates": [
          127.0699006,
          37.54526921
        ]
      },
      "properties": {
        "id": "gwangjin:security_light:LF8101",
        "type": "security_light",
        "name": "스마트보안등 LF8101",
        "address": null,
        "purpose": null,
        "managingAgency": "서울특별시 광진구",
        "sourceDatasetId": "gwangjin-smart-security-light",
        "sourceRecordId": "LF8101",
        "sourceUpdatedAt": null,
        "collectedAt": "2026-09-13T15:06:54.013Z"
      }
    },
    {
      "type": "Feature",
      "id": "gwangjin:security_light:LF8109",
      "geometry": {
        "type": "Point",
        "coordinates": [
          127.0698316,
          37.54472721
        ]
      },
      "properties": {
        "id": "gwangjin:security_light:LF8109",
        "type": "security_light",
        "name": "스마트보안등 LF8109",
        "address": null,
        "purpose": null,
        "managingAgency": "서울특별시 광진구",
        "sourceDatasetId": "gwangjin-smart-security-light",
        "sourceRecordId": "LF8109",
        "sourceUpdatedAt": null,
        "collectedAt": "2026-09-13T15:06:54.013Z"
      }
    },
    {
      "type": "Feature",
      "id": "gwangjin:security_light:LF8134",
      "geometry": {
        "type": "Point",
        "coordinates": [
          127.0709926,
          37.54544121
        ]
      },
      "properties": {
        "id": "gwangjin:security_light:LF8134",
        "type": "security_light",
        "name": "스마트보안등 LF8134",
        "address": null,
        "purpose": null,
        "managingAgency": "서울특별시 광진구",
        "sourceDatasetId": "gwangjin-smart-security-light",
        "sourceRecordId": "LF8134",
        "sourceUpdatedAt": null,
        "collectedAt": "2026-09-13T15:06:54.013Z"
      }
    },
    {
      "type": "Feature",
      "id": "gwangjin:security_light:LF8273",
      "geometry": {
        "type": "Point",
        "coordinates": [
          127.0717066,
          37.54590721
        ]
      },
      "properties": {
        "id": "gwangjin:security_light:LF8273",
        "type": "security_light",
        "name": "스마트보안등 LF8273",
        "address": null,
        "purpose": null,
        "managingAgency": "서울특별시 광진구",
        "sourceDatasetId": "gwangjin-smart-security-light",
        "sourceRecordId": "LF8273",
        "sourceUpdatedAt": null,
        "collectedAt": "2026-09-13T15:06:54.013Z"
      }
    },
    {
      "type": "Feature",
      "id": "gwangjin:security_light:LF8274",
      "geometry": {
        "type": "Point",
        "coordinates": [
          127.0717136,
          37.54599421
        ]
      },
      "properties": {
        "id": "gwangjin:security_light:LF8274",
        "type": "security_light",
        "name": "스마트보안등 LF8274",
        "address": null,
        "purpose": null,
        "managingAgency": "서울특별시 광진구",
        "sourceDatasetId": "gwangjin-smart-security-light",
        "sourceRecordId": "LF8274",
        "sourceUpdatedAt": null,
        "collectedAt": "2026-09-13T15:06:54.013Z"
      }
    },
    {
      "type": "Feature",
      "id": "gwangjin:security_light:LF8275",
      "geometry": {
        "type": "Point",
        "coordinates": [
          127.0701206,
          37.54437121
        ]
      },
      "properties": {
        "id": "gwangjin:security_light:LF8275",
        "type": "security_light",
        "name": "스마트보안등 LF8275",
        "address": null,
        "purpose": null,
        "managingAgency": "서울특별시 광진구",
        "sourceDatasetId": "gwangjin-smart-security-light",
        "sourceRecordId": "LF8275",
        "sourceUpdatedAt": null,
        "collectedAt": "2026-09-13T15:06:54.013Z"
      }
    },
    {
      "type": "Feature",
      "id": "gwangjin:security_light:LF8276",
      "geometry": {
        "type": "Point",
        "coordinates": [
          127.0720786,
          37.54689021
        ]
      },
      "properties": {
        "id": "gwangjin:security_light:LF8276",
        "type": "security_light",
        "name": "스마트보안등 LF8276",
        "address": null,
        "purpose": null,
        "managingAgency": "서울특별시 광진구",
        "sourceDatasetId": "gwangjin-smart-security-light",
        "sourceRecordId": "LF8276",
        "sourceUpdatedAt": null,
        "collectedAt": "2026-09-13T15:06:54.013Z"
      }
    },
    {
      "type": "Feature",
      "id": "gwangjin:security_light:LF8277",
      "geometry": {
        "type": "Point",
        "coordinates": [
          127.0705026,
          37.54482921
        ]
      },
      "properties": {
        "id": "gwangjin:security_light:LF8277",
        "type": "security_light",
        "name": "스마트보안등 LF8277",
        "address": null,
        "purpose": null,
        "managingAgency": "서울특별시 광진구",
        "sourceDatasetId": "gwangjin-smart-security-light",
        "sourceRecordId": "LF8277",
        "sourceUpdatedAt": null,
        "collectedAt": "2026-09-13T15:06:54.013Z"
      }
    },
    {
      "type": "Feature",
      "id": "gwangjin:security_light:LF8284",
      "geometry": {
        "type": "Point",
        "coordinates": [
          127.0713306,
          37.54589721
        ]
      },
      "properties": {
        "id": "gwangjin:security_light:LF8284",
        "type": "security_light",
        "name": "스마트보안등 LF8284",
        "address": null,
        "purpose": null,
        "managingAgency": "서울특별시 광진구",
        "sourceDatasetId": "gwangjin-smart-security-light",
        "sourceRecordId": "LF8284",
        "sourceUpdatedAt": null,
        "collectedAt": "2026-09-13T15:06:54.013Z"
      }
    },
    {
      "type": "Feature",
      "id": "gwangjin:security_light:LF8285",
      "geometry": {
        "type": "Point",
        "coordinates": [
          127.0722256,
          37.54658221
        ]
      },
      "properties": {
        "id": "gwangjin:security_light:LF8285",
        "type": "security_light",
        "name": "스마트보안등 LF8285",
        "address": null,
        "purpose": null,
        "managingAgency": "서울특별시 광진구",
        "sourceDatasetId": "gwangjin-smart-security-light",
        "sourceRecordId": "LF8285",
        "sourceUpdatedAt": null,
        "collectedAt": "2026-09-13T15:06:54.013Z"
      }
    },
    {
      "type": "Feature",
      "id": "gwangjin:security_light:LF8286",
      "geometry": {
        "type": "Point",
        "coordinates": [
          127.0716906,
          37.54628621
        ]
      },
      "properties": {
        "id": "gwangjin:security_light:LF8286",
        "type": "security_light",
        "name": "스마트보안등 LF8286",
        "address": null,
        "purpose": null,
        "managingAgency": "서울특별시 광진구",
        "sourceDatasetId": "gwangjin-smart-security-light",
        "sourceRecordId": "LF8286",
        "sourceUpdatedAt": null,
        "collectedAt": "2026-09-13T15:06:54.013Z"
      }
    },
    {
      "type": "Feature",
      "id": "gwangjin:security_light:LF8287",
      "geometry": {
        "type": "Point",
        "coordinates": [
          127.0706366,
          37.54467721
        ]
      },
      "properties": {
        "id": "gwangjin:security_light:LF8287",
        "type": "security_light",
        "name": "스마트보안등 LF8287",
        "address": null,
        "purpose": null,
        "managingAgency": "서울특별시 광진구",
        "sourceDatasetId": "gwangjin-smart-security-light",
        "sourceRecordId": "LF8287",
        "sourceUpdatedAt": null,
        "collectedAt": "2026-09-13T15:06:54.013Z"
      }
    },
    {
      "type": "Feature",
      "id": "gwangjin:security_light:LF8288",
      "geometry": {
        "type": "Point",
        "coordinates": [
          127.0708496,
          37.54541721
        ]
      },
      "properties": {
        "id": "gwangjin:security_light:LF8288",
        "type": "security_light",
        "name": "스마트보안등 LF8288",
        "address": null,
        "purpose": null,
        "managingAgency": "서울특별시 광진구",
        "sourceDatasetId": "gwangjin-smart-security-light",
        "sourceRecordId": "LF8288",
        "sourceUpdatedAt": null,
        "collectedAt": "2026-09-13T15:06:54.013Z"
      }
    },
    {
      "type": "Feature",
      "id": "gwangjin:security_light:LF8289",
      "geometry": {
        "type": "Point",
        "coordinates": [
          127.0698586,
          37.54421221
        ]
      },
      "properties": {
        "id": "gwangjin:security_light:LF8289",
        "type": "security_light",
        "name": "스마트보안등 LF8289",
        "address": null,
        "purpose": null,
        "managingAgency": "서울특별시 광진구",
        "sourceDatasetId": "gwangjin-smart-security-light",
        "sourceRecordId": "LF8289",
        "sourceUpdatedAt": null,
        "collectedAt": "2026-09-13T15:06:54.013Z"
      }
    },
    {
      "type": "Feature",
      "id": "gwangjin:security_light:LF8296",
      "geometry": {
        "type": "Point",
        "coordinates": [
          127.0717806,
          37.54562421
        ]
      },
      "properties": {
        "id": "gwangjin:security_light:LF8296",
        "type": "security_light",
        "name": "스마트보안등 LF8296",
        "address": null,
        "purpose": null,
        "managingAgency": "서울특별시 광진구",
        "sourceDatasetId": "gwangjin-smart-security-light",
        "sourceRecordId": "LF8296",
        "sourceUpdatedAt": null,
        "collectedAt": "2026-09-13T15:06:54.013Z"
      }
    },
    {
      "type": "Feature",
      "id": "gwangjin:security_light:LF8297",
      "geometry": {
        "type": "Point",
        "coordinates": [
          127.07176892,
          37.54540017
        ]
      },
      "properties": {
        "id": "gwangjin:security_light:LF8297",
        "type": "security_light",
        "name": "스마트보안등 LF8297",
        "address": null,
        "purpose": null,
        "managingAgency": "서울특별시 광진구",
        "sourceDatasetId": "gwangjin-smart-security-light",
        "sourceRecordId": "LF8297",
        "sourceUpdatedAt": null,
        "collectedAt": "2026-09-13T15:06:54.013Z"
      }
    },
    {
      "type": "Feature",
      "id": "gwangjin:security_light:LF8298",
      "geometry": {
        "type": "Point",
        "coordinates": [
          127.0725276,
          37.54654421
        ]
      },
      "properties": {
        "id": "gwangjin:security_light:LF8298",
        "type": "security_light",
        "name": "스마트보안등 LF8298",
        "address": null,
        "purpose": null,
        "managingAgency": "서울특별시 광진구",
        "sourceDatasetId": "gwangjin-smart-security-light",
        "sourceRecordId": "LF8298",
        "sourceUpdatedAt": null,
        "collectedAt": "2026-09-13T15:06:54.013Z"
      }
    },
    {
      "type": "Feature",
      "id": "gwangjin:security_light:LF8299",
      "geometry": {
        "type": "Point",
        "coordinates": [
          127.0706896,
          37.54562021
        ]
      },
      "properties": {
        "id": "gwangjin:security_light:LF8299",
        "type": "security_light",
        "name": "스마트보안등 LF8299",
        "address": null,
        "purpose": null,
        "managingAgency": "서울특별시 광진구",
        "sourceDatasetId": "gwangjin-smart-security-light",
        "sourceRecordId": "LF8299",
        "sourceUpdatedAt": null,
        "collectedAt": "2026-09-13T15:06:54.013Z"
      }
    },
    {
      "type": "Feature",
      "id": "gwangjin:security_light:LF8300",
      "geometry": {
        "type": "Point",
        "coordinates": [
          127.0721196,
          37.54606421
        ]
      },
      "properties": {
        "id": "gwangjin:security_light:LF8300",
        "type": "security_light",
        "name": "스마트보안등 LF8300",
        "address": null,
        "purpose": null,
        "managingAgency": "서울특별시 광진구",
        "sourceDatasetId": "gwangjin-smart-security-light",
        "sourceRecordId": "LF8300",
        "sourceUpdatedAt": null,
        "collectedAt": "2026-09-13T15:06:54.013Z"
      }
    },
    {
      "type": "Feature",
      "id": "gwangjin:security_light:LG1254",
      "geometry": {
        "type": "Point",
        "coordinates": [
          127.0804446,
          37.53885921
        ]
      },
      "properties": {
        "id": "gwangjin:security_light:LG1254",
        "type": "security_light",
        "name": "스마트보안등 LG1254",
        "address": null,
        "purpose": null,
        "managingAgency": "서울특별시 광진구",
        "sourceDatasetId": "gwangjin-smart-security-light",
        "sourceRecordId": "LG1254",
        "sourceUpdatedAt": null,
        "collectedAt": "2026-09-13T15:06:54.013Z"
      }
    },
    {
      "type": "Feature",
      "id": "gwangjin:security_light:LG1677",
      "geometry": {
        "type": "Point",
        "coordinates": [
          127.0696236,
          37.54200021
        ]
      },
      "properties": {
        "id": "gwangjin:security_light:LG1677",
        "type": "security_light",
        "name": "스마트보안등 LG1677",
        "address": null,
        "purpose": null,
        "managingAgency": "서울특별시 광진구",
        "sourceDatasetId": "gwangjin-smart-security-light",
        "sourceRecordId": "LG1677",
        "sourceUpdatedAt": null,
        "collectedAt": "2026-09-13T15:06:54.013Z"
      }
    },
    {
      "type": "Feature",
      "id": "gwangjin:security_light:LG1731",
      "geometry": {
        "type": "Point",
        "coordinates": [
          127.0693056,
          37.54177321
        ]
      },
      "properties": {
        "id": "gwangjin:security_light:LG1731",
        "type": "security_light",
        "name": "스마트보안등 LG1731",
        "address": null,
        "purpose": null,
        "managingAgency": "서울특별시 광진구",
        "sourceDatasetId": "gwangjin-smart-security-light",
        "sourceRecordId": "LG1731",
        "sourceUpdatedAt": null,
        "collectedAt": "2026-09-13T15:06:54.013Z"
      }
    },
    {
      "type": "Feature",
      "id": "gwangjin:security_light:LG1763",
      "geometry": {
        "type": "Point",
        "coordinates": [
          127.0796156,
          37.53829121
        ]
      },
      "properties": {
        "id": "gwangjin:security_light:LG1763",
        "type": "security_light",
        "name": "스마트보안등 LG1763",
        "address": null,
        "purpose": null,
        "managingAgency": "서울특별시 광진구",
        "sourceDatasetId": "gwangjin-smart-security-light",
        "sourceRecordId": "LG1763",
        "sourceUpdatedAt": null,
        "collectedAt": "2026-09-13T15:06:54.013Z"
      }
    },
    {
      "type": "Feature",
      "id": "gwangjin:security_light:LG2141",
      "geometry": {
        "type": "Point",
        "coordinates": [
          127.0700516,
          37.54565821
        ]
      },
      "properties": {
        "id": "gwangjin:security_light:LG2141",
        "type": "security_light",
        "name": "스마트보안등 LG2141",
        "address": null,
        "purpose": null,
        "managingAgency": "서울특별시 광진구",
        "sourceDatasetId": "gwangjin-smart-security-light",
        "sourceRecordId": "LG2141",
        "sourceUpdatedAt": null,
        "collectedAt": "2026-09-13T15:06:54.013Z"
      }
    },
    {
      "type": "Feature",
      "id": "gwangjin:security_light:LG2397",
      "geometry": {
        "type": "Point",
        "coordinates": [
          127.0818116,
          37.54009321
        ]
      },
      "properties": {
        "id": "gwangjin:security_light:LG2397",
        "type": "security_light",
        "name": "스마트보안등 LG2397",
        "address": null,
        "purpose": null,
        "managingAgency": "서울특별시 광진구",
        "sourceDatasetId": "gwangjin-smart-security-light",
        "sourceRecordId": "LG2397",
        "sourceUpdatedAt": null,
        "collectedAt": "2026-09-13T15:06:54.013Z"
      }
    },
    {
      "type": "Feature",
      "id": "gwangjin:security_light:LG2432",
      "geometry": {
        "type": "Point",
        "coordinates": [
          127.0697476,
          37.54543721
        ]
      },
      "properties": {
        "id": "gwangjin:security_light:LG2432",
        "type": "security_light",
        "name": "스마트보안등 LG2432",
        "address": null,
        "purpose": null,
        "managingAgency": "서울특별시 광진구",
        "sourceDatasetId": "gwangjin-smart-security-light",
        "sourceRecordId": "LG2432",
        "sourceUpdatedAt": null,
        "collectedAt": "2026-09-13T15:06:54.013Z"
      }
    },
    {
      "type": "Feature",
      "id": "gwangjin:security_light:LG2447",
      "geometry": {
        "type": "Point",
        "coordinates": [
          127.0693606,
          37.54580021
        ]
      },
      "properties": {
        "id": "gwangjin:security_light:LG2447",
        "type": "security_light",
        "name": "스마트보안등 LG2447",
        "address": null,
        "purpose": null,
        "managingAgency": "서울특별시 광진구",
        "sourceDatasetId": "gwangjin-smart-security-light",
        "sourceRecordId": "LG2447",
        "sourceUpdatedAt": null,
        "collectedAt": "2026-09-13T15:06:54.013Z"
      }
    },
    {
      "type": "Feature",
      "id": "gwangjin:security_light:LG2681",
      "geometry": {
        "type": "Point",
        "coordinates": [
          127.0794226,
          37.53807721
        ]
      },
      "properties": {
        "id": "gwangjin:security_light:LG2681",
        "type": "security_light",
        "name": "스마트보안등 LG2681",
        "address": null,
        "purpose": null,
        "managingAgency": "서울특별시 광진구",
        "sourceDatasetId": "gwangjin-smart-security-light",
        "sourceRecordId": "LG2681",
        "sourceUpdatedAt": null,
        "collectedAt": "2026-09-13T15:06:54.013Z"
      }
    },
    {
      "type": "Feature",
      "id": "gwangjin:security_light:LG2977",
      "geometry": {
        "type": "Point",
        "coordinates": [
          127.0712526,
          37.54249121
        ]
      },
      "properties": {
        "id": "gwangjin:security_light:LG2977",
        "type": "security_light",
        "name": "스마트보안등 LG2977",
        "address": null,
        "purpose": null,
        "managingAgency": "서울특별시 광진구",
        "sourceDatasetId": "gwangjin-smart-security-light",
        "sourceRecordId": "LG2977",
        "sourceUpdatedAt": null,
        "collectedAt": "2026-09-13T15:06:54.013Z"
      }
    },
    {
      "type": "Feature",
      "id": "gwangjin:security_light:LG3044",
      "geometry": {
        "type": "Point",
        "coordinates": [
          127.0766916,
          37.53917021
        ]
      },
      "properties": {
        "id": "gwangjin:security_light:LG3044",
        "type": "security_light",
        "name": "스마트보안등 LG3044",
        "address": null,
        "purpose": null,
        "managingAgency": "서울특별시 광진구",
        "sourceDatasetId": "gwangjin-smart-security-light",
        "sourceRecordId": "LG3044",
        "sourceUpdatedAt": null,
        "collectedAt": "2026-09-13T15:06:54.013Z"
      }
    },
    {
      "type": "Feature",
      "id": "gwangjin:security_light:LG3047",
      "geometry": {
        "type": "Point",
        "coordinates": [
          127.0777166,
          37.53882121
        ]
      },
      "properties": {
        "id": "gwangjin:security_light:LG3047",
        "type": "security_light",
        "name": "스마트보안등 LG3047",
        "address": null,
        "purpose": null,
        "managingAgency": "서울특별시 광진구",
        "sourceDatasetId": "gwangjin-smart-security-light",
        "sourceRecordId": "LG3047",
        "sourceUpdatedAt": null,
        "collectedAt": "2026-09-13T15:06:54.013Z"
      }
    },
    {
      "type": "Feature",
      "id": "gwangjin:security_light:LG3049",
      "geometry": {
        "type": "Point",
        "coordinates": [
          127.0814516,
          37.54018021
        ]
      },
      "properties": {
        "id": "gwangjin:security_light:LG3049",
        "type": "security_light",
        "name": "스마트보안등 LG3049",
        "address": null,
        "purpose": null,
        "managingAgency": "서울특별시 광진구",
        "sourceDatasetId": "gwangjin-smart-security-light",
        "sourceRecordId": "LG3049",
        "sourceUpdatedAt": null,
        "collectedAt": "2026-09-13T15:06:54.013Z"
      }
    },
    {
      "type": "Feature",
      "id": "gwangjin:security_light:LG3107",
      "geometry": {
        "type": "Point",
        "coordinates": [
          127.0704876,
          37.54400721
        ]
      },
      "properties": {
        "id": "gwangjin:security_light:LG3107",
        "type": "security_light",
        "name": "스마트보안등 LG3107",
        "address": null,
        "purpose": null,
        "managingAgency": "서울특별시 광진구",
        "sourceDatasetId": "gwangjin-smart-security-light",
        "sourceRecordId": "LG3107",
        "sourceUpdatedAt": null,
        "collectedAt": "2026-09-13T15:06:54.013Z"
      }
    },
    {
      "type": "Feature",
      "id": "gwangjin:security_light:LG3760",
      "geometry": {
        "type": "Point",
        "coordinates": [
          127.0822446,
          37.53998721
        ]
      },
      "properties": {
        "id": "gwangjin:security_light:LG3760",
        "type": "security_light",
        "name": "스마트보안등 LG3760",
        "address": null,
        "purpose": null,
        "managingAgency": "서울특별시 광진구",
        "sourceDatasetId": "gwangjin-smart-security-light",
        "sourceRecordId": "LG3760",
        "sourceUpdatedAt": null,
        "collectedAt": "2026-09-13T15:06:54.013Z"
      }
    },
    {
      "type": "Feature",
      "id": "gwangjin:security_light:LG3762",
      "geometry": {
        "type": "Point",
        "coordinates": [
          127.0802246,
          37.53895821
        ]
      },
      "properties": {
        "id": "gwangjin:security_light:LG3762",
        "type": "security_light",
        "name": "스마트보안등 LG3762",
        "address": null,
        "purpose": null,
        "managingAgency": "서울특별시 광진구",
        "sourceDatasetId": "gwangjin-smart-security-light",
        "sourceRecordId": "LG3762",
        "sourceUpdatedAt": null,
        "collectedAt": "2026-09-13T15:06:54.013Z"
      }
    },
    {
      "type": "Feature",
      "id": "gwangjin:security_light:LG3773",
      "geometry": {
        "type": "Point",
        "coordinates": [
          127.0807186,
          37.53878521
        ]
      },
      "properties": {
        "id": "gwangjin:security_light:LG3773",
        "type": "security_light",
        "name": "스마트보안등 LG3773",
        "address": null,
        "purpose": null,
        "managingAgency": "서울특별시 광진구",
        "sourceDatasetId": "gwangjin-smart-security-light",
        "sourceRecordId": "LG3773",
        "sourceUpdatedAt": null,
        "collectedAt": "2026-09-13T15:06:54.013Z"
      }
    },
    {
      "type": "Feature",
      "id": "gwangjin:security_light:LG3775",
      "geometry": {
        "type": "Point",
        "coordinates": [
          127.0810356,
          37.53865321
        ]
      },
      "properties": {
        "id": "gwangjin:security_light:LG3775",
        "type": "security_light",
        "name": "스마트보안등 LG3775",
        "address": null,
        "purpose": null,
        "managingAgency": "서울특별시 광진구",
        "sourceDatasetId": "gwangjin-smart-security-light",
        "sourceRecordId": "LG3775",
        "sourceUpdatedAt": null,
        "collectedAt": "2026-09-13T15:06:54.013Z"
      }
    },
    {
      "type": "Feature",
      "id": "gwangjin:security_light:LG3776",
      "geometry": {
        "type": "Point",
        "coordinates": [
          127.0700436,
          37.54526821
        ]
      },
      "properties": {
        "id": "gwangjin:security_light:LG3776",
        "type": "security_light",
        "name": "스마트보안등 LG3776",
        "address": null,
        "purpose": null,
        "managingAgency": "서울특별시 광진구",
        "sourceDatasetId": "gwangjin-smart-security-light",
        "sourceRecordId": "LG3776",
        "sourceUpdatedAt": null,
        "collectedAt": "2026-09-13T15:06:54.013Z"
      }
    },
    {
      "type": "Feature",
      "id": "gwangjin:security_light:LG3778",
      "geometry": {
        "type": "Point",
        "coordinates": [
          127.0702206,
          37.54507221
        ]
      },
      "properties": {
        "id": "gwangjin:security_light:LG3778",
        "type": "security_light",
        "name": "스마트보안등 LG3778",
        "address": null,
        "purpose": null,
        "managingAgency": "서울특별시 광진구",
        "sourceDatasetId": "gwangjin-smart-security-light",
        "sourceRecordId": "LG3778",
        "sourceUpdatedAt": null,
        "collectedAt": "2026-09-13T15:06:54.013Z"
      }
    },
    {
      "type": "Feature",
      "id": "gwangjin:security_light:LG3781",
      "geometry": {
        "type": "Point",
        "coordinates": [
          127.0805076,
          37.53852721
        ]
      },
      "properties": {
        "id": "gwangjin:security_light:LG3781",
        "type": "security_light",
        "name": "스마트보안등 LG3781",
        "address": null,
        "purpose": null,
        "managingAgency": "서울특별시 광진구",
        "sourceDatasetId": "gwangjin-smart-security-light",
        "sourceRecordId": "LG3781",
        "sourceUpdatedAt": null,
        "collectedAt": "2026-09-13T15:06:54.013Z"
      }
    },
    {
      "type": "Feature",
      "id": "gwangjin:security_light:LG3782",
      "geometry": {
        "type": "Point",
        "coordinates": [
          127.0808896,
          37.53839621
        ]
      },
      "properties": {
        "id": "gwangjin:security_light:LG3782",
        "type": "security_light",
        "name": "스마트보안등 LG3782",
        "address": null,
        "purpose": null,
        "managingAgency": "서울특별시 광진구",
        "sourceDatasetId": "gwangjin-smart-security-light",
        "sourceRecordId": "LG3782",
        "sourceUpdatedAt": null,
        "collectedAt": "2026-09-13T15:06:54.013Z"
      }
    },
    {
      "type": "Feature",
      "id": "gwangjin:security_light:LG3785",
      "geometry": {
        "type": "Point",
        "coordinates": [
          127.0806356,
          37.53861721
        ]
      },
      "properties": {
        "id": "gwangjin:security_light:LG3785",
        "type": "security_light",
        "name": "스마트보안등 LG3785",
        "address": null,
        "purpose": null,
        "managingAgency": "서울특별시 광진구",
        "sourceDatasetId": "gwangjin-smart-security-light",
        "sourceRecordId": "LG3785",
        "sourceUpdatedAt": null,
        "collectedAt": "2026-09-13T15:06:54.013Z"
      }
    },
    {
      "type": "Feature",
      "id": "gwangjin:security_light:LG3808",
      "geometry": {
        "type": "Point",
        "coordinates": [
          127.0794656,
          37.53874321
        ]
      },
      "properties": {
        "id": "gwangjin:security_light:LG3808",
        "type": "security_light",
        "name": "스마트보안등 LG3808",
        "address": null,
        "purpose": null,
        "managingAgency": "서울특별시 광진구",
        "sourceDatasetId": "gwangjin-smart-security-light",
        "sourceRecordId": "LG3808",
        "sourceUpdatedAt": null,
        "collectedAt": "2026-09-13T15:06:54.013Z"
      }
    },
    {
      "type": "Feature",
      "id": "gwangjin:security_light:LG3810",
      "geometry": {
        "type": "Point",
        "coordinates": [
          127.0792026,
          37.53891121
        ]
      },
      "properties": {
        "id": "gwangjin:security_light:LG3810",
        "type": "security_light",
        "name": "스마트보안등 LG3810",
        "address": null,
        "purpose": null,
        "managingAgency": "서울특별시 광진구",
        "sourceDatasetId": "gwangjin-smart-security-light",
        "sourceRecordId": "LG3810",
        "sourceUpdatedAt": null,
        "collectedAt": "2026-09-13T15:06:54.013Z"
      }
    },
    {
      "type": "Feature",
      "id": "gwangjin:security_light:LG3813",
      "geometry": {
        "type": "Point",
        "coordinates": [
          127.0775366,
          37.53892621
        ]
      },
      "properties": {
        "id": "gwangjin:security_light:LG3813",
        "type": "security_light",
        "name": "스마트보안등 LG3813",
        "address": null,
        "purpose": null,
        "managingAgency": "서울특별시 광진구",
        "sourceDatasetId": "gwangjin-smart-security-light",
        "sourceRecordId": "LG3813",
        "sourceUpdatedAt": null,
        "collectedAt": "2026-09-13T15:06:54.013Z"
      }
    },
    {
      "type": "Feature",
      "id": "gwangjin:security_light:LG3814",
      "geometry": {
        "type": "Point",
        "coordinates": [
          127.0792056,
          37.53878321
        ]
      },
      "properties": {
        "id": "gwangjin:security_light:LG3814",
        "type": "security_light",
        "name": "스마트보안등 LG3814",
        "address": null,
        "purpose": null,
        "managingAgency": "서울특별시 광진구",
        "sourceDatasetId": "gwangjin-smart-security-light",
        "sourceRecordId": "LG3814",
        "sourceUpdatedAt": null,
        "collectedAt": "2026-09-13T15:06:54.013Z"
      }
    },
    {
      "type": "Feature",
      "id": "gwangjin:security_light:LG3815",
      "geometry": {
        "type": "Point",
        "coordinates": [
          127.0784056,
          37.53823921
        ]
      },
      "properties": {
        "id": "gwangjin:security_light:LG3815",
        "type": "security_light",
        "name": "스마트보안등 LG3815",
        "address": null,
        "purpose": null,
        "managingAgency": "서울특별시 광진구",
        "sourceDatasetId": "gwangjin-smart-security-light",
        "sourceRecordId": "LG3815",
        "sourceUpdatedAt": null,
        "collectedAt": "2026-09-13T15:06:54.013Z"
      }
    },
    {
      "type": "Feature",
      "id": "gwangjin:security_light:LG3827",
      "geometry": {
        "type": "Point",
        "coordinates": [
          127.0710896,
          37.54229921
        ]
      },
      "properties": {
        "id": "gwangjin:security_light:LG3827",
        "type": "security_light",
        "name": "스마트보안등 LG3827",
        "address": null,
        "purpose": null,
        "managingAgency": "서울특별시 광진구",
        "sourceDatasetId": "gwangjin-smart-security-light",
        "sourceRecordId": "LG3827",
        "sourceUpdatedAt": null,
        "collectedAt": "2026-09-13T15:06:54.013Z"
      }
    },
    {
      "type": "Feature",
      "id": "gwangjin:security_light:LG3828",
      "geometry": {
        "type": "Point",
        "coordinates": [
          127.0709536,
          37.54199821
        ]
      },
      "properties": {
        "id": "gwangjin:security_light:LG3828",
        "type": "security_light",
        "name": "스마트보안등 LG3828",
        "address": null,
        "purpose": null,
        "managingAgency": "서울특별시 광진구",
        "sourceDatasetId": "gwangjin-smart-security-light",
        "sourceRecordId": "LG3828",
        "sourceUpdatedAt": null,
        "collectedAt": "2026-09-13T15:06:54.013Z"
      }
    },
    {
      "type": "Feature",
      "id": "gwangjin:security_light:LG3832",
      "geometry": {
        "type": "Point",
        "coordinates": [
          127.0709516,
          37.54163121
        ]
      },
      "properties": {
        "id": "gwangjin:security_light:LG3832",
        "type": "security_light",
        "name": "스마트보안등 LG3832",
        "address": null,
        "purpose": null,
        "managingAgency": "서울특별시 광진구",
        "sourceDatasetId": "gwangjin-smart-security-light",
        "sourceRecordId": "LG3832",
        "sourceUpdatedAt": null,
        "collectedAt": "2026-09-13T15:06:54.013Z"
      }
    },
    {
      "type": "Feature",
      "id": "gwangjin:security_light:LG3841",
      "geometry": {
        "type": "Point",
        "coordinates": [
          127.0695966,
          37.54278821
        ]
      },
      "properties": {
        "id": "gwangjin:security_light:LG3841",
        "type": "security_light",
        "name": "스마트보안등 LG3841",
        "address": null,
        "purpose": null,
        "managingAgency": "서울특별시 광진구",
        "sourceDatasetId": "gwangjin-smart-security-light",
        "sourceRecordId": "LG3841",
        "sourceUpdatedAt": null,
        "collectedAt": "2026-09-13T15:06:54.013Z"
      }
    },
    {
      "type": "Feature",
      "id": "gwangjin:security_light:LG3842",
      "geometry": {
        "type": "Point",
        "coordinates": [
          127.0701486,
          37.54299421
        ]
      },
      "properties": {
        "id": "gwangjin:security_light:LG3842",
        "type": "security_light",
        "name": "스마트보안등 LG3842",
        "address": null,
        "purpose": null,
        "managingAgency": "서울특별시 광진구",
        "sourceDatasetId": "gwangjin-smart-security-light",
        "sourceRecordId": "LG3842",
        "sourceUpdatedAt": null,
        "collectedAt": "2026-09-13T15:06:54.013Z"
      }
    },
    {
      "type": "Feature",
      "id": "gwangjin:security_light:LG3843",
      "geometry": {
        "type": "Point",
        "coordinates": [
          127.0703836,
          37.54223421
        ]
      },
      "properties": {
        "id": "gwangjin:security_light:LG3843",
        "type": "security_light",
        "name": "스마트보안등 LG3843",
        "address": null,
        "purpose": null,
        "managingAgency": "서울특별시 광진구",
        "sourceDatasetId": "gwangjin-smart-security-light",
        "sourceRecordId": "LG3843",
        "sourceUpdatedAt": null,
        "collectedAt": "2026-09-13T15:06:54.013Z"
      }
    },
    {
      "type": "Feature",
      "id": "gwangjin:security_light:LG3845",
      "geometry": {
        "type": "Point",
        "coordinates": [
          127.0707046,
          37.54272621
        ]
      },
      "properties": {
        "id": "gwangjin:security_light:LG3845",
        "type": "security_light",
        "name": "스마트보안등 LG3845",
        "address": null,
        "purpose": null,
        "managingAgency": "서울특별시 광진구",
        "sourceDatasetId": "gwangjin-smart-security-light",
        "sourceRecordId": "LG3845",
        "sourceUpdatedAt": null,
        "collectedAt": "2026-09-13T15:06:54.013Z"
      }
    },
    {
      "type": "Feature",
      "id": "gwangjin:security_light:LG3846",
      "geometry": {
        "type": "Point",
        "coordinates": [
          127.0698206,
          37.54285421
        ]
      },
      "properties": {
        "id": "gwangjin:security_light:LG3846",
        "type": "security_light",
        "name": "스마트보안등 LG3846",
        "address": null,
        "purpose": null,
        "managingAgency": "서울특별시 광진구",
        "sourceDatasetId": "gwangjin-smart-security-light",
        "sourceRecordId": "LG3846",
        "sourceUpdatedAt": null,
        "collectedAt": "2026-09-13T15:06:54.013Z"
      }
    },
    {
      "type": "Feature",
      "id": "gwangjin:security_light:LG3847",
      "geometry": {
        "type": "Point",
        "coordinates": [
          127.0720926,
          37.54510821
        ]
      },
      "properties": {
        "id": "gwangjin:security_light:LG3847",
        "type": "security_light",
        "name": "스마트보안등 LG3847",
        "address": null,
        "purpose": null,
        "managingAgency": "서울특별시 광진구",
        "sourceDatasetId": "gwangjin-smart-security-light",
        "sourceRecordId": "LG3847",
        "sourceUpdatedAt": null,
        "collectedAt": "2026-09-13T15:06:54.013Z"
      }
    },
    {
      "type": "Feature",
      "id": "gwangjin:security_light:LG3975",
      "geometry": {
        "type": "Point",
        "coordinates": [
          127.0696096,
          37.54382421
        ]
      },
      "properties": {
        "id": "gwangjin:security_light:LG3975",
        "type": "security_light",
        "name": "스마트보안등 LG3975",
        "address": null,
        "purpose": null,
        "managingAgency": "서울특별시 광진구",
        "sourceDatasetId": "gwangjin-smart-security-light",
        "sourceRecordId": "LG3975",
        "sourceUpdatedAt": null,
        "collectedAt": "2026-09-13T15:06:54.013Z"
      }
    },
    {
      "type": "Feature",
      "id": "gwangjin:security_light:LG3977",
      "geometry": {
        "type": "Point",
        "coordinates": [
          127.0689666,
          37.54263321
        ]
      },
      "properties": {
        "id": "gwangjin:security_light:LG3977",
        "type": "security_light",
        "name": "스마트보안등 LG3977",
        "address": null,
        "purpose": null,
        "managingAgency": "서울특별시 광진구",
        "sourceDatasetId": "gwangjin-smart-security-light",
        "sourceRecordId": "LG3977",
        "sourceUpdatedAt": null,
        "collectedAt": "2026-09-13T15:06:54.013Z"
      }
    },
    {
      "type": "Feature",
      "id": "gwangjin:security_light:LG3980",
      "geometry": {
        "type": "Point",
        "coordinates": [
          127.0688466,
          37.54241321
        ]
      },
      "properties": {
        "id": "gwangjin:security_light:LG3980",
        "type": "security_light",
        "name": "스마트보안등 LG3980",
        "address": null,
        "purpose": null,
        "managingAgency": "서울특별시 광진구",
        "sourceDatasetId": "gwangjin-smart-security-light",
        "sourceRecordId": "LG3980",
        "sourceUpdatedAt": null,
        "collectedAt": "2026-09-13T15:06:54.013Z"
      }
    },
    {
      "type": "Feature",
      "id": "gwangjin:security_light:LG4746",
      "geometry": {
        "type": "Point",
        "coordinates": [
          127.0686732,
          37.54553984
        ]
      },
      "properties": {
        "id": "gwangjin:security_light:LG4746",
        "type": "security_light",
        "name": "스마트보안등 LG4746",
        "address": null,
        "purpose": null,
        "managingAgency": "서울특별시 광진구",
        "sourceDatasetId": "gwangjin-smart-security-light",
        "sourceRecordId": "LG4746",
        "sourceUpdatedAt": null,
        "collectedAt": "2026-09-13T15:06:54.013Z"
      }
    },
    {
      "type": "Feature",
      "id": "gwangjin:security_light:LG4753",
      "geometry": {
        "type": "Point",
        "coordinates": [
          127.0703126,
          37.54418121
        ]
      },
      "properties": {
        "id": "gwangjin:security_light:LG4753",
        "type": "security_light",
        "name": "스마트보안등 LG4753",
        "address": null,
        "purpose": null,
        "managingAgency": "서울특별시 광진구",
        "sourceDatasetId": "gwangjin-smart-security-light",
        "sourceRecordId": "LG4753",
        "sourceUpdatedAt": null,
        "collectedAt": "2026-09-13T15:06:54.013Z"
      }
    },
    {
      "type": "Feature",
      "id": "gwangjin:security_light:LG4756",
      "geometry": {
        "type": "Point",
        "coordinates": [
          127.0699796,
          37.54267921
        ]
      },
      "properties": {
        "id": "gwangjin:security_light:LG4756",
        "type": "security_light",
        "name": "스마트보안등 LG4756",
        "address": null,
        "purpose": null,
        "managingAgency": "서울특별시 광진구",
        "sourceDatasetId": "gwangjin-smart-security-light",
        "sourceRecordId": "LG4756",
        "sourceUpdatedAt": null,
        "collectedAt": "2026-09-13T15:06:54.013Z"
      }
    },
    {
      "type": "Feature",
      "id": "gwangjin:security_light:LG8758",
      "geometry": {
        "type": "Point",
        "coordinates": [
          127.0799816,
          37.53820721
        ]
      },
      "properties": {
        "id": "gwangjin:security_light:LG8758",
        "type": "security_light",
        "name": "스마트보안등 LG8758",
        "address": null,
        "purpose": null,
        "managingAgency": "서울특별시 광진구",
        "sourceDatasetId": "gwangjin-smart-security-light",
        "sourceRecordId": "LG8758",
        "sourceUpdatedAt": null,
        "collectedAt": "2026-09-13T15:06:54.013Z"
      }
    },
    {
      "type": "Feature",
      "id": "gwangjin:security_light:LG8759",
      "geometry": {
        "type": "Point",
        "coordinates": [
          127.0803496,
          37.53897221
        ]
      },
      "properties": {
        "id": "gwangjin:security_light:LG8759",
        "type": "security_light",
        "name": "스마트보안등 LG8759",
        "address": null,
        "purpose": null,
        "managingAgency": "서울특별시 광진구",
        "sourceDatasetId": "gwangjin-smart-security-light",
        "sourceRecordId": "LG8759",
        "sourceUpdatedAt": null,
        "collectedAt": "2026-09-13T15:06:54.013Z"
      }
    },
    {
      "type": "Feature",
      "id": "gwangjin:security_light:LG8760",
      "geometry": {
        "type": "Point",
        "coordinates": [
          127.0804776,
          37.53907021
        ]
      },
      "properties": {
        "id": "gwangjin:security_light:LG8760",
        "type": "security_light",
        "name": "스마트보안등 LG8760",
        "address": null,
        "purpose": null,
        "managingAgency": "서울특별시 광진구",
        "sourceDatasetId": "gwangjin-smart-security-light",
        "sourceRecordId": "LG8760",
        "sourceUpdatedAt": null,
        "collectedAt": "2026-09-13T15:06:54.013Z"
      }
    },
    {
      "type": "Feature",
      "id": "gwangjin:security_light:LG8762",
      "geometry": {
        "type": "Point",
        "coordinates": [
          127.0793806,
          37.53829221
        ]
      },
      "properties": {
        "id": "gwangjin:security_light:LG8762",
        "type": "security_light",
        "name": "스마트보안등 LG8762",
        "address": null,
        "purpose": null,
        "managingAgency": "서울특별시 광진구",
        "sourceDatasetId": "gwangjin-smart-security-light",
        "sourceRecordId": "LG8762",
        "sourceUpdatedAt": null,
        "collectedAt": "2026-09-13T15:06:54.013Z"
      }
    },
    {
      "type": "Feature",
      "id": "gwangjin:security_light:LG8763",
      "geometry": {
        "type": "Point",
        "coordinates": [
          127.0823136,
          37.53978021
        ]
      },
      "properties": {
        "id": "gwangjin:security_light:LG8763",
        "type": "security_light",
        "name": "스마트보안등 LG8763",
        "address": null,
        "purpose": null,
        "managingAgency": "서울특별시 광진구",
        "sourceDatasetId": "gwangjin-smart-security-light",
        "sourceRecordId": "LG8763",
        "sourceUpdatedAt": null,
        "collectedAt": "2026-09-13T15:06:54.013Z"
      }
    },
    {
      "type": "Feature",
      "id": "gwangjin:security_light:LG8773",
      "geometry": {
        "type": "Point",
        "coordinates": [
          127.0696756,
          37.54506321
        ]
      },
      "properties": {
        "id": "gwangjin:security_light:LG8773",
        "type": "security_light",
        "name": "스마트보안등 LG8773",
        "address": null,
        "purpose": null,
        "managingAgency": "서울특별시 광진구",
        "sourceDatasetId": "gwangjin-smart-security-light",
        "sourceRecordId": "LG8773",
        "sourceUpdatedAt": null,
        "collectedAt": "2026-09-13T15:06:54.013Z"
      }
    },
    {
      "type": "Feature",
      "id": "gwangjin:security_light:LG8776",
      "geometry": {
        "type": "Point",
        "coordinates": [
          127.0702286,
          37.54536821
        ]
      },
      "properties": {
        "id": "gwangjin:security_light:LG8776",
        "type": "security_light",
        "name": "스마트보안등 LG8776",
        "address": null,
        "purpose": null,
        "managingAgency": "서울특별시 광진구",
        "sourceDatasetId": "gwangjin-smart-security-light",
        "sourceRecordId": "LG8776",
        "sourceUpdatedAt": null,
        "collectedAt": "2026-09-13T15:06:54.013Z"
      }
    },
    {
      "type": "Feature",
      "id": "gwangjin:security_light:LG8777",
      "geometry": {
        "type": "Point",
        "coordinates": [
          127.0695216,
          37.54497521
        ]
      },
      "properties": {
        "id": "gwangjin:security_light:LG8777",
        "type": "security_light",
        "name": "스마트보안등 LG8777",
        "address": null,
        "purpose": null,
        "managingAgency": "서울특별시 광진구",
        "sourceDatasetId": "gwangjin-smart-security-light",
        "sourceRecordId": "LG8777",
        "sourceUpdatedAt": null,
        "collectedAt": "2026-09-13T15:06:54.013Z"
      }
    },
    {
      "type": "Feature",
      "id": "gwangjin:security_light:LG8778",
      "geometry": {
        "type": "Point",
        "coordinates": [
          127.0804236,
          37.53839321
        ]
      },
      "properties": {
        "id": "gwangjin:security_light:LG8778",
        "type": "security_light",
        "name": "스마트보안등 LG8778",
        "address": null,
        "purpose": null,
        "managingAgency": "서울특별시 광진구",
        "sourceDatasetId": "gwangjin-smart-security-light",
        "sourceRecordId": "LG8778",
        "sourceUpdatedAt": null,
        "collectedAt": "2026-09-13T15:06:54.013Z"
      }
    },
    {
      "type": "Feature",
      "id": "gwangjin:security_light:LG8780",
      "geometry": {
        "type": "Point",
        "coordinates": [
          127.0817256,
          37.53916321
        ]
      },
      "properties": {
        "id": "gwangjin:security_light:LG8780",
        "type": "security_light",
        "name": "스마트보안등 LG8780",
        "address": null,
        "purpose": null,
        "managingAgency": "서울특별시 광진구",
        "sourceDatasetId": "gwangjin-smart-security-light",
        "sourceRecordId": "LG8780",
        "sourceUpdatedAt": null,
        "collectedAt": "2026-09-13T15:06:54.013Z"
      }
    },
    {
      "type": "Feature",
      "id": "gwangjin:security_light:LG8781",
      "geometry": {
        "type": "Point",
        "coordinates": [
          127.0809696,
          37.53851121
        ]
      },
      "properties": {
        "id": "gwangjin:security_light:LG8781",
        "type": "security_light",
        "name": "스마트보안등 LG8781",
        "address": null,
        "purpose": null,
        "managingAgency": "서울특별시 광진구",
        "sourceDatasetId": "gwangjin-smart-security-light",
        "sourceRecordId": "LG8781",
        "sourceUpdatedAt": null,
        "collectedAt": "2026-09-13T15:06:54.013Z"
      }
    },
    {
      "type": "Feature",
      "id": "gwangjin:security_light:LG8807",
      "geometry": {
        "type": "Point",
        "coordinates": [
          127.0781056,
          37.53886221
        ]
      },
      "properties": {
        "id": "gwangjin:security_light:LG8807",
        "type": "security_light",
        "name": "스마트보안등 LG8807",
        "address": null,
        "purpose": null,
        "managingAgency": "서울특별시 광진구",
        "sourceDatasetId": "gwangjin-smart-security-light",
        "sourceRecordId": "LG8807",
        "sourceUpdatedAt": null,
        "collectedAt": "2026-09-13T15:06:54.013Z"
      }
    },
    {
      "type": "Feature",
      "id": "gwangjin:security_light:LG8812",
      "geometry": {
        "type": "Point",
        "coordinates": [
          127.0777246,
          37.53894221
        ]
      },
      "properties": {
        "id": "gwangjin:security_light:LG8812",
        "type": "security_light",
        "name": "스마트보안등 LG8812",
        "address": null,
        "purpose": null,
        "managingAgency": "서울특별시 광진구",
        "sourceDatasetId": "gwangjin-smart-security-light",
        "sourceRecordId": "LG8812",
        "sourceUpdatedAt": null,
        "collectedAt": "2026-09-13T15:06:54.013Z"
      }
    },
    {
      "type": "Feature",
      "id": "gwangjin:security_light:LG8813",
      "geometry": {
        "type": "Point",
        "coordinates": [
          127.0781016,
          37.53876921
        ]
      },
      "properties": {
        "id": "gwangjin:security_light:LG8813",
        "type": "security_light",
        "name": "스마트보안등 LG8813",
        "address": null,
        "purpose": null,
        "managingAgency": "서울특별시 광진구",
        "sourceDatasetId": "gwangjin-smart-security-light",
        "sourceRecordId": "LG8813",
        "sourceUpdatedAt": null,
        "collectedAt": "2026-09-13T15:06:54.013Z"
      }
    },
    {
      "type": "Feature",
      "id": "gwangjin:security_light:LG8814",
      "geometry": {
        "type": "Point",
        "coordinates": [
          127.0789786,
          37.53825921
        ]
      },
      "properties": {
        "id": "gwangjin:security_light:LG8814",
        "type": "security_light",
        "name": "스마트보안등 LG8814",
        "address": null,
        "purpose": null,
        "managingAgency": "서울특별시 광진구",
        "sourceDatasetId": "gwangjin-smart-security-light",
        "sourceRecordId": "LG8814",
        "sourceUpdatedAt": null,
        "collectedAt": "2026-09-13T15:06:54.013Z"
      }
    },
    {
      "type": "Feature",
      "id": "gwangjin:security_light:LG8815",
      "geometry": {
        "type": "Point",
        "coordinates": [
          127.0788056,
          37.53813521
        ]
      },
      "properties": {
        "id": "gwangjin:security_light:LG8815",
        "type": "security_light",
        "name": "스마트보안등 LG8815",
        "address": null,
        "purpose": null,
        "managingAgency": "서울특별시 광진구",
        "sourceDatasetId": "gwangjin-smart-security-light",
        "sourceRecordId": "LG8815",
        "sourceUpdatedAt": null,
        "collectedAt": "2026-09-13T15:06:54.013Z"
      }
    },
    {
      "type": "Feature",
      "id": "gwangjin:security_light:LG8829",
      "geometry": {
        "type": "Point",
        "coordinates": [
          127.0700396,
          37.54151821
        ]
      },
      "properties": {
        "id": "gwangjin:security_light:LG8829",
        "type": "security_light",
        "name": "스마트보안등 LG8829",
        "address": null,
        "purpose": null,
        "managingAgency": "서울특별시 광진구",
        "sourceDatasetId": "gwangjin-smart-security-light",
        "sourceRecordId": "LG8829",
        "sourceUpdatedAt": null,
        "collectedAt": "2026-09-13T15:06:54.013Z"
      }
    },
    {
      "type": "Feature",
      "id": "gwangjin:security_light:LG8830",
      "geometry": {
        "type": "Point",
        "coordinates": [
          127.0712496,
          37.54265221
        ]
      },
      "properties": {
        "id": "gwangjin:security_light:LG8830",
        "type": "security_light",
        "name": "스마트보안등 LG8830",
        "address": null,
        "purpose": null,
        "managingAgency": "서울특별시 광진구",
        "sourceDatasetId": "gwangjin-smart-security-light",
        "sourceRecordId": "LG8830",
        "sourceUpdatedAt": null,
        "collectedAt": "2026-09-13T15:06:54.013Z"
      }
    },
    {
      "type": "Feature",
      "id": "gwangjin:security_light:LG8834",
      "geometry": {
        "type": "Point",
        "coordinates": [
          127.0701716,
          37.54174021
        ]
      },
      "properties": {
        "id": "gwangjin:security_light:LG8834",
        "type": "security_light",
        "name": "스마트보안등 LG8834",
        "address": null,
        "purpose": null,
        "managingAgency": "서울특별시 광진구",
        "sourceDatasetId": "gwangjin-smart-security-light",
        "sourceRecordId": "LG8834",
        "sourceUpdatedAt": null,
        "collectedAt": "2026-09-13T15:06:54.013Z"
      }
    },
    {
      "type": "Feature",
      "id": "gwangjin:security_light:LG8837",
      "geometry": {
        "type": "Point",
        "coordinates": [
          127.0720056,
          37.54491421
        ]
      },
      "properties": {
        "id": "gwangjin:security_light:LG8837",
        "type": "security_light",
        "name": "스마트보안등 LG8837",
        "address": null,
        "purpose": null,
        "managingAgency": "서울특별시 광진구",
        "sourceDatasetId": "gwangjin-smart-security-light",
        "sourceRecordId": "LG8837",
        "sourceUpdatedAt": null,
        "collectedAt": "2026-09-13T15:06:54.013Z"
      }
    },
    {
      "type": "Feature",
      "id": "gwangjin:security_light:LG8839",
      "geometry": {
        "type": "Point",
        "coordinates": [
          127.0703996,
          37.54166521
        ]
      },
      "properties": {
        "id": "gwangjin:security_light:LG8839",
        "type": "security_light",
        "name": "스마트보안등 LG8839",
        "address": null,
        "purpose": null,
        "managingAgency": "서울특별시 광진구",
        "sourceDatasetId": "gwangjin-smart-security-light",
        "sourceRecordId": "LG8839",
        "sourceUpdatedAt": null,
        "collectedAt": "2026-09-13T15:06:54.013Z"
      }
    },
    {
      "type": "Feature",
      "id": "gwangjin:security_light:LG8840",
      "geometry": {
        "type": "Point",
        "coordinates": [
          127.0707456,
          37.54241721
        ]
      },
      "properties": {
        "id": "gwangjin:security_light:LG8840",
        "type": "security_light",
        "name": "스마트보안등 LG8840",
        "address": null,
        "purpose": null,
        "managingAgency": "서울특별시 광진구",
        "sourceDatasetId": "gwangjin-smart-security-light",
        "sourceRecordId": "LG8840",
        "sourceUpdatedAt": null,
        "collectedAt": "2026-09-13T15:06:54.013Z"
      }
    },
    {
      "type": "Feature",
      "id": "gwangjin:security_light:LG8842",
      "geometry": {
        "type": "Point",
        "coordinates": [
          127.0723066,
          37.54486121
        ]
      },
      "properties": {
        "id": "gwangjin:security_light:LG8842",
        "type": "security_light",
        "name": "스마트보안등 LG8842",
        "address": null,
        "purpose": null,
        "managingAgency": "서울특별시 광진구",
        "sourceDatasetId": "gwangjin-smart-security-light",
        "sourceRecordId": "LG8842",
        "sourceUpdatedAt": null,
        "collectedAt": "2026-09-13T15:06:54.013Z"
      }
    },
    {
      "type": "Feature",
      "id": "gwangjin:security_light:LG8843",
      "geometry": {
        "type": "Point",
        "coordinates": [
          127.0707226,
          37.54295121
        ]
      },
      "properties": {
        "id": "gwangjin:security_light:LG8843",
        "type": "security_light",
        "name": "스마트보안등 LG8843",
        "address": null,
        "purpose": null,
        "managingAgency": "서울특별시 광진구",
        "sourceDatasetId": "gwangjin-smart-security-light",
        "sourceRecordId": "LG8843",
        "sourceUpdatedAt": null,
        "collectedAt": "2026-09-13T15:06:54.013Z"
      }
    },
    {
      "type": "Feature",
      "id": "gwangjin:security_light:LG8844",
      "geometry": {
        "type": "Point",
        "coordinates": [
          127.0705916,
          37.54332721
        ]
      },
      "properties": {
        "id": "gwangjin:security_light:LG8844",
        "type": "security_light",
        "name": "스마트보안등 LG8844",
        "address": null,
        "purpose": null,
        "managingAgency": "서울특별시 광진구",
        "sourceDatasetId": "gwangjin-smart-security-light",
        "sourceRecordId": "LG8844",
        "sourceUpdatedAt": null,
        "collectedAt": "2026-09-13T15:06:54.013Z"
      }
    },
    {
      "type": "Feature",
      "id": "gwangjin:security_light:LG8845",
      "geometry": {
        "type": "Point",
        "coordinates": [
          127.0704036,
          37.54349521
        ]
      },
      "properties": {
        "id": "gwangjin:security_light:LG8845",
        "type": "security_light",
        "name": "스마트보안등 LG8845",
        "address": null,
        "purpose": null,
        "managingAgency": "서울특별시 광진구",
        "sourceDatasetId": "gwangjin-smart-security-light",
        "sourceRecordId": "LG8845",
        "sourceUpdatedAt": null,
        "collectedAt": "2026-09-13T15:06:54.013Z"
      }
    },
    {
      "type": "Feature",
      "id": "gwangjin:security_light:LG8846",
      "geometry": {
        "type": "Point",
        "coordinates": [
          127.0713436,
          37.54480821
        ]
      },
      "properties": {
        "id": "gwangjin:security_light:LG8846",
        "type": "security_light",
        "name": "스마트보안등 LG8846",
        "address": null,
        "purpose": null,
        "managingAgency": "서울특별시 광진구",
        "sourceDatasetId": "gwangjin-smart-security-light",
        "sourceRecordId": "LG8846",
        "sourceUpdatedAt": null,
        "collectedAt": "2026-09-13T15:06:54.013Z"
      }
    },
    {
      "type": "Feature",
      "id": "gwangjin:security_light:LG8972",
      "geometry": {
        "type": "Point",
        "coordinates": [
          127.0683066,
          37.54189121
        ]
      },
      "properties": {
        "id": "gwangjin:security_light:LG8972",
        "type": "security_light",
        "name": "스마트보안등 LG8972",
        "address": null,
        "purpose": null,
        "managingAgency": "서울특별시 광진구",
        "sourceDatasetId": "gwangjin-smart-security-light",
        "sourceRecordId": "LG8972",
        "sourceUpdatedAt": null,
        "collectedAt": "2026-09-13T15:06:54.013Z"
      }
    },
    {
      "type": "Feature",
      "id": "gwangjin:security_light:LG8976",
      "geometry": {
        "type": "Point",
        "coordinates": [
          127.0810366,
          37.53758721
        ]
      },
      "properties": {
        "id": "gwangjin:security_light:LG8976",
        "type": "security_light",
        "name": "스마트보안등 LG8976",
        "address": null,
        "purpose": null,
        "managingAgency": "서울특별시 광진구",
        "sourceDatasetId": "gwangjin-smart-security-light",
        "sourceRecordId": "LG8976",
        "sourceUpdatedAt": null,
        "collectedAt": "2026-09-13T15:06:54.013Z"
      }
    },
    {
      "type": "Feature",
      "id": "gwangjin:security_light:LG8981",
      "geometry": {
        "type": "Point",
        "coordinates": [
          127.0693716,
          37.54263221
        ]
      },
      "properties": {
        "id": "gwangjin:security_light:LG8981",
        "type": "security_light",
        "name": "스마트보안등 LG8981",
        "address": null,
        "purpose": null,
        "managingAgency": "서울특별시 광진구",
        "sourceDatasetId": "gwangjin-smart-security-light",
        "sourceRecordId": "LG8981",
        "sourceUpdatedAt": null,
        "collectedAt": "2026-09-13T15:06:54.013Z"
      }
    },
    {
      "type": "Feature",
      "id": "gwangjin:security_light:LG9745",
      "geometry": {
        "type": "Point",
        "coordinates": [
          127.0650636,
          37.53803621
        ]
      },
      "properties": {
        "id": "gwangjin:security_light:LG9745",
        "type": "security_light",
        "name": "스마트보안등 LG9745",
        "address": null,
        "purpose": null,
        "managingAgency": "서울특별시 광진구",
        "sourceDatasetId": "gwangjin-smart-security-light",
        "sourceRecordId": "LG9745",
        "sourceUpdatedAt": null,
        "collectedAt": "2026-09-13T15:06:54.013Z"
      }
    },
    {
      "type": "Feature",
      "id": "gwangjin:security_light:LI1270",
      "geometry": {
        "type": "Point",
        "coordinates": [
          127.07470757,
          37.54536614
        ]
      },
      "properties": {
        "id": "gwangjin:security_light:LI1270",
        "type": "security_light",
        "name": "스마트보안등 LI1270",
        "address": null,
        "purpose": null,
        "managingAgency": "서울특별시 광진구",
        "sourceDatasetId": "gwangjin-smart-security-light",
        "sourceRecordId": "LI1270",
        "sourceUpdatedAt": null,
        "collectedAt": "2026-09-13T15:06:54.013Z"
      }
    },
    {
      "type": "Feature",
      "id": "gwangjin:security_light:LI1478",
      "geometry": {
        "type": "Point",
        "coordinates": [
          127.0743876,
          37.54552821
        ]
      },
      "properties": {
        "id": "gwangjin:security_light:LI1478",
        "type": "security_light",
        "name": "스마트보안등 LI1478",
        "address": null,
        "purpose": null,
        "managingAgency": "서울특별시 광진구",
        "sourceDatasetId": "gwangjin-smart-security-light",
        "sourceRecordId": "LI1478",
        "sourceUpdatedAt": null,
        "collectedAt": "2026-09-13T15:06:54.013Z"
      }
    },
    {
      "type": "Feature",
      "id": "gwangjin:security_light:LI1491",
      "geometry": {
        "type": "Point",
        "coordinates": [
          127.0737806,
          37.54503621
        ]
      },
      "properties": {
        "id": "gwangjin:security_light:LI1491",
        "type": "security_light",
        "name": "스마트보안등 LI1491",
        "address": null,
        "purpose": null,
        "managingAgency": "서울특별시 광진구",
        "sourceDatasetId": "gwangjin-smart-security-light",
        "sourceRecordId": "LI1491",
        "sourceUpdatedAt": null,
        "collectedAt": "2026-09-13T15:06:54.013Z"
      }
    },
    {
      "type": "Feature",
      "id": "gwangjin:security_light:LI1664",
      "geometry": {
        "type": "Point",
        "coordinates": [
          127.0752556,
          37.54630621
        ]
      },
      "properties": {
        "id": "gwangjin:security_light:LI1664",
        "type": "security_light",
        "name": "스마트보안등 LI1664",
        "address": null,
        "purpose": null,
        "managingAgency": "서울특별시 광진구",
        "sourceDatasetId": "gwangjin-smart-security-light",
        "sourceRecordId": "LI1664",
        "sourceUpdatedAt": null,
        "collectedAt": "2026-09-13T15:06:54.013Z"
      }
    },
    {
      "type": "Feature",
      "id": "gwangjin:security_light:LI1936",
      "geometry": {
        "type": "Point",
        "coordinates": [
          127.0762866,
          37.54517321
        ]
      },
      "properties": {
        "id": "gwangjin:security_light:LI1936",
        "type": "security_light",
        "name": "스마트보안등 LI1936",
        "address": null,
        "purpose": null,
        "managingAgency": "서울특별시 광진구",
        "sourceDatasetId": "gwangjin-smart-security-light",
        "sourceRecordId": "LI1936",
        "sourceUpdatedAt": null,
        "collectedAt": "2026-09-13T15:06:54.013Z"
      }
    },
    {
      "type": "Feature",
      "id": "gwangjin:security_light:LI1940",
      "geometry": {
        "type": "Point",
        "coordinates": [
          127.0759006,
          37.54494821
        ]
      },
      "properties": {
        "id": "gwangjin:security_light:LI1940",
        "type": "security_light",
        "name": "스마트보안등 LI1940",
        "address": null,
        "purpose": null,
        "managingAgency": "서울특별시 광진구",
        "sourceDatasetId": "gwangjin-smart-security-light",
        "sourceRecordId": "LI1940",
        "sourceUpdatedAt": null,
        "collectedAt": "2026-09-13T15:06:54.013Z"
      }
    },
    {
      "type": "Feature",
      "id": "gwangjin:security_light:LI1946",
      "geometry": {
        "type": "Point",
        "coordinates": [
          127.0751776,
          37.54507621
        ]
      },
      "properties": {
        "id": "gwangjin:security_light:LI1946",
        "type": "security_light",
        "name": "스마트보안등 LI1946",
        "address": null,
        "purpose": null,
        "managingAgency": "서울특별시 광진구",
        "sourceDatasetId": "gwangjin-smart-security-light",
        "sourceRecordId": "LI1946",
        "sourceUpdatedAt": null,
        "collectedAt": "2026-09-13T15:06:54.013Z"
      }
    },
    {
      "type": "Feature",
      "id": "gwangjin:security_light:LI1947",
      "geometry": {
        "type": "Point",
        "coordinates": [
          127.0755686,
          37.54519421
        ]
      },
      "properties": {
        "id": "gwangjin:security_light:LI1947",
        "type": "security_light",
        "name": "스마트보안등 LI1947",
        "address": null,
        "purpose": null,
        "managingAgency": "서울특별시 광진구",
        "sourceDatasetId": "gwangjin-smart-security-light",
        "sourceRecordId": "LI1947",
        "sourceUpdatedAt": null,
        "collectedAt": "2026-09-13T15:06:54.013Z"
      }
    },
    {
      "type": "Feature",
      "id": "gwangjin:security_light:LI1999",
      "geometry": {
        "type": "Point",
        "coordinates": [
          127.0758636,
          37.54504721
        ]
      },
      "properties": {
        "id": "gwangjin:security_light:LI1999",
        "type": "security_light",
        "name": "스마트보안등 LI1999",
        "address": null,
        "purpose": null,
        "managingAgency": "서울특별시 광진구",
        "sourceDatasetId": "gwangjin-smart-security-light",
        "sourceRecordId": "LI1999",
        "sourceUpdatedAt": null,
        "collectedAt": "2026-09-13T15:06:54.013Z"
      }
    },
    {
      "type": "Feature",
      "id": "gwangjin:security_light:LI2031",
      "geometry": {
        "type": "Point",
        "coordinates": [
          127.07421544,
          37.54519043
        ]
      },
      "properties": {
        "id": "gwangjin:security_light:LI2031",
        "type": "security_light",
        "name": "스마트보안등 LI2031",
        "address": null,
        "purpose": null,
        "managingAgency": "서울특별시 광진구",
        "sourceDatasetId": "gwangjin-smart-security-light",
        "sourceRecordId": "LI2031",
        "sourceUpdatedAt": null,
        "collectedAt": "2026-09-13T15:06:54.013Z"
      }
    },
    {
      "type": "Feature",
      "id": "gwangjin:security_light:LI2414",
      "geometry": {
        "type": "Point",
        "coordinates": [
          127.0748896,
          37.54536221
        ]
      },
      "properties": {
        "id": "gwangjin:security_light:LI2414",
        "type": "security_light",
        "name": "스마트보안등 LI2414",
        "address": null,
        "purpose": null,
        "managingAgency": "서울특별시 광진구",
        "sourceDatasetId": "gwangjin-smart-security-light",
        "sourceRecordId": "LI2414",
        "sourceUpdatedAt": null,
        "collectedAt": "2026-09-13T15:06:54.013Z"
      }
    },
    {
      "type": "Feature",
      "id": "gwangjin:security_light:LI2424",
      "geometry": {
        "type": "Point",
        "coordinates": [
          127.0747842,
          37.54551984
        ]
      },
      "properties": {
        "id": "gwangjin:security_light:LI2424",
        "type": "security_light",
        "name": "스마트보안등 LI2424",
        "address": null,
        "purpose": null,
        "managingAgency": "서울특별시 광진구",
        "sourceDatasetId": "gwangjin-smart-security-light",
        "sourceRecordId": "LI2424",
        "sourceUpdatedAt": null,
        "collectedAt": "2026-09-13T15:06:54.013Z"
      }
    },
    {
      "type": "Feature",
      "id": "gwangjin:security_light:LI2458",
      "geometry": {
        "type": "Point",
        "coordinates": [
          127.0759576,
          37.54562421
        ]
      },
      "properties": {
        "id": "gwangjin:security_light:LI2458",
        "type": "security_light",
        "name": "스마트보안등 LI2458",
        "address": null,
        "purpose": null,
        "managingAgency": "서울특별시 광진구",
        "sourceDatasetId": "gwangjin-smart-security-light",
        "sourceRecordId": "LI2458",
        "sourceUpdatedAt": null,
        "collectedAt": "2026-09-13T15:06:54.013Z"
      }
    },
    {
      "type": "Feature",
      "id": "gwangjin:security_light:LI3171",
      "geometry": {
        "type": "Point",
        "coordinates": [
          127.0761836,
          37.54537421
        ]
      },
      "properties": {
        "id": "gwangjin:security_light:LI3171",
        "type": "security_light",
        "name": "스마트보안등 LI3171",
        "address": null,
        "purpose": null,
        "managingAgency": "서울특별시 광진구",
        "sourceDatasetId": "gwangjin-smart-security-light",
        "sourceRecordId": "LI3171",
        "sourceUpdatedAt": null,
        "collectedAt": "2026-09-13T15:06:54.013Z"
      }
    },
    {
      "type": "Feature",
      "id": "gwangjin:security_light:LI3310",
      "geometry": {
        "type": "Point",
        "coordinates": [
          127.0750996,
          37.54620421
        ]
      },
      "properties": {
        "id": "gwangjin:security_light:LI3310",
        "type": "security_light",
        "name": "스마트보안등 LI3310",
        "address": null,
        "purpose": null,
        "managingAgency": "서울특별시 광진구",
        "sourceDatasetId": "gwangjin-smart-security-light",
        "sourceRecordId": "LI3310",
        "sourceUpdatedAt": null,
        "collectedAt": "2026-09-13T15:06:54.013Z"
      }
    },
    {
      "type": "Feature",
      "id": "gwangjin:security_light:LI3312",
      "geometry": {
        "type": "Point",
        "coordinates": [
          127.0740236,
          37.54496621
        ]
      },
      "properties": {
        "id": "gwangjin:security_light:LI3312",
        "type": "security_light",
        "name": "스마트보안등 LI3312",
        "address": null,
        "purpose": null,
        "managingAgency": "서울특별시 광진구",
        "sourceDatasetId": "gwangjin-smart-security-light",
        "sourceRecordId": "LI3312",
        "sourceUpdatedAt": null,
        "collectedAt": "2026-09-13T15:06:54.013Z"
      }
    },
    {
      "type": "Feature",
      "id": "gwangjin:security_light:LI3334",
      "geometry": {
        "type": "Point",
        "coordinates": [
          127.0748566,
          37.54494121
        ]
      },
      "properties": {
        "id": "gwangjin:security_light:LI3334",
        "type": "security_light",
        "name": "스마트보안등 LI3334",
        "address": null,
        "purpose": null,
        "managingAgency": "서울특별시 광진구",
        "sourceDatasetId": "gwangjin-smart-security-light",
        "sourceRecordId": "LI3334",
        "sourceUpdatedAt": null,
        "collectedAt": "2026-09-13T15:06:54.013Z"
      }
    },
    {
      "type": "Feature",
      "id": "gwangjin:security_light:LI3719",
      "geometry": {
        "type": "Point",
        "coordinates": [
          127.0757811,
          37.54559624
        ]
      },
      "properties": {
        "id": "gwangjin:security_light:LI3719",
        "type": "security_light",
        "name": "스마트보안등 LI3719",
        "address": null,
        "purpose": null,
        "managingAgency": "서울특별시 광진구",
        "sourceDatasetId": "gwangjin-smart-security-light",
        "sourceRecordId": "LI3719",
        "sourceUpdatedAt": null,
        "collectedAt": "2026-09-13T15:06:54.013Z"
      }
    },
    {
      "type": "Feature",
      "id": "gwangjin:security_light:LI4824",
      "geometry": {
        "type": "Point",
        "coordinates": [
          127.0743806,
          37.54489521
        ]
      },
      "properties": {
        "id": "gwangjin:security_light:LI4824",
        "type": "security_light",
        "name": "스마트보안등 LI4824",
        "address": null,
        "purpose": null,
        "managingAgency": "서울특별시 광진구",
        "sourceDatasetId": "gwangjin-smart-security-light",
        "sourceRecordId": "LI4824",
        "sourceUpdatedAt": null,
        "collectedAt": "2026-09-13T15:06:54.013Z"
      }
    },
    {
      "type": "Feature",
      "id": "gwangjin:security_light:LI4827",
      "geometry": {
        "type": "Point",
        "coordinates": [
          127.0759806,
          37.54477221
        ]
      },
      "properties": {
        "id": "gwangjin:security_light:LI4827",
        "type": "security_light",
        "name": "스마트보안등 LI4827",
        "address": null,
        "purpose": null,
        "managingAgency": "서울특별시 광진구",
        "sourceDatasetId": "gwangjin-smart-security-light",
        "sourceRecordId": "LI4827",
        "sourceUpdatedAt": null,
        "collectedAt": "2026-09-13T15:06:54.013Z"
      }
    },
    {
      "type": "Feature",
      "id": "gwangjin:security_light:LI4883",
      "geometry": {
        "type": "Point",
        "coordinates": [
          127.07497536,
          37.54481392
        ]
      },
      "properties": {
        "id": "gwangjin:security_light:LI4883",
        "type": "security_light",
        "name": "스마트보안등 LI4883",
        "address": null,
        "purpose": null,
        "managingAgency": "서울특별시 광진구",
        "sourceDatasetId": "gwangjin-smart-security-light",
        "sourceRecordId": "LI4883",
        "sourceUpdatedAt": null,
        "collectedAt": "2026-09-13T15:06:54.013Z"
      }
    },
    {
      "type": "Feature",
      "id": "gwangjin:security_light:LI5412",
      "geometry": {
        "type": "Point",
        "coordinates": [
          127.0734006,
          37.54501021
        ]
      },
      "properties": {
        "id": "gwangjin:security_light:LI5412",
        "type": "security_light",
        "name": "스마트보안등 LI5412",
        "address": null,
        "purpose": null,
        "managingAgency": "서울특별시 광진구",
        "sourceDatasetId": "gwangjin-smart-security-light",
        "sourceRecordId": "LI5412",
        "sourceUpdatedAt": null,
        "collectedAt": "2026-09-13T15:06:54.013Z"
      }
    },
    {
      "type": "Feature",
      "id": "gwangjin:security_light:LI5413",
      "geometry": {
        "type": "Point",
        "coordinates": [
          127.0737686,
          37.54560421
        ]
      },
      "properties": {
        "id": "gwangjin:security_light:LI5413",
        "type": "security_light",
        "name": "스마트보안등 LI5413",
        "address": null,
        "purpose": null,
        "managingAgency": "서울특별시 광진구",
        "sourceDatasetId": "gwangjin-smart-security-light",
        "sourceRecordId": "LI5413",
        "sourceUpdatedAt": null,
        "collectedAt": "2026-09-13T15:06:54.013Z"
      }
    },
    {
      "type": "Feature",
      "id": "gwangjin:security_light:LI6459",
      "geometry": {
        "type": "Point",
        "coordinates": [
          127.0742236,
          37.54593821
        ]
      },
      "properties": {
        "id": "gwangjin:security_light:LI6459",
        "type": "security_light",
        "name": "스마트보안등 LI6459",
        "address": null,
        "purpose": null,
        "managingAgency": "서울특별시 광진구",
        "sourceDatasetId": "gwangjin-smart-security-light",
        "sourceRecordId": "LI6459",
        "sourceUpdatedAt": null,
        "collectedAt": "2026-09-13T15:06:54.013Z"
      }
    },
    {
      "type": "Feature",
      "id": "gwangjin:security_light:LI6461",
      "geometry": {
        "type": "Point",
        "coordinates": [
          127.0749896,
          37.54502421
        ]
      },
      "properties": {
        "id": "gwangjin:security_light:LI6461",
        "type": "security_light",
        "name": "스마트보안등 LI6461",
        "address": null,
        "purpose": null,
        "managingAgency": "서울특별시 광진구",
        "sourceDatasetId": "gwangjin-smart-security-light",
        "sourceRecordId": "LI6461",
        "sourceUpdatedAt": null,
        "collectedAt": "2026-09-13T15:06:54.013Z"
      }
    },
    {
      "type": "Feature",
      "id": "gwangjin:security_light:LI6677",
      "geometry": {
        "type": "Point",
        "coordinates": [
          127.0746386,
          37.54672121
        ]
      },
      "properties": {
        "id": "gwangjin:security_light:LI6677",
        "type": "security_light",
        "name": "스마트보안등 LI6677",
        "address": null,
        "purpose": null,
        "managingAgency": "서울특별시 광진구",
        "sourceDatasetId": "gwangjin-smart-security-light",
        "sourceRecordId": "LI6677",
        "sourceUpdatedAt": null,
        "collectedAt": "2026-09-13T15:06:54.013Z"
      }
    },
    {
      "type": "Feature",
      "id": "gwangjin:security_light:LI6679",
      "geometry": {
        "type": "Point",
        "coordinates": [
          127.0747676,
          37.54483721
        ]
      },
      "properties": {
        "id": "gwangjin:security_light:LI6679",
        "type": "security_light",
        "name": "스마트보안등 LI6679",
        "address": null,
        "purpose": null,
        "managingAgency": "서울특별시 광진구",
        "sourceDatasetId": "gwangjin-smart-security-light",
        "sourceRecordId": "LI6679",
        "sourceUpdatedAt": null,
        "collectedAt": "2026-09-13T15:06:54.013Z"
      }
    },
    {
      "type": "Feature",
      "id": "gwangjin:security_light:LI6910",
      "geometry": {
        "type": "Point",
        "coordinates": [
          127.0749306,
          37.54580521
        ]
      },
      "properties": {
        "id": "gwangjin:security_light:LI6910",
        "type": "security_light",
        "name": "스마트보안등 LI6910",
        "address": null,
        "purpose": null,
        "managingAgency": "서울특별시 광진구",
        "sourceDatasetId": "gwangjin-smart-security-light",
        "sourceRecordId": "LI6910",
        "sourceUpdatedAt": null,
        "collectedAt": "2026-09-13T15:06:54.013Z"
      }
    },
    {
      "type": "Feature",
      "id": "gwangjin:security_light:LI6934",
      "geometry": {
        "type": "Point",
        "coordinates": [
          127.0762016,
          37.54480721
        ]
      },
      "properties": {
        "id": "gwangjin:security_light:LI6934",
        "type": "security_light",
        "name": "스마트보안등 LI6934",
        "address": null,
        "purpose": null,
        "managingAgency": "서울특별시 광진구",
        "sourceDatasetId": "gwangjin-smart-security-light",
        "sourceRecordId": "LI6934",
        "sourceUpdatedAt": null,
        "collectedAt": "2026-09-13T15:06:54.013Z"
      }
    },
    {
      "type": "Feature",
      "id": "gwangjin:security_light:LI6937",
      "geometry": {
        "type": "Point",
        "coordinates": [
          127.0737376,
          37.54532621
        ]
      },
      "properties": {
        "id": "gwangjin:security_light:LI6937",
        "type": "security_light",
        "name": "스마트보안등 LI6937",
        "address": null,
        "purpose": null,
        "managingAgency": "서울특별시 광진구",
        "sourceDatasetId": "gwangjin-smart-security-light",
        "sourceRecordId": "LI6937",
        "sourceUpdatedAt": null,
        "collectedAt": "2026-09-13T15:06:54.013Z"
      }
    },
    {
      "type": "Feature",
      "id": "gwangjin:security_light:LI7421",
      "geometry": {
        "type": "Point",
        "coordinates": [
          127.0747126,
          37.54519621
        ]
      },
      "properties": {
        "id": "gwangjin:security_light:LI7421",
        "type": "security_light",
        "name": "스마트보안등 LI7421",
        "address": null,
        "purpose": null,
        "managingAgency": "서울특별시 광진구",
        "sourceDatasetId": "gwangjin-smart-security-light",
        "sourceRecordId": "LI7421",
        "sourceUpdatedAt": null,
        "collectedAt": "2026-09-13T15:06:54.013Z"
      }
    },
    {
      "type": "Feature",
      "id": "gwangjin:security_light:LI7425",
      "geometry": {
        "type": "Point",
        "coordinates": [
          127.076129,
          37.54510484
        ]
      },
      "properties": {
        "id": "gwangjin:security_light:LI7425",
        "type": "security_light",
        "name": "스마트보안등 LI7425",
        "address": null,
        "purpose": null,
        "managingAgency": "서울특별시 광진구",
        "sourceDatasetId": "gwangjin-smart-security-light",
        "sourceRecordId": "LI7425",
        "sourceUpdatedAt": null,
        "collectedAt": "2026-09-13T15:06:54.013Z"
      }
    },
    {
      "type": "Feature",
      "id": "gwangjin:security_light:LI7427",
      "geometry": {
        "type": "Point",
        "coordinates": [
          127.0757866,
          37.54525221
        ]
      },
      "properties": {
        "id": "gwangjin:security_light:LI7427",
        "type": "security_light",
        "name": "스마트보안등 LI7427",
        "address": null,
        "purpose": null,
        "managingAgency": "서울특별시 광진구",
        "sourceDatasetId": "gwangjin-smart-security-light",
        "sourceRecordId": "LI7427",
        "sourceUpdatedAt": null,
        "collectedAt": "2026-09-13T15:06:54.013Z"
      }
    },
    {
      "type": "Feature",
      "id": "gwangjin:security_light:LI8261",
      "geometry": {
        "type": "Point",
        "coordinates": [
          127.0740186,
          37.54519321
        ]
      },
      "properties": {
        "id": "gwangjin:security_light:LI8261",
        "type": "security_light",
        "name": "스마트보안등 LI8261",
        "address": null,
        "purpose": null,
        "managingAgency": "서울특별시 광진구",
        "sourceDatasetId": "gwangjin-smart-security-light",
        "sourceRecordId": "LI8261",
        "sourceUpdatedAt": null,
        "collectedAt": "2026-09-13T15:06:54.013Z"
      }
    },
    {
      "type": "Feature",
      "id": "gwangjin:security_light:LI8294",
      "geometry": {
        "type": "Point",
        "coordinates": [
          127.0745476,
          37.54655321
        ]
      },
      "properties": {
        "id": "gwangjin:security_light:LI8294",
        "type": "security_light",
        "name": "스마트보안등 LI8294",
        "address": null,
        "purpose": null,
        "managingAgency": "서울특별시 광진구",
        "sourceDatasetId": "gwangjin-smart-security-light",
        "sourceRecordId": "LI8294",
        "sourceUpdatedAt": null,
        "collectedAt": "2026-09-13T15:06:54.013Z"
      }
    },
    {
      "type": "Feature",
      "id": "gwangjin:security_light:LI8660",
      "geometry": {
        "type": "Point",
        "coordinates": [
          127.0736406,
          37.54554321
        ]
      },
      "properties": {
        "id": "gwangjin:security_light:LI8660",
        "type": "security_light",
        "name": "스마트보안등 LI8660",
        "address": null,
        "purpose": null,
        "managingAgency": "서울특별시 광진구",
        "sourceDatasetId": "gwangjin-smart-security-light",
        "sourceRecordId": "LI8660",
        "sourceUpdatedAt": null,
        "collectedAt": "2026-09-13T15:06:54.013Z"
      }
    },
    {
      "type": "Feature",
      "id": "gwangjin:security_light:LI8697",
      "geometry": {
        "type": "Point",
        "coordinates": [
          127.0761136,
          37.54568621
        ]
      },
      "properties": {
        "id": "gwangjin:security_light:LI8697",
        "type": "security_light",
        "name": "스마트보안등 LI8697",
        "address": null,
        "purpose": null,
        "managingAgency": "서울특별시 광진구",
        "sourceDatasetId": "gwangjin-smart-security-light",
        "sourceRecordId": "LI8697",
        "sourceUpdatedAt": null,
        "collectedAt": "2026-09-13T15:06:54.013Z"
      }
    },
    {
      "type": "Feature",
      "id": "gwangjin:security_light:LI8699",
      "geometry": {
        "type": "Point",
        "coordinates": [
          127.0744097,
          37.54547464
        ]
      },
      "properties": {
        "id": "gwangjin:security_light:LI8699",
        "type": "security_light",
        "name": "스마트보안등 LI8699",
        "address": null,
        "purpose": null,
        "managingAgency": "서울특별시 광진구",
        "sourceDatasetId": "gwangjin-smart-security-light",
        "sourceRecordId": "LI8699",
        "sourceUpdatedAt": null,
        "collectedAt": "2026-09-13T15:06:54.013Z"
      }
    },
    {
      "type": "Feature",
      "id": "gwangjin:security_light:LI9263",
      "geometry": {
        "type": "Point",
        "coordinates": [
          127.0752626,
          37.54495021
        ]
      },
      "properties": {
        "id": "gwangjin:security_light:LI9263",
        "type": "security_light",
        "name": "스마트보안등 LI9263",
        "address": null,
        "purpose": null,
        "managingAgency": "서울특별시 광진구",
        "sourceDatasetId": "gwangjin-smart-security-light",
        "sourceRecordId": "LI9263",
        "sourceUpdatedAt": null,
        "collectedAt": "2026-09-13T15:06:54.013Z"
      }
    },
    {
      "type": "Feature",
      "id": "gwangjin:security_light:LI9766",
      "geometry": {
        "type": "Point",
        "coordinates": [
          127.0750466,
          37.54609521
        ]
      },
      "properties": {
        "id": "gwangjin:security_light:LI9766",
        "type": "security_light",
        "name": "스마트보안등 LI9766",
        "address": null,
        "purpose": null,
        "managingAgency": "서울특별시 광진구",
        "sourceDatasetId": "gwangjin-smart-security-light",
        "sourceRecordId": "LI9766",
        "sourceUpdatedAt": null,
        "collectedAt": "2026-09-13T15:06:54.013Z"
      }
    },
    {
      "type": "Feature",
      "id": "gwangjin:security_light:LI9768",
      "geometry": {
        "type": "Point",
        "coordinates": [
          127.0751206,
          37.54529421
        ]
      },
      "properties": {
        "id": "gwangjin:security_light:LI9768",
        "type": "security_light",
        "name": "스마트보안등 LI9768",
        "address": null,
        "purpose": null,
        "managingAgency": "서울특별시 광진구",
        "sourceDatasetId": "gwangjin-smart-security-light",
        "sourceRecordId": "LI9768",
        "sourceUpdatedAt": null,
        "collectedAt": "2026-09-13T15:06:54.013Z"
      }
    },
    {
      "type": "Feature",
      "id": "gwangjin:security_light:LI9896",
      "geometry": {
        "type": "Point",
        "coordinates": [
          127.0753686,
          37.54522621
        ]
      },
      "properties": {
        "id": "gwangjin:security_light:LI9896",
        "type": "security_light",
        "name": "스마트보안등 LI9896",
        "address": null,
        "purpose": null,
        "managingAgency": "서울특별시 광진구",
        "sourceDatasetId": "gwangjin-smart-security-light",
        "sourceRecordId": "LI9896",
        "sourceUpdatedAt": null,
        "collectedAt": "2026-09-13T15:06:54.013Z"
      }
    },
    {
      "type": "Feature",
      "id": "gwangjin:security_light:LI9904",
      "geometry": {
        "type": "Point",
        "coordinates": [
          127.0750471,
          37.54595964
        ]
      },
      "properties": {
        "id": "gwangjin:security_light:LI9904",
        "type": "security_light",
        "name": "스마트보안등 LI9904",
        "address": null,
        "purpose": null,
        "managingAgency": "서울특별시 광진구",
        "sourceDatasetId": "gwangjin-smart-security-light",
        "sourceRecordId": "LI9904",
        "sourceUpdatedAt": null,
        "collectedAt": "2026-09-13T15:06:54.013Z"
      }
    },
    {
      "type": "Feature",
      "id": "gwangjin:security_light:LI9907",
      "geometry": {
        "type": "Point",
        "coordinates": [
          127.0740826,
          37.54556021
        ]
      },
      "properties": {
        "id": "gwangjin:security_light:LI9907",
        "type": "security_light",
        "name": "스마트보안등 LI9907",
        "address": null,
        "purpose": null,
        "managingAgency": "서울특별시 광진구",
        "sourceDatasetId": "gwangjin-smart-security-light",
        "sourceRecordId": "LI9907",
        "sourceUpdatedAt": null,
        "collectedAt": "2026-09-13T15:06:54.013Z"
      }
    },
    {
      "type": "Feature",
      "id": "gwangjin:security_light:LI9918",
      "geometry": {
        "type": "Point",
        "coordinates": [
          127.0747876,
          37.54649421
        ]
      },
      "properties": {
        "id": "gwangjin:security_light:LI9918",
        "type": "security_light",
        "name": "스마트보안등 LI9918",
        "address": null,
        "purpose": null,
        "managingAgency": "서울특별시 광진구",
        "sourceDatasetId": "gwangjin-smart-security-light",
        "sourceRecordId": "LI9918",
        "sourceUpdatedAt": null,
        "collectedAt": "2026-09-13T15:06:54.013Z"
      }
    },
    {
      "type": "Feature",
      "id": "gwangjin:security_light:LJ0134",
      "geometry": {
        "type": "Point",
        "coordinates": [
          127.0754166,
          37.54584721
        ]
      },
      "properties": {
        "id": "gwangjin:security_light:LJ0134",
        "type": "security_light",
        "name": "스마트보안등 LJ0134",
        "address": null,
        "purpose": null,
        "managingAgency": "서울특별시 광진구",
        "sourceDatasetId": "gwangjin-smart-security-light",
        "sourceRecordId": "LJ0134",
        "sourceUpdatedAt": null,
        "collectedAt": "2026-09-13T15:06:54.013Z"
      }
    },
    {
      "type": "Feature",
      "id": "gwangjin:security_light:LJ0322",
      "geometry": {
        "type": "Point",
        "coordinates": [
          127.0756306,
          37.54555721
        ]
      },
      "properties": {
        "id": "gwangjin:security_light:LJ0322",
        "type": "security_light",
        "name": "스마트보안등 LJ0322",
        "address": null,
        "purpose": null,
        "managingAgency": "서울특별시 광진구",
        "sourceDatasetId": "gwangjin-smart-security-light",
        "sourceRecordId": "LJ0322",
        "sourceUpdatedAt": null,
        "collectedAt": "2026-09-13T15:06:54.013Z"
      }
    },
    {
      "type": "Feature",
      "id": "gwangjin:security_light:LJ0346",
      "geometry": {
        "type": "Point",
        "coordinates": [
          127.0758266,
          37.54582421
        ]
      },
      "properties": {
        "id": "gwangjin:security_light:LJ0346",
        "type": "security_light",
        "name": "스마트보안등 LJ0346",
        "address": null,
        "purpose": null,
        "managingAgency": "서울특별시 광진구",
        "sourceDatasetId": "gwangjin-smart-security-light",
        "sourceRecordId": "LJ0346",
        "sourceUpdatedAt": null,
        "collectedAt": "2026-09-13T15:06:54.013Z"
      }
    },
    {
      "type": "Feature",
      "id": "gwangjin:security_light:LJ0405",
      "geometry": {
        "type": "Point",
        "coordinates": [
          127.0734146,
          37.54483221
        ]
      },
      "properties": {
        "id": "gwangjin:security_light:LJ0405",
        "type": "security_light",
        "name": "스마트보안등 LJ0405",
        "address": null,
        "purpose": null,
        "managingAgency": "서울특별시 광진구",
        "sourceDatasetId": "gwangjin-smart-security-light",
        "sourceRecordId": "LJ0405",
        "sourceUpdatedAt": null,
        "collectedAt": "2026-09-13T15:06:54.013Z"
      }
    },
    {
      "type": "Feature",
      "id": "gwangjin:security_light:LJ0590",
      "geometry": {
        "type": "Point",
        "coordinates": [
          127.0737656,
          37.54544421
        ]
      },
      "properties": {
        "id": "gwangjin:security_light:LJ0590",
        "type": "security_light",
        "name": "스마트보안등 LJ0590",
        "address": null,
        "purpose": null,
        "managingAgency": "서울특별시 광진구",
        "sourceDatasetId": "gwangjin-smart-security-light",
        "sourceRecordId": "LJ0590",
        "sourceUpdatedAt": null,
        "collectedAt": "2026-09-13T15:06:54.013Z"
      }
    },
    {
      "type": "Feature",
      "id": "gwangjin:security_light:LJ2153",
      "geometry": {
        "type": "Point",
        "coordinates": [
          127.0660576,
          37.53756521
        ]
      },
      "properties": {
        "id": "gwangjin:security_light:LJ2153",
        "type": "security_light",
        "name": "스마트보안등 LJ2153",
        "address": null,
        "purpose": null,
        "managingAgency": "서울특별시 광진구",
        "sourceDatasetId": "gwangjin-smart-security-light",
        "sourceRecordId": "LJ2153",
        "sourceUpdatedAt": null,
        "collectedAt": "2026-09-13T15:06:54.013Z"
      }
    },
    {
      "type": "Feature",
      "id": "gwangjin:security_light:LJ2163",
      "geometry": {
        "type": "Point",
        "coordinates": [
          127.0683986,
          37.54237821
        ]
      },
      "properties": {
        "id": "gwangjin:security_light:LJ2163",
        "type": "security_light",
        "name": "스마트보안등 LJ2163",
        "address": null,
        "purpose": null,
        "managingAgency": "서울특별시 광진구",
        "sourceDatasetId": "gwangjin-smart-security-light",
        "sourceRecordId": "LJ2163",
        "sourceUpdatedAt": null,
        "collectedAt": "2026-09-13T15:06:54.013Z"
      }
    },
    {
      "type": "Feature",
      "id": "gwangjin:security_light:LJ2166",
      "geometry": {
        "type": "Point",
        "coordinates": [
          127.068707,
          37.54217624
        ]
      },
      "properties": {
        "id": "gwangjin:security_light:LJ2166",
        "type": "security_light",
        "name": "스마트보안등 LJ2166",
        "address": null,
        "purpose": null,
        "managingAgency": "서울특별시 광진구",
        "sourceDatasetId": "gwangjin-smart-security-light",
        "sourceRecordId": "LJ2166",
        "sourceUpdatedAt": null,
        "collectedAt": "2026-09-13T15:06:54.013Z"
      }
    },
    {
      "type": "Feature",
      "id": "gwangjin:security_light:LJ2168",
      "geometry": {
        "type": "Point",
        "coordinates": [
          127.0685576,
          37.54207821
        ]
      },
      "properties": {
        "id": "gwangjin:security_light:LJ2168",
        "type": "security_light",
        "name": "스마트보안등 LJ2168",
        "address": null,
        "purpose": null,
        "managingAgency": "서울특별시 광진구",
        "sourceDatasetId": "gwangjin-smart-security-light",
        "sourceRecordId": "LJ2168",
        "sourceUpdatedAt": null,
        "collectedAt": "2026-09-13T15:06:54.013Z"
      }
    },
    {
      "type": "Feature",
      "id": "gwangjin:security_light:LJ2169",
      "geometry": {
        "type": "Point",
        "coordinates": [
          127.0658796,
          37.53878621
        ]
      },
      "properties": {
        "id": "gwangjin:security_light:LJ2169",
        "type": "security_light",
        "name": "스마트보안등 LJ2169",
        "address": null,
        "purpose": null,
        "managingAgency": "서울특별시 광진구",
        "sourceDatasetId": "gwangjin-smart-security-light",
        "sourceRecordId": "LJ2169",
        "sourceUpdatedAt": null,
        "collectedAt": "2026-09-13T15:06:54.013Z"
      }
    },
    {
      "type": "Feature",
      "id": "gwangjin:security_light:LJ2170",
      "geometry": {
        "type": "Point",
        "coordinates": [
          127.0654917,
          37.54340914
        ]
      },
      "properties": {
        "id": "gwangjin:security_light:LJ2170",
        "type": "security_light",
        "name": "스마트보안등 LJ2170",
        "address": null,
        "purpose": null,
        "managingAgency": "서울특별시 광진구",
        "sourceDatasetId": "gwangjin-smart-security-light",
        "sourceRecordId": "LJ2170",
        "sourceUpdatedAt": null,
        "collectedAt": "2026-09-13T15:06:54.013Z"
      }
    },
    {
      "type": "Feature",
      "id": "gwangjin:security_light:LJ2171",
      "geometry": {
        "type": "Point",
        "coordinates": [
          127.0660536,
          37.53736521
        ]
      },
      "properties": {
        "id": "gwangjin:security_light:LJ2171",
        "type": "security_light",
        "name": "스마트보안등 LJ2171",
        "address": null,
        "purpose": null,
        "managingAgency": "서울특별시 광진구",
        "sourceDatasetId": "gwangjin-smart-security-light",
        "sourceRecordId": "LJ2171",
        "sourceUpdatedAt": null,
        "collectedAt": "2026-09-13T15:06:54.013Z"
      }
    },
    {
      "type": "Feature",
      "id": "gwangjin:security_light:LJ2172",
      "geometry": {
        "type": "Point",
        "coordinates": [
          127.0680356,
          37.54217321
        ]
      },
      "properties": {
        "id": "gwangjin:security_light:LJ2172",
        "type": "security_light",
        "name": "스마트보안등 LJ2172",
        "address": null,
        "purpose": null,
        "managingAgency": "서울특별시 광진구",
        "sourceDatasetId": "gwangjin-smart-security-light",
        "sourceRecordId": "LJ2172",
        "sourceUpdatedAt": null,
        "collectedAt": "2026-09-13T15:06:54.013Z"
      }
    },
    {
      "type": "Feature",
      "id": "gwangjin:security_light:LJ2175",
      "geometry": {
        "type": "Point",
        "coordinates": [
          127.0666973,
          37.54553114
        ]
      },
      "properties": {
        "id": "gwangjin:security_light:LJ2175",
        "type": "security_light",
        "name": "스마트보안등 LJ2175",
        "address": null,
        "purpose": null,
        "managingAgency": "서울특별시 광진구",
        "sourceDatasetId": "gwangjin-smart-security-light",
        "sourceRecordId": "LJ2175",
        "sourceUpdatedAt": null,
        "collectedAt": "2026-09-13T15:06:54.013Z"
      }
    },
    {
      "type": "Feature",
      "id": "gwangjin:security_light:LJ2176",
      "geometry": {
        "type": "Point",
        "coordinates": [
          127.0674156,
          37.54555064
        ]
      },
      "properties": {
        "id": "gwangjin:security_light:LJ2176",
        "type": "security_light",
        "name": "스마트보안등 LJ2176",
        "address": null,
        "purpose": null,
        "managingAgency": "서울특별시 광진구",
        "sourceDatasetId": "gwangjin-smart-security-light",
        "sourceRecordId": "LJ2176",
        "sourceUpdatedAt": null,
        "collectedAt": "2026-09-13T15:06:54.013Z"
      }
    },
    {
      "type": "Feature",
      "id": "gwangjin:security_light:LJ2177",
      "geometry": {
        "type": "Point",
        "coordinates": [
          127.066035,
          37.54317204
        ]
      },
      "properties": {
        "id": "gwangjin:security_light:LJ2177",
        "type": "security_light",
        "name": "스마트보안등 LJ2177",
        "address": null,
        "purpose": null,
        "managingAgency": "서울특별시 광진구",
        "sourceDatasetId": "gwangjin-smart-security-light",
        "sourceRecordId": "LJ2177",
        "sourceUpdatedAt": null,
        "collectedAt": "2026-09-13T15:06:54.013Z"
      }
    },
    {
      "type": "Feature",
      "id": "gwangjin:security_light:LJ2178",
      "geometry": {
        "type": "Point",
        "coordinates": [
          127.0663726,
          37.54560021
        ]
      },
      "properties": {
        "id": "gwangjin:security_light:LJ2178",
        "type": "security_light",
        "name": "스마트보안등 LJ2178",
        "address": null,
        "purpose": null,
        "managingAgency": "서울특별시 광진구",
        "sourceDatasetId": "gwangjin-smart-security-light",
        "sourceRecordId": "LJ2178",
        "sourceUpdatedAt": null,
        "collectedAt": "2026-09-13T15:06:54.013Z"
      }
    },
    {
      "type": "Feature",
      "id": "gwangjin:security_light:LJ2182",
      "geometry": {
        "type": "Point",
        "coordinates": [
          127.0654316,
          37.54258721
        ]
      },
      "properties": {
        "id": "gwangjin:security_light:LJ2182",
        "type": "security_light",
        "name": "스마트보안등 LJ2182",
        "address": null,
        "purpose": null,
        "managingAgency": "서울특별시 광진구",
        "sourceDatasetId": "gwangjin-smart-security-light",
        "sourceRecordId": "LJ2182",
        "sourceUpdatedAt": null,
        "collectedAt": "2026-09-13T15:06:54.013Z"
      }
    },
    {
      "type": "Feature",
      "id": "gwangjin:security_light:LJ2183",
      "geometry": {
        "type": "Point",
        "coordinates": [
          127.06575938,
          37.5425423
        ]
      },
      "properties": {
        "id": "gwangjin:security_light:LJ2183",
        "type": "security_light",
        "name": "스마트보안등 LJ2183",
        "address": null,
        "purpose": null,
        "managingAgency": "서울특별시 광진구",
        "sourceDatasetId": "gwangjin-smart-security-light",
        "sourceRecordId": "LJ2183",
        "sourceUpdatedAt": null,
        "collectedAt": "2026-09-13T15:06:54.013Z"
      }
    },
    {
      "type": "Feature",
      "id": "gwangjin:security_light:LJ2186",
      "geometry": {
        "type": "Point",
        "coordinates": [
          127.0656258,
          37.54352394
        ]
      },
      "properties": {
        "id": "gwangjin:security_light:LJ2186",
        "type": "security_light",
        "name": "스마트보안등 LJ2186",
        "address": null,
        "purpose": null,
        "managingAgency": "서울특별시 광진구",
        "sourceDatasetId": "gwangjin-smart-security-light",
        "sourceRecordId": "LJ2186",
        "sourceUpdatedAt": null,
        "collectedAt": "2026-09-13T15:06:54.013Z"
      }
    },
    {
      "type": "Feature",
      "id": "gwangjin:security_light:LJ2187",
      "geometry": {
        "type": "Point",
        "coordinates": [
          127.0663766,
          37.53867021
        ]
      },
      "properties": {
        "id": "gwangjin:security_light:LJ2187",
        "type": "security_light",
        "name": "스마트보안등 LJ2187",
        "address": null,
        "purpose": null,
        "managingAgency": "서울특별시 광진구",
        "sourceDatasetId": "gwangjin-smart-security-light",
        "sourceRecordId": "LJ2187",
        "sourceUpdatedAt": null,
        "collectedAt": "2026-09-13T15:06:54.013Z"
      }
    },
    {
      "type": "Feature",
      "id": "gwangjin:security_light:LJ2188",
      "geometry": {
        "type": "Point",
        "coordinates": [
          127.0662056,
          37.53859021
        ]
      },
      "properties": {
        "id": "gwangjin:security_light:LJ2188",
        "type": "security_light",
        "name": "스마트보안등 LJ2188",
        "address": null,
        "purpose": null,
        "managingAgency": "서울특별시 광진구",
        "sourceDatasetId": "gwangjin-smart-security-light",
        "sourceRecordId": "LJ2188",
        "sourceUpdatedAt": null,
        "collectedAt": "2026-09-13T15:06:54.013Z"
      }
    },
    {
      "type": "Feature",
      "id": "gwangjin:security_light:LJ2191",
      "geometry": {
        "type": "Point",
        "coordinates": [
          127.0655346,
          37.53865621
        ]
      },
      "properties": {
        "id": "gwangjin:security_light:LJ2191",
        "type": "security_light",
        "name": "스마트보안등 LJ2191",
        "address": null,
        "purpose": null,
        "managingAgency": "서울특별시 광진구",
        "sourceDatasetId": "gwangjin-smart-security-light",
        "sourceRecordId": "LJ2191",
        "sourceUpdatedAt": null,
        "collectedAt": "2026-09-13T15:06:54.013Z"
      }
    },
    {
      "type": "Feature",
      "id": "gwangjin:security_light:LJ2195",
      "geometry": {
        "type": "Point",
        "coordinates": [
          127.0657346,
          37.53811321
        ]
      },
      "properties": {
        "id": "gwangjin:security_light:LJ2195",
        "type": "security_light",
        "name": "스마트보안등 LJ2195",
        "address": null,
        "purpose": null,
        "managingAgency": "서울특별시 광진구",
        "sourceDatasetId": "gwangjin-smart-security-light",
        "sourceRecordId": "LJ2195",
        "sourceUpdatedAt": null,
        "collectedAt": "2026-09-13T15:06:54.013Z"
      }
    },
    {
      "type": "Feature",
      "id": "gwangjin:security_light:LJ2197",
      "geometry": {
        "type": "Point",
        "coordinates": [
          127.0678576,
          37.54636321
        ]
      },
      "properties": {
        "id": "gwangjin:security_light:LJ2197",
        "type": "security_light",
        "name": "스마트보안등 LJ2197",
        "address": null,
        "purpose": null,
        "managingAgency": "서울특별시 광진구",
        "sourceDatasetId": "gwangjin-smart-security-light",
        "sourceRecordId": "LJ2197",
        "sourceUpdatedAt": null,
        "collectedAt": "2026-09-13T15:06:54.013Z"
      }
    },
    {
      "type": "Feature",
      "id": "gwangjin:security_light:LJ2198",
      "geometry": {
        "type": "Point",
        "coordinates": [
          127.0660086,
          37.53871221
        ]
      },
      "properties": {
        "id": "gwangjin:security_light:LJ2198",
        "type": "security_light",
        "name": "스마트보안등 LJ2198",
        "address": null,
        "purpose": null,
        "managingAgency": "서울특별시 광진구",
        "sourceDatasetId": "gwangjin-smart-security-light",
        "sourceRecordId": "LJ2198",
        "sourceUpdatedAt": null,
        "collectedAt": "2026-09-13T15:06:54.013Z"
      }
    },
    {
      "type": "Feature",
      "id": "gwangjin:security_light:LJ2200",
      "geometry": {
        "type": "Point",
        "coordinates": [
          127.0665146,
          37.53883421
        ]
      },
      "properties": {
        "id": "gwangjin:security_light:LJ2200",
        "type": "security_light",
        "name": "스마트보안등 LJ2200",
        "address": null,
        "purpose": null,
        "managingAgency": "서울특별시 광진구",
        "sourceDatasetId": "gwangjin-smart-security-light",
        "sourceRecordId": "LJ2200",
        "sourceUpdatedAt": null,
        "collectedAt": "2026-09-13T15:06:54.013Z"
      }
    },
    {
      "type": "Feature",
      "id": "gwangjin:security_light:LJ2205",
      "geometry": {
        "type": "Point",
        "coordinates": [
          127.0693886,
          37.54297221
        ]
      },
      "properties": {
        "id": "gwangjin:security_light:LJ2205",
        "type": "security_light",
        "name": "스마트보안등 LJ2205",
        "address": null,
        "purpose": null,
        "managingAgency": "서울특별시 광진구",
        "sourceDatasetId": "gwangjin-smart-security-light",
        "sourceRecordId": "LJ2205",
        "sourceUpdatedAt": null,
        "collectedAt": "2026-09-13T15:06:54.013Z"
      }
    },
    {
      "type": "Feature",
      "id": "gwangjin:security_light:LJ2206",
      "geometry": {
        "type": "Point",
        "coordinates": [
          127.0626976,
          37.53895021
        ]
      },
      "properties": {
        "id": "gwangjin:security_light:LJ2206",
        "type": "security_light",
        "name": "스마트보안등 LJ2206",
        "address": null,
        "purpose": null,
        "managingAgency": "서울특별시 광진구",
        "sourceDatasetId": "gwangjin-smart-security-light",
        "sourceRecordId": "LJ2206",
        "sourceUpdatedAt": null,
        "collectedAt": "2026-09-13T15:06:54.013Z"
      }
    },
    {
      "type": "Feature",
      "id": "gwangjin:security_light:LJ2207",
      "geometry": {
        "type": "Point",
        "coordinates": [
          127.0681883,
          37.54239694
        ]
      },
      "properties": {
        "id": "gwangjin:security_light:LJ2207",
        "type": "security_light",
        "name": "스마트보안등 LJ2207",
        "address": null,
        "purpose": null,
        "managingAgency": "서울특별시 광진구",
        "sourceDatasetId": "gwangjin-smart-security-light",
        "sourceRecordId": "LJ2207",
        "sourceUpdatedAt": null,
        "collectedAt": "2026-09-13T15:06:54.013Z"
      }
    },
    {
      "type": "Feature",
      "id": "gwangjin:security_light:LJ2209",
      "geometry": {
        "type": "Point",
        "coordinates": [
          127.0650516,
          37.53909321
        ]
      },
      "properties": {
        "id": "gwangjin:security_light:LJ2209",
        "type": "security_light",
        "name": "스마트보안등 LJ2209",
        "address": null,
        "purpose": null,
        "managingAgency": "서울특별시 광진구",
        "sourceDatasetId": "gwangjin-smart-security-light",
        "sourceRecordId": "LJ2209",
        "sourceUpdatedAt": null,
        "collectedAt": "2026-09-13T15:06:54.013Z"
      }
    },
    {
      "type": "Feature",
      "id": "gwangjin:security_light:LJ2210",
      "geometry": {
        "type": "Point",
        "coordinates": [
          127.0651616,
          37.53918421
        ]
      },
      "properties": {
        "id": "gwangjin:security_light:LJ2210",
        "type": "security_light",
        "name": "스마트보안등 LJ2210",
        "address": null,
        "purpose": null,
        "managingAgency": "서울특별시 광진구",
        "sourceDatasetId": "gwangjin-smart-security-light",
        "sourceRecordId": "LJ2210",
        "sourceUpdatedAt": null,
        "collectedAt": "2026-09-13T15:06:54.013Z"
      }
    },
    {
      "type": "Feature",
      "id": "gwangjin:security_light:LJ2211",
      "geometry": {
        "type": "Point",
        "coordinates": [
          127.0651186,
          37.53895921
        ]
      },
      "properties": {
        "id": "gwangjin:security_light:LJ2211",
        "type": "security_light",
        "name": "스마트보안등 LJ2211",
        "address": null,
        "purpose": null,
        "managingAgency": "서울특별시 광진구",
        "sourceDatasetId": "gwangjin-smart-security-light",
        "sourceRecordId": "LJ2211",
        "sourceUpdatedAt": null,
        "collectedAt": "2026-09-13T15:06:54.013Z"
      }
    },
    {
      "type": "Feature",
      "id": "gwangjin:security_light:LJ2212",
      "geometry": {
        "type": "Point",
        "coordinates": [
          127.0680346,
          37.54201721
        ]
      },
      "properties": {
        "id": "gwangjin:security_light:LJ2212",
        "type": "security_light",
        "name": "스마트보안등 LJ2212",
        "address": null,
        "purpose": null,
        "managingAgency": "서울특별시 광진구",
        "sourceDatasetId": "gwangjin-smart-security-light",
        "sourceRecordId": "LJ2212",
        "sourceUpdatedAt": null,
        "collectedAt": "2026-09-13T15:06:54.013Z"
      }
    },
    {
      "type": "Feature",
      "id": "gwangjin:security_light:LJ2213",
      "geometry": {
        "type": "Point",
        "coordinates": [
          127.0652662,
          37.53938074
        ]
      },
      "properties": {
        "id": "gwangjin:security_light:LJ2213",
        "type": "security_light",
        "name": "스마트보안등 LJ2213",
        "address": null,
        "purpose": null,
        "managingAgency": "서울특별시 광진구",
        "sourceDatasetId": "gwangjin-smart-security-light",
        "sourceRecordId": "LJ2213",
        "sourceUpdatedAt": null,
        "collectedAt": "2026-09-13T15:06:54.013Z"
      }
    },
    {
      "type": "Feature",
      "id": "gwangjin:security_light:LJ2218",
      "geometry": {
        "type": "Point",
        "coordinates": [
          127.0677566,
          37.54623804
        ]
      },
      "properties": {
        "id": "gwangjin:security_light:LJ2218",
        "type": "security_light",
        "name": "스마트보안등 LJ2218",
        "address": null,
        "purpose": null,
        "managingAgency": "서울특별시 광진구",
        "sourceDatasetId": "gwangjin-smart-security-light",
        "sourceRecordId": "LJ2218",
        "sourceUpdatedAt": null,
        "collectedAt": "2026-09-13T15:06:54.013Z"
      }
    },
    {
      "type": "Feature",
      "id": "gwangjin:security_light:LJ2219",
      "geometry": {
        "type": "Point",
        "coordinates": [
          127.0657603,
          37.54375024
        ]
      },
      "properties": {
        "id": "gwangjin:security_light:LJ2219",
        "type": "security_light",
        "name": "스마트보안등 LJ2219",
        "address": null,
        "purpose": null,
        "managingAgency": "서울특별시 광진구",
        "sourceDatasetId": "gwangjin-smart-security-light",
        "sourceRecordId": "LJ2219",
        "sourceUpdatedAt": null,
        "collectedAt": "2026-09-13T15:06:54.013Z"
      }
    },
    {
      "type": "Feature",
      "id": "gwangjin:security_light:LJ2220",
      "geometry": {
        "type": "Point",
        "coordinates": [
          127.0682386,
          37.54189321
        ]
      },
      "properties": {
        "id": "gwangjin:security_light:LJ2220",
        "type": "security_light",
        "name": "스마트보안등 LJ2220",
        "address": null,
        "purpose": null,
        "managingAgency": "서울특별시 광진구",
        "sourceDatasetId": "gwangjin-smart-security-light",
        "sourceRecordId": "LJ2220",
        "sourceUpdatedAt": null,
        "collectedAt": "2026-09-13T15:06:54.013Z"
      }
    },
    {
      "type": "Feature",
      "id": "gwangjin:security_light:LJ2222",
      "geometry": {
        "type": "Point",
        "coordinates": [
          127.0657708,
          37.53793884
        ]
      },
      "properties": {
        "id": "gwangjin:security_light:LJ2222",
        "type": "security_light",
        "name": "스마트보안등 LJ2222",
        "address": null,
        "purpose": null,
        "managingAgency": "서울특별시 광진구",
        "sourceDatasetId": "gwangjin-smart-security-light",
        "sourceRecordId": "LJ2222",
        "sourceUpdatedAt": null,
        "collectedAt": "2026-09-13T15:06:54.013Z"
      }
    },
    {
      "type": "Feature",
      "id": "gwangjin:security_light:LJ2225",
      "geometry": {
        "type": "Point",
        "coordinates": [
          127.0656026,
          37.53874321
        ]
      },
      "properties": {
        "id": "gwangjin:security_light:LJ2225",
        "type": "security_light",
        "name": "스마트보안등 LJ2225",
        "address": null,
        "purpose": null,
        "managingAgency": "서울특별시 광진구",
        "sourceDatasetId": "gwangjin-smart-security-light",
        "sourceRecordId": "LJ2225",
        "sourceUpdatedAt": null,
        "collectedAt": "2026-09-13T15:06:54.013Z"
      }
    },
    {
      "type": "Feature",
      "id": "gwangjin:security_light:LJ7145",
      "geometry": {
        "type": "Point",
        "coordinates": [
          127.0657466,
          37.53870721
        ]
      },
      "properties": {
        "id": "gwangjin:security_light:LJ7145",
        "type": "security_light",
        "name": "스마트보안등 LJ7145",
        "address": null,
        "purpose": null,
        "managingAgency": "서울특별시 광진구",
        "sourceDatasetId": "gwangjin-smart-security-light",
        "sourceRecordId": "LJ7145",
        "sourceUpdatedAt": null,
        "collectedAt": "2026-09-13T15:06:54.013Z"
      }
    },
    {
      "type": "Feature",
      "id": "gwangjin:security_light:LJ7146",
      "geometry": {
        "type": "Point",
        "coordinates": [
          127.0661957,
          37.53783454
        ]
      },
      "properties": {
        "id": "gwangjin:security_light:LJ7146",
        "type": "security_light",
        "name": "스마트보안등 LJ7146",
        "address": null,
        "purpose": null,
        "managingAgency": "서울특별시 광진구",
        "sourceDatasetId": "gwangjin-smart-security-light",
        "sourceRecordId": "LJ7146",
        "sourceUpdatedAt": null,
        "collectedAt": "2026-09-13T15:06:54.013Z"
      }
    },
    {
      "type": "Feature",
      "id": "gwangjin:security_light:LJ7148",
      "geometry": {
        "type": "Point",
        "coordinates": [
          127.0667446,
          37.53867821
        ]
      },
      "properties": {
        "id": "gwangjin:security_light:LJ7148",
        "type": "security_light",
        "name": "스마트보안등 LJ7148",
        "address": null,
        "purpose": null,
        "managingAgency": "서울특별시 광진구",
        "sourceDatasetId": "gwangjin-smart-security-light",
        "sourceRecordId": "LJ7148",
        "sourceUpdatedAt": null,
        "collectedAt": "2026-09-13T15:06:54.013Z"
      }
    },
    {
      "type": "Feature",
      "id": "gwangjin:security_light:LJ7154",
      "geometry": {
        "type": "Point",
        "coordinates": [
          127.0668586,
          37.54559521
        ]
      },
      "properties": {
        "id": "gwangjin:security_light:LJ7154",
        "type": "security_light",
        "name": "스마트보안등 LJ7154",
        "address": null,
        "purpose": null,
        "managingAgency": "서울특별시 광진구",
        "sourceDatasetId": "gwangjin-smart-security-light",
        "sourceRecordId": "LJ7154",
        "sourceUpdatedAt": null,
        "collectedAt": "2026-09-13T15:06:54.013Z"
      }
    },
    {
      "type": "Feature",
      "id": "gwangjin:security_light:LJ7155",
      "geometry": {
        "type": "Point",
        "coordinates": [
          127.0668626,
          37.54571414
        ]
      },
      "properties": {
        "id": "gwangjin:security_light:LJ7155",
        "type": "security_light",
        "name": "스마트보안등 LJ7155",
        "address": null,
        "purpose": null,
        "managingAgency": "서울특별시 광진구",
        "sourceDatasetId": "gwangjin-smart-security-light",
        "sourceRecordId": "LJ7155",
        "sourceUpdatedAt": null,
        "collectedAt": "2026-09-13T15:06:54.013Z"
      }
    },
    {
      "type": "Feature",
      "id": "gwangjin:security_light:LJ7159",
      "geometry": {
        "type": "Point",
        "coordinates": [
          127.0687099,
          37.54217715
        ]
      },
      "properties": {
        "id": "gwangjin:security_light:LJ7159",
        "type": "security_light",
        "name": "스마트보안등 LJ7159",
        "address": null,
        "purpose": null,
        "managingAgency": "서울특별시 광진구",
        "sourceDatasetId": "gwangjin-smart-security-light",
        "sourceRecordId": "LJ7159",
        "sourceUpdatedAt": null,
        "collectedAt": "2026-09-13T15:06:54.013Z"
      }
    },
    {
      "type": "Feature",
      "id": "gwangjin:security_light:LJ7160",
      "geometry": {
        "type": "Point",
        "coordinates": [
          127.0658946,
          37.53762821
        ]
      },
      "properties": {
        "id": "gwangjin:security_light:LJ7160",
        "type": "security_light",
        "name": "스마트보안등 LJ7160",
        "address": null,
        "purpose": null,
        "managingAgency": "서울특별시 광진구",
        "sourceDatasetId": "gwangjin-smart-security-light",
        "sourceRecordId": "LJ7160",
        "sourceUpdatedAt": null,
        "collectedAt": "2026-09-13T15:06:54.013Z"
      }
    },
    {
      "type": "Feature",
      "id": "gwangjin:security_light:LJ7161",
      "geometry": {
        "type": "Point",
        "coordinates": [
          127.0672086,
          37.54582121
        ]
      },
      "properties": {
        "id": "gwangjin:security_light:LJ7161",
        "type": "security_light",
        "name": "스마트보안등 LJ7161",
        "address": null,
        "purpose": null,
        "managingAgency": "서울특별시 광진구",
        "sourceDatasetId": "gwangjin-smart-security-light",
        "sourceRecordId": "LJ7161",
        "sourceUpdatedAt": null,
        "collectedAt": "2026-09-13T15:06:54.013Z"
      }
    },
    {
      "type": "Feature",
      "id": "gwangjin:security_light:LJ7164",
      "geometry": {
        "type": "Point",
        "coordinates": [
          127.0641786,
          37.53803021
        ]
      },
      "properties": {
        "id": "gwangjin:security_light:LJ7164",
        "type": "security_light",
        "name": "스마트보안등 LJ7164",
        "address": null,
        "purpose": null,
        "managingAgency": "서울특별시 광진구",
        "sourceDatasetId": "gwangjin-smart-security-light",
        "sourceRecordId": "LJ7164",
        "sourceUpdatedAt": null,
        "collectedAt": "2026-09-13T15:06:54.013Z"
      }
    },
    {
      "type": "Feature",
      "id": "gwangjin:security_light:LJ7165",
      "geometry": {
        "type": "Point",
        "coordinates": [
          127.0675243,
          37.54488254
        ]
      },
      "properties": {
        "id": "gwangjin:security_light:LJ7165",
        "type": "security_light",
        "name": "스마트보안등 LJ7165",
        "address": null,
        "purpose": null,
        "managingAgency": "서울특별시 광진구",
        "sourceDatasetId": "gwangjin-smart-security-light",
        "sourceRecordId": "LJ7165",
        "sourceUpdatedAt": null,
        "collectedAt": "2026-09-13T15:06:54.013Z"
      }
    },
    {
      "type": "Feature",
      "id": "gwangjin:security_light:LJ7168",
      "geometry": {
        "type": "Point",
        "coordinates": [
          127.0666236,
          37.54570821
        ]
      },
      "properties": {
        "id": "gwangjin:security_light:LJ7168",
        "type": "security_light",
        "name": "스마트보안등 LJ7168",
        "address": null,
        "purpose": null,
        "managingAgency": "서울특별시 광진구",
        "sourceDatasetId": "gwangjin-smart-security-light",
        "sourceRecordId": "LJ7168",
        "sourceUpdatedAt": null,
        "collectedAt": "2026-09-13T15:06:54.013Z"
      }
    },
    {
      "type": "Feature",
      "id": "gwangjin:security_light:LJ7173",
      "geometry": {
        "type": "Point",
        "coordinates": [
          127.0657916,
          37.54271321
        ]
      },
      "properties": {
        "id": "gwangjin:security_light:LJ7173",
        "type": "security_light",
        "name": "스마트보안등 LJ7173",
        "address": null,
        "purpose": null,
        "managingAgency": "서울특별시 광진구",
        "sourceDatasetId": "gwangjin-smart-security-light",
        "sourceRecordId": "LJ7173",
        "sourceUpdatedAt": null,
        "collectedAt": "2026-09-13T15:06:54.013Z"
      }
    },
    {
      "type": "Feature",
      "id": "gwangjin:security_light:LJ7174",
      "geometry": {
        "type": "Point",
        "coordinates": [
          127.0662909,
          37.54234024
        ]
      },
      "properties": {
        "id": "gwangjin:security_light:LJ7174",
        "type": "security_light",
        "name": "스마트보안등 LJ7174",
        "address": null,
        "purpose": null,
        "managingAgency": "서울특별시 광진구",
        "sourceDatasetId": "gwangjin-smart-security-light",
        "sourceRecordId": "LJ7174",
        "sourceUpdatedAt": null,
        "collectedAt": "2026-09-13T15:06:54.013Z"
      }
    },
    {
      "type": "Feature",
      "id": "gwangjin:security_light:LJ7175",
      "geometry": {
        "type": "Point",
        "coordinates": [
          127.0665226,
          37.53828221
        ]
      },
      "properties": {
        "id": "gwangjin:security_light:LJ7175",
        "type": "security_light",
        "name": "스마트보안등 LJ7175",
        "address": null,
        "purpose": null,
        "managingAgency": "서울특별시 광진구",
        "sourceDatasetId": "gwangjin-smart-security-light",
        "sourceRecordId": "LJ7175",
        "sourceUpdatedAt": null,
        "collectedAt": "2026-09-13T15:06:54.013Z"
      }
    },
    {
      "type": "Feature",
      "id": "gwangjin:security_light:LJ7176",
      "geometry": {
        "type": "Point",
        "coordinates": [
          127.0672866,
          37.54637821
        ]
      },
      "properties": {
        "id": "gwangjin:security_light:LJ7176",
        "type": "security_light",
        "name": "스마트보안등 LJ7176",
        "address": null,
        "purpose": null,
        "managingAgency": "서울특별시 광진구",
        "sourceDatasetId": "gwangjin-smart-security-light",
        "sourceRecordId": "LJ7176",
        "sourceUpdatedAt": null,
        "collectedAt": "2026-09-13T15:06:54.013Z"
      }
    },
    {
      "type": "Feature",
      "id": "gwangjin:security_light:LJ7177",
      "geometry": {
        "type": "Point",
        "coordinates": [
          127.0662676,
          37.53830421
        ]
      },
      "properties": {
        "id": "gwangjin:security_light:LJ7177",
        "type": "security_light",
        "name": "스마트보안등 LJ7177",
        "address": null,
        "purpose": null,
        "managingAgency": "서울특별시 광진구",
        "sourceDatasetId": "gwangjin-smart-security-light",
        "sourceRecordId": "LJ7177",
        "sourceUpdatedAt": null,
        "collectedAt": "2026-09-13T15:06:54.013Z"
      }
    },
    {
      "type": "Feature",
      "id": "gwangjin:security_light:LJ7178",
      "geometry": {
        "type": "Point",
        "coordinates": [
          127.0684579,
          37.54454394
        ]
      },
      "properties": {
        "id": "gwangjin:security_light:LJ7178",
        "type": "security_light",
        "name": "스마트보안등 LJ7178",
        "address": null,
        "purpose": null,
        "managingAgency": "서울특별시 광진구",
        "sourceDatasetId": "gwangjin-smart-security-light",
        "sourceRecordId": "LJ7178",
        "sourceUpdatedAt": null,
        "collectedAt": "2026-09-13T15:06:54.013Z"
      }
    },
    {
      "type": "Feature",
      "id": "gwangjin:security_light:LJ7179",
      "geometry": {
        "type": "Point",
        "coordinates": [
          127.0663465,
          37.54302654
        ]
      },
      "properties": {
        "id": "gwangjin:security_light:LJ7179",
        "type": "security_light",
        "name": "스마트보안등 LJ7179",
        "address": null,
        "purpose": null,
        "managingAgency": "서울특별시 광진구",
        "sourceDatasetId": "gwangjin-smart-security-light",
        "sourceRecordId": "LJ7179",
        "sourceUpdatedAt": null,
        "collectedAt": "2026-09-13T15:06:54.013Z"
      }
    },
    {
      "type": "Feature",
      "id": "gwangjin:security_light:LJ7181",
      "geometry": {
        "type": "Point",
        "coordinates": [
          127.0666356,
          37.53737921
        ]
      },
      "properties": {
        "id": "gwangjin:security_light:LJ7181",
        "type": "security_light",
        "name": "스마트보안등 LJ7181",
        "address": null,
        "purpose": null,
        "managingAgency": "서울특별시 광진구",
        "sourceDatasetId": "gwangjin-smart-security-light",
        "sourceRecordId": "LJ7181",
        "sourceUpdatedAt": null,
        "collectedAt": "2026-09-13T15:06:54.013Z"
      }
    },
    {
      "type": "Feature",
      "id": "gwangjin:security_light:LJ7183",
      "geometry": {
        "type": "Point",
        "coordinates": [
          127.0655621,
          37.53800964
        ]
      },
      "properties": {
        "id": "gwangjin:security_light:LJ7183",
        "type": "security_light",
        "name": "스마트보안등 LJ7183",
        "address": null,
        "purpose": null,
        "managingAgency": "서울특별시 광진구",
        "sourceDatasetId": "gwangjin-smart-security-light",
        "sourceRecordId": "LJ7183",
        "sourceUpdatedAt": null,
        "collectedAt": "2026-09-13T15:06:54.013Z"
      }
    },
    {
      "type": "Feature",
      "id": "gwangjin:security_light:LJ7186",
      "geometry": {
        "type": "Point",
        "coordinates": [
          127.0657916,
          37.53891321
        ]
      },
      "properties": {
        "id": "gwangjin:security_light:LJ7186",
        "type": "security_light",
        "name": "스마트보안등 LJ7186",
        "address": null,
        "purpose": null,
        "managingAgency": "서울특별시 광진구",
        "sourceDatasetId": "gwangjin-smart-security-light",
        "sourceRecordId": "LJ7186",
        "sourceUpdatedAt": null,
        "collectedAt": "2026-09-13T15:06:54.013Z"
      }
    },
    {
      "type": "Feature",
      "id": "gwangjin:security_light:LJ7190",
      "geometry": {
        "type": "Point",
        "coordinates": [
          127.0658381,
          37.54397664
        ]
      },
      "properties": {
        "id": "gwangjin:security_light:LJ7190",
        "type": "security_light",
        "name": "스마트보안등 LJ7190",
        "address": null,
        "purpose": null,
        "managingAgency": "서울특별시 광진구",
        "sourceDatasetId": "gwangjin-smart-security-light",
        "sourceRecordId": "LJ7190",
        "sourceUpdatedAt": null,
        "collectedAt": "2026-09-13T15:06:54.013Z"
      }
    },
    {
      "type": "Feature",
      "id": "gwangjin:security_light:LJ7191",
      "geometry": {
        "type": "Point",
        "coordinates": [
          127.0677306,
          37.54650321
        ]
      },
      "properties": {
        "id": "gwangjin:security_light:LJ7191",
        "type": "security_light",
        "name": "스마트보안등 LJ7191",
        "address": null,
        "purpose": null,
        "managingAgency": "서울특별시 광진구",
        "sourceDatasetId": "gwangjin-smart-security-light",
        "sourceRecordId": "LJ7191",
        "sourceUpdatedAt": null,
        "collectedAt": "2026-09-13T15:06:54.013Z"
      }
    },
    {
      "type": "Feature",
      "id": "gwangjin:security_light:LJ7193",
      "geometry": {
        "type": "Point",
        "coordinates": [
          127.0654686,
          37.53855321
        ]
      },
      "properties": {
        "id": "gwangjin:security_light:LJ7193",
        "type": "security_light",
        "name": "스마트보안등 LJ7193",
        "address": null,
        "purpose": null,
        "managingAgency": "서울특별시 광진구",
        "sourceDatasetId": "gwangjin-smart-security-light",
        "sourceRecordId": "LJ7193",
        "sourceUpdatedAt": null,
        "collectedAt": "2026-09-13T15:06:54.013Z"
      }
    },
    {
      "type": "Feature",
      "id": "gwangjin:security_light:LJ7195",
      "geometry": {
        "type": "Point",
        "coordinates": [
          127.0662996,
          37.53792121
        ]
      },
      "properties": {
        "id": "gwangjin:security_light:LJ7195",
        "type": "security_light",
        "name": "스마트보안등 LJ7195",
        "address": null,
        "purpose": null,
        "managingAgency": "서울특별시 광진구",
        "sourceDatasetId": "gwangjin-smart-security-light",
        "sourceRecordId": "LJ7195",
        "sourceUpdatedAt": null,
        "collectedAt": "2026-09-13T15:06:54.013Z"
      }
    },
    {
      "type": "Feature",
      "id": "gwangjin:security_light:LJ7196",
      "geometry": {
        "type": "Point",
        "coordinates": [
          127.0662566,
          37.53849621
        ]
      },
      "properties": {
        "id": "gwangjin:security_light:LJ7196",
        "type": "security_light",
        "name": "스마트보안등 LJ7196",
        "address": null,
        "purpose": null,
        "managingAgency": "서울특별시 광진구",
        "sourceDatasetId": "gwangjin-smart-security-light",
        "sourceRecordId": "LJ7196",
        "sourceUpdatedAt": null,
        "collectedAt": "2026-09-13T15:06:54.013Z"
      }
    },
    {
      "type": "Feature",
      "id": "gwangjin:security_light:LJ7197",
      "geometry": {
        "type": "Point",
        "coordinates": [
          127.0664066,
          37.53807621
        ]
      },
      "properties": {
        "id": "gwangjin:security_light:LJ7197",
        "type": "security_light",
        "name": "스마트보안등 LJ7197",
        "address": null,
        "purpose": null,
        "managingAgency": "서울특별시 광진구",
        "sourceDatasetId": "gwangjin-smart-security-light",
        "sourceRecordId": "LJ7197",
        "sourceUpdatedAt": null,
        "collectedAt": "2026-09-13T15:06:54.013Z"
      }
    },
    {
      "type": "Feature",
      "id": "gwangjin:security_light:LJ7198",
      "geometry": {
        "type": "Point",
        "coordinates": [
          127.0649606,
          37.53935021
        ]
      },
      "properties": {
        "id": "gwangjin:security_light:LJ7198",
        "type": "security_light",
        "name": "스마트보안등 LJ7198",
        "address": null,
        "purpose": null,
        "managingAgency": "서울특별시 광진구",
        "sourceDatasetId": "gwangjin-smart-security-light",
        "sourceRecordId": "LJ7198",
        "sourceUpdatedAt": null,
        "collectedAt": "2026-09-13T15:06:54.013Z"
      }
    },
    {
      "type": "Feature",
      "id": "gwangjin:security_light:LJ7200",
      "geometry": {
        "type": "Point",
        "coordinates": [
          127.0686136,
          37.54197621
        ]
      },
      "properties": {
        "id": "gwangjin:security_light:LJ7200",
        "type": "security_light",
        "name": "스마트보안등 LJ7200",
        "address": null,
        "purpose": null,
        "managingAgency": "서울특별시 광진구",
        "sourceDatasetId": "gwangjin-smart-security-light",
        "sourceRecordId": "LJ7200",
        "sourceUpdatedAt": null,
        "collectedAt": "2026-09-13T15:06:54.013Z"
      }
    },
    {
      "type": "Feature",
      "id": "gwangjin:security_light:LJ7202",
      "geometry": {
        "type": "Point",
        "coordinates": [
          127.0646571,
          37.53962454
        ]
      },
      "properties": {
        "id": "gwangjin:security_light:LJ7202",
        "type": "security_light",
        "name": "스마트보안등 LJ7202",
        "address": null,
        "purpose": null,
        "managingAgency": "서울특별시 광진구",
        "sourceDatasetId": "gwangjin-smart-security-light",
        "sourceRecordId": "LJ7202",
        "sourceUpdatedAt": null,
        "collectedAt": "2026-09-13T15:06:54.013Z"
      }
    },
    {
      "type": "Feature",
      "id": "gwangjin:security_light:LJ7203",
      "geometry": {
        "type": "Point",
        "coordinates": [
          127.0679346,
          37.54193221
        ]
      },
      "properties": {
        "id": "gwangjin:security_light:LJ7203",
        "type": "security_light",
        "name": "스마트보안등 LJ7203",
        "address": null,
        "purpose": null,
        "managingAgency": "서울특별시 광진구",
        "sourceDatasetId": "gwangjin-smart-security-light",
        "sourceRecordId": "LJ7203",
        "sourceUpdatedAt": null,
        "collectedAt": "2026-09-13T15:06:54.013Z"
      }
    },
    {
      "type": "Feature",
      "id": "gwangjin:security_light:LJ7204",
      "geometry": {
        "type": "Point",
        "coordinates": [
          127.0682956,
          37.54217321
        ]
      },
      "properties": {
        "id": "gwangjin:security_light:LJ7204",
        "type": "security_light",
        "name": "스마트보안등 LJ7204",
        "address": null,
        "purpose": null,
        "managingAgency": "서울특별시 광진구",
        "sourceDatasetId": "gwangjin-smart-security-light",
        "sourceRecordId": "LJ7204",
        "sourceUpdatedAt": null,
        "collectedAt": "2026-09-13T15:06:54.013Z"
      }
    },
    {
      "type": "Feature",
      "id": "gwangjin:security_light:LJ7209",
      "geometry": {
        "type": "Point",
        "coordinates": [
          127.0678688,
          37.54183304
        ]
      },
      "properties": {
        "id": "gwangjin:security_light:LJ7209",
        "type": "security_light",
        "name": "스마트보안등 LJ7209",
        "address": null,
        "purpose": null,
        "managingAgency": "서울특별시 광진구",
        "sourceDatasetId": "gwangjin-smart-security-light",
        "sourceRecordId": "LJ7209",
        "sourceUpdatedAt": null,
        "collectedAt": "2026-09-13T15:06:54.013Z"
      }
    },
    {
      "type": "Feature",
      "id": "gwangjin:security_light:LJ7210",
      "geometry": {
        "type": "Point",
        "coordinates": [
          127.0659341,
          37.54264984
        ]
      },
      "properties": {
        "id": "gwangjin:security_light:LJ7210",
        "type": "security_light",
        "name": "스마트보안등 LJ7210",
        "address": null,
        "purpose": null,
        "managingAgency": "서울특별시 광진구",
        "sourceDatasetId": "gwangjin-smart-security-light",
        "sourceRecordId": "LJ7210",
        "sourceUpdatedAt": null,
        "collectedAt": "2026-09-13T15:06:54.013Z"
      }
    },
    {
      "type": "Feature",
      "id": "gwangjin:security_light:LJ7211",
      "geometry": {
        "type": "Point",
        "coordinates": [
          127.0679382,
          37.54628384
        ]
      },
      "properties": {
        "id": "gwangjin:security_light:LJ7211",
        "type": "security_light",
        "name": "스마트보안등 LJ7211",
        "address": null,
        "purpose": null,
        "managingAgency": "서울특별시 광진구",
        "sourceDatasetId": "gwangjin-smart-security-light",
        "sourceRecordId": "LJ7211",
        "sourceUpdatedAt": null,
        "collectedAt": "2026-09-13T15:06:54.013Z"
      }
    },
    {
      "type": "Feature",
      "id": "gwangjin:security_light:LJ7219",
      "geometry": {
        "type": "Point",
        "coordinates": [
          127.0665886,
          37.54185121
        ]
      },
      "properties": {
        "id": "gwangjin:security_light:LJ7219",
        "type": "security_light",
        "name": "스마트보안등 LJ7219",
        "address": null,
        "purpose": null,
        "managingAgency": "서울특별시 광진구",
        "sourceDatasetId": "gwangjin-smart-security-light",
        "sourceRecordId": "LJ7219",
        "sourceUpdatedAt": null,
        "collectedAt": "2026-09-13T15:06:54.013Z"
      }
    }
  ]
}
